INFO-FLOW: Workspace C:/XinlinxHLS/tutor3/solution5 opened at Mon May 25 21:58:15 +0700 2026
Execute     ap_set_clock -name default -period 5 -unit ns -default=false 
INFO: [SYN 201-201] Setting up clock 'default' with a period of 5ns.
Execute     set_part xc7k70tfbv676-1 
Execute       create_platform xc7k70tfbv676-1 -board  
DBG:HLSDevice: Trying to load device library: C:/XilinxVivado/Vitis_HLS/2024.1\lib\win64.o\xv_hlsvwrap.dll
DBG:HLSDevice: first parts/arch.xml in RDI_DATADIR: C:/XilinxVivado/Vivado/2024.1/data/parts/arch.xml
DBG:HLSDevice: init success
INFO: [HLS 200-1611] Setting target device to 'xc7k70t-fbv676-1'
Command       create_platform done; 0.808 sec.
Execute       source C:/XilinxVivado/Vitis_HLS/2024.1/common/technology/xilinx/common/xilinx.gen 
Execute         source C:/XilinxVivado/Vitis_HLS/2024.1/common/technology/xilinx/interface/plb46.gen 
Execute         source C:/XilinxVivado/Vitis_HLS/2024.1/common/technology/xilinx/interface/axi4.gen 
Execute         source C:/XilinxVivado/Vitis_HLS/2024.1/common/technology/xilinx/interface/nativeAXI4.gen 
Execute           source C:/XilinxVivado/Vitis_HLS/2024.1/common/technology/xilinx/interface/saxilite.gen 
Execute         source C:/XilinxVivado/Vitis_HLS/2024.1/common/technology/xilinx/scripts/xilinxcoregen.gen 
Execute         source C:/XilinxVivado/Vitis_HLS/2024.1/common/technology/xilinx/interface/XilEDKCoreGen.gen 
Execute         source C:/XilinxVivado/Vitis_HLS/2024.1/common/technology/xilinx/ip/dds_compiler.gen 
Execute         source C:/XilinxVivado/Vitis_HLS/2024.1/common/technology/xilinx/ip/util.gen 
Execute         source C:/XilinxVivado/Vitis_HLS/2024.1/common/technology/xilinx/ip/xfft.gen 
Execute         source C:/XilinxVivado/Vitis_HLS/2024.1/common/technology/xilinx/ip/xfir.gen 
Execute         source C:/XilinxVivado/Vitis_HLS/2024.1/common/technology/xilinx/DSP48/dsp48.gen 
Execute       ap_part_info -name xc7k70t-fbv676-1 -data info 
Execute       config_compile -quiet -complex-mul-dsp=0 
Command     set_part done; 0.921 sec.
Execute     send_msg_by_id INFO @200-1505@%s%s  vivado 
INFO: [HLS 200-1505] Using flow_target 'vivado'
Execute     send_msg_by_id INFO @200-1464@%s config_cosim -rtl=vhdl 
INFO: [HLS 200-1464] Running solution command: config_cosim -rtl=vhdl
Execute     config_cosim -rtl=vhdl 
Execute     send_msg_by_id INFO @200-1464@%s config_cosim -tool=xsim 
INFO: [HLS 200-1464] Running solution command: config_cosim -tool=xsim
Execute     config_cosim -tool=xsim 
Command   open_solution done; 0.966 sec.
Execute   set_part xc7k70tfbv676-1 
INFO: [HLS 200-1510] Running: set_part xc7k70tfbv676-1 
Execute     create_platform xc7k70tfbv676-1 -board  
Command     create_platform done; 0.174 sec.
Execute     source C:/XilinxVivado/Vitis_HLS/2024.1/common/technology/xilinx/common/xilinx.gen 
Execute       source C:/XilinxVivado/Vitis_HLS/2024.1/common/technology/xilinx/interface/plb46.gen 
Execute       source C:/XilinxVivado/Vitis_HLS/2024.1/common/technology/xilinx/interface/axi4.gen 
Execute       source C:/XilinxVivado/Vitis_HLS/2024.1/common/technology/xilinx/interface/nativeAXI4.gen 
Execute         source C:/XilinxVivado/Vitis_HLS/2024.1/common/technology/xilinx/interface/saxilite.gen 
Execute       source C:/XilinxVivado/Vitis_HLS/2024.1/common/technology/xilinx/scripts/xilinxcoregen.gen 
Execute       source C:/XilinxVivado/Vitis_HLS/2024.1/common/technology/xilinx/interface/XilEDKCoreGen.gen 
Execute       source C:/XilinxVivado/Vitis_HLS/2024.1/common/technology/xilinx/ip/dds_compiler.gen 
Execute       source C:/XilinxVivado/Vitis_HLS/2024.1/common/technology/xilinx/ip/util.gen 
Execute       source C:/XilinxVivado/Vitis_HLS/2024.1/common/technology/xilinx/ip/xfft.gen 
Execute       source C:/XilinxVivado/Vitis_HLS/2024.1/common/technology/xilinx/ip/xfir.gen 
Execute       source C:/XilinxVivado/Vitis_HLS/2024.1/common/technology/xilinx/DSP48/dsp48.gen 
Execute     ap_part_info -name xc7k70t-fbv676-1 -data info 
Execute     config_compile -quiet -complex-mul-dsp=0 
Command   set_part done; 0.264 sec.
Execute   create_clock -period 5 -name default 
INFO: [HLS 200-1510] Running: create_clock -period 5 -name default 
Execute   config_cosim -rtl vhdl -tool xsim 
INFO: [HLS 200-1510] Running: config_cosim -rtl vhdl -tool xsim 
Execute   source ./tutor3/solution5/directives.tcl 
INFO: [HLS 200-1510] Running: source ./tutor3/solution5/directives.tcl
Execute     set_directive_top -name matrix_mult matrix_mult 
INFO: [HLS 200-1510] Running: set_directive_top -name matrix_mult matrix_mult 
WARNING: [HLS 200-484] The 'set_directive_top -name' command is deprecated and will be removed in a future release.
WARNING: [HLS 200-484] The 'set_directive_top -location' command is deprecated and will be removed in a future release.
Execute     set_directive_array_reshape -type complete -dim 2 matrix_mult a 
INFO: [HLS 200-1510] Running: set_directive_array_reshape -type complete -dim 2 matrix_mult a 
Execute     set_directive_array_reshape -type complete -dim 1 matrix_mult b 
INFO: [HLS 200-1510] Running: set_directive_array_reshape -type complete -dim 1 matrix_mult b 
Execute     set_directive_pipeline matrix_mult 
INFO: [HLS 200-1510] Running: set_directive_pipeline matrix_mult 
Execute   csynth_design 
INFO: [HLS 200-1510] Running: csynth_design 
INFO-FLOW: Running SLX 'csynth' proc: ::SLX::run_csynth
Execute     elaborate -effort=medium -skip_syncheck=0 -keep_printf=0 -skip_cdt=0 -skip_transform=0 -ng=0 -g=0 -opt_fp=0 -from_csynth_design=1 
INFO: [HLS 200-111] Finished File checks and directory preparation: CPU user time: 0 seconds. CPU system time: 0 seconds. Elapsed time: 0.119 seconds; current allocated memory: 198.543 MB.
Execute       set_directive_top matrix_mult -name=matrix_mult 
Execute       source C:/XilinxVivado/Vitis_HLS/2024.1/tps/tcl/tcllib1.11.1/yaml/huddle.tcl 
Execute       source C:/XilinxVivado/Vitis_HLS/2024.1/tps/tcl/tcllib1.11.1/yaml/json2huddle.tcl 
Execute         source C:/XilinxVivado/Vitis_HLS/2024.1/tps/tcl/tcllib1.11.1/try/try.tcl 
INFO: [HLS 200-10] Analyzing design file 'matrix_mult.cpp' ... 
INFO-FLOW: Compiling one TU...
INFO-FLOW: Handling matrix_mult.cpp as C++
Execute       ap_part_info -name xc7k70t-fbv676-1 -data info 
INFO-FLOW: Running: GCC PP 39
INFO-FLOW: Source preprocessing
INFO-FLOW: run_clang exec: C:/XilinxVivado/Vitis_HLS/2024.1/win64/tools/clang-3.9-csynth/bin/clang matrix_mult.cpp -foptimization-record-file=C:/XinlinxHLS/tutor3/solution5/.autopilot/db/matrix_mult.cpp.clang.diag.yml -mllvm -pass-remarks-missed=reflow|pasta|unroll -mllvm -pass-remarks=reflow|pasta|unroll|inline -fno-limit-debug-info --sysroot C:/XilinxVivado/Vitis_HLS/2024.1/tps/mingw/8.3.0/win64.o/nt -fhls -fno-exceptions -insert-hls-directive=C:/XinlinxHLS/tutor3/solution5/.autopilot/db/all.directive.json -E -fno-math-errno -c -emit-llvm -mllvm -disable-llvm-optzns -Werror=implicit-function-declaration -Werror=implicit-hls-streams -Werror=return-type -Wpragmas -Wunused-parameter -Wdump-hls-pragmas -Wno-error=dump-hls-pragmas -hls-clock-period=5 -fno-threadsafe-statics -fno-use-cxa-atexit -std=gnu++14 -target fpga64-xilinx-mingw32 -fno-threadsafe-statics -fno-use-cxa-atexit -D__VITIS_HLS__ -DAESL_SYN -D__SYNTHESIS__ -D__HLS_SYN__ -I C:/XilinxVivado/Vitis_HLS/2024.1/common/technology/autopilot -I C:/XilinxVivado/Vitis_HLS/2024.1/common/technology/autopilot/ap_sysc -include etc/autopilot_ssdm_op.h -D__DSP48E1__ -I /usr/include/x86_64-linux-gnu -o C:/XinlinxHLS/tutor3/solution5/.autopilot/db/matrix_mult.pp.0.cpp {-hls-platform-db-name=C:/XilinxVivado/Vitis_HLS/2024.1\common/technology\xilinx/common/platform.db} -hls-platform-name=kintex7_slow -device-resource-info=BRAM_270.000000_DSP_240.000000_FF_82000.000000_LUT_41000.000000_SLICE_10250.000000_URAM_0.000000 -device-name-info=xc7k70tfbv676-1 > C:/XinlinxHLS/tutor3/solution5/.autopilot/db/matrix_mult.cpp.clang.out.log 2> C:/XinlinxHLS/tutor3/solution5/.autopilot/db/matrix_mult.cpp.clang.err.log
INFO-FLOW: Done: GCC PP 39 time: 0.4 seconds per iteration
INFO-FLOW: Source syntax check for synthesis
INFO-FLOW: run_clang exec: C:/XilinxVivado/Vitis_HLS/2024.1/win64/tools/clang-3.9-csynth/bin/clang -foptimization-record-file=C:/XinlinxHLS/tutor3/solution5/.autopilot/db/clang.diag.yml -mllvm -pass-remarks-missed=reflow|pasta|unroll -mllvm -pass-remarks=reflow|pasta|unroll|inline -fsyntax-only -fhls -target fpga64-xilinx-linux-gnu C:/XinlinxHLS/tutor3/solution5/.autopilot/db/matrix_mult.pp.0.cpp {-hls-platform-db-name=C:/XilinxVivado/Vitis_HLS/2024.1\common/technology\xilinx/common/platform.db} -hls-platform-name=kintex7_slow -device-resource-info=BRAM_270.000000_DSP_240.000000_FF_82000.000000_LUT_41000.000000_SLICE_10250.000000_URAM_0.000000 -device-name-info=xc7k70tfbv676-1 > C:/XinlinxHLS/tutor3/solution5/.autopilot/db/clang.out.log 2> C:/XinlinxHLS/tutor3/solution5/.autopilot/db/clang.err.log
Execute       clang_tidy xilinx-systemc-detector -desc systemc-detector C:/XinlinxHLS/tutor3/solution5/.autopilot/db/matrix_mult.pp.0.cpp std=gnu++14 -target fpga  -directive=C:/XinlinxHLS/tutor3/solution5/.autopilot/db/.systemc_flag 
INFO-FLOW: exec C:/XilinxVivado/Vitis_HLS/2024.1/win64/tools/clang-3.9-csynth/bin/clang-tidy -header-filter=.* --checks=-*,xilinx-systemc-detector -import-directive=C:/XinlinxHLS/tutor3/solution5/.autopilot/db/.systemc_flag -fix-errors C:/XinlinxHLS/tutor3/solution5/.autopilot/db/matrix_mult.pp.0.cpp -- -std=gnu++14 -target fpga -fhls -ferror-limit=0
INFO-FLOW: Running: clang-tidy CDT preprocess 39
Execute       clang_tidy xilinx-directive2pragma -desc directive2pragma C:/XinlinxHLS/tutor3/solution5/.autopilot/db/matrix_mult.pp.0.cpp std=gnu++14 -target fpga  -directive=C:/XinlinxHLS/tutor3/solution5/.autopilot/db/all.directive.json 
INFO-FLOW: exec C:/XilinxVivado/Vitis_HLS/2024.1/win64/tools/clang-3.9-csynth/bin/clang-tidy -header-filter=.* --checks=-*,xilinx-directive2pragma -import-directive=C:/XinlinxHLS/tutor3/solution5/.autopilot/db/all.directive.json -fix-errors C:/XinlinxHLS/tutor3/solution5/.autopilot/db/matrix_mult.pp.0.cpp -- -std=gnu++14 -target fpga -fhls -ferror-limit=0
INFO-FLOW: Done: clang-tidy CDT preprocess 39 time: 0.1 seconds per iteration
INFO-FLOW: Calling xilinx-label-all-loops ... 
INFO-FLOW: Calling xilinx-aggregate-on-hls-vector ... 
Execute       clang_tidy -errorcheck -desc loop-label xilinx-label-all-loops,xilinx-aggregate-on-hls-vector,,xilinx-warn-mayneed-no-ctor-attribute C:/XinlinxHLS/tutor3/solution5/.autopilot/db/matrix_mult.pp.0.cpp std=gnu++14 -target fpga  
INFO-FLOW: run_clang exec: C:/XilinxVivado/Vitis_HLS/2024.1/win64/tools/clang-3.9-csynth/bin/clang-tidy -export-fixes=C:/XinlinxHLS/tutor3/solution5/.autopilot/db/matrix_mult.pp.0.cpp.clang-tidy.loop-label.diag.yml -header-filter=.* --checks=-*,xilinx-label-all-loops,xilinx-aggregate-on-hls-vector,,xilinx-warn-mayneed-no-ctor-attribute -fix-errors C:/XinlinxHLS/tutor3/solution5/.autopilot/db/matrix_mult.pp.0.cpp -- -std=gnu++14 -target fpga -fhls -ferror-limit=0 > C:/XinlinxHLS/tutor3/solution5/.autopilot/db/matrix_mult.pp.0.cpp.clang-tidy.loop-label.out.log 2> C:/XinlinxHLS/tutor3/solution5/.autopilot/db/matrix_mult.pp.0.cpp.clang-tidy.loop-label.err.log
INFO-FLOW: run_clang exec: C:/XilinxVivado/Vitis_HLS/2024.1/win64/tools/clang-3.9-csynth/bin/xilinx-dataflow-lawyer -export-fixes=C:/XinlinxHLS/tutor3/solution5/.autopilot/db/matrix_mult.pp.0.cpp.xilinx-dataflow-lawyer.diag.yml C:/XinlinxHLS/tutor3/solution5/.autopilot/db/matrix_mult.pp.0.cpp -- -std=gnu++14 -target fpga -fhls -ferror-limit=0 -fstrict-dataflow > C:/XinlinxHLS/tutor3/solution5/.autopilot/db/matrix_mult.pp.0.cpp.xilinx-dataflow-lawyer.out.log 2> C:/XinlinxHLS/tutor3/solution5/.autopilot/db/matrix_mult.pp.0.cpp.xilinx-dataflow-lawyer.err.log
Execute       ap_part_info -name xc7k70t-fbv676-1 -data info 
INFO-FLOW: compiling source code to llvm bc
INFO-FLOW: run_clang exec: C:/XilinxVivado/Vitis_HLS/2024.1/win64/tools/clang-3.9-csynth/bin/clang -foptimization-record-file=C:/XinlinxHLS/tutor3/solution5/.autopilot/db/matrix_mult.pp.0.cpp.clang.diag.yml -mllvm -pass-remarks-missed=reflow|pasta|unroll -mllvm -pass-remarks=reflow|pasta|unroll|inline -fno-limit-debug-info -fhls -flto -fno-exceptions -Wno-error=c++11-narrowing -hls-emit-hint-scope C:/XinlinxHLS/tutor3/solution5/.autopilot/db/matrix_mult.pp.0.cpp -fno-math-errno -c -emit-llvm -mllvm -disable-llvm-optzns -Werror=implicit-function-declaration -Werror=implicit-hls-streams -Werror=return-type -Wpragmas -Wunused-parameter -Wdump-hls-pragmas -Wno-error=dump-hls-pragmas -hls-clock-period=5 -fno-threadsafe-statics -fno-use-cxa-atexit -std=gnu++14 -target fpga64-xilinx-linux-gnu -D__VITIS_HLS__ -DAESL_SYN -D__SYNTHESIS__ -D__HLS_SYN__ -I C:/XilinxVivado/Vitis_HLS/2024.1/common/technology/autopilot -I C:/XilinxVivado/Vitis_HLS/2024.1/common/technology/autopilot/ap_sysc -include etc/autopilot_ssdm_op.h -D__DSP48E1__ -g -o C:/XinlinxHLS/tutor3/solution5/.autopilot/db/matrix_mult.bc {-hls-platform-db-name=C:/XilinxVivado/Vitis_HLS/2024.1\common/technology\xilinx/common/platform.db} -hls-platform-name=kintex7_slow -device-resource-info=BRAM_270.000000_DSP_240.000000_FF_82000.000000_LUT_41000.000000_SLICE_10250.000000_URAM_0.000000 -device-name-info=xc7k70tfbv676-1 > C:/XinlinxHLS/tutor3/solution5/.autopilot/db/matrix_mult.pp.0.cpp.clang.out.log 2> C:/XinlinxHLS/tutor3/solution5/.autopilot/db/matrix_mult.pp.0.cpp.clang.err.log
INFO: [HLS 200-111] Finished Source Code Analysis and Preprocessing: CPU user time: 0 seconds. CPU system time: 0 seconds. Elapsed time: 1.55 seconds; current allocated memory: 200.141 MB.
INFO-FLOW: Linking Debug ...
INFO-FLOW: Linking dut bc code.
Execute       run_link_or_opt -out C:/XinlinxHLS/tutor3/solution5/.autopilot/db/a.g.ld.0.bc -args  "C:/XinlinxHLS/tutor3/solution5/.autopilot/db/matrix_mult.g.bc"  
INFO-FLOW: run_clang exec: C:/XilinxVivado/Vitis_HLS/2024.1/win64/tools/clang-3.9-csynth/bin/llvm-link C:/XinlinxHLS/tutor3/solution5/.autopilot/db/matrix_mult.g.bc -o C:/XinlinxHLS/tutor3/solution5/.autopilot/db/a.g.ld.0.bc > C:/XinlinxHLS/tutor3/solution5/.autopilot/db/a.g.ld.0.bc.llvm-link.out.log 2> C:/XinlinxHLS/tutor3/solution5/.autopilot/db/a.g.ld.0.bc.llvm-link.err.log
INFO-FLOW: 
Execute       run_link_or_opt -opt -out C:/XinlinxHLS/tutor3/solution5/.autopilot/db/a.g.ld.1.lower.bc -args C:/XinlinxHLS/tutor3/solution5/.autopilot/db/a.g.ld.0.bc -reflow-lower-math-intrinsics 
INFO-FLOW: run_clang exec: C:/XilinxVivado/Vitis_HLS/2024.1/win64/tools/clang-3.9-csynth/bin/opt -pass-remarks-missed=reflow|pasta|unroll -pass-remarks=reflow|pasta|unroll|inline -pass-remarks-output=C:/XinlinxHLS/tutor3/solution5/.autopilot/db/a.g.ld.1.lower.bc.opt.diag.yml C:/XinlinxHLS/tutor3/solution5/.autopilot/db/a.g.ld.0.bc -reflow-lower-math-intrinsics -o C:/XinlinxHLS/tutor3/solution5/.autopilot/db/a.g.ld.1.lower.bc > C:/XinlinxHLS/tutor3/solution5/.autopilot/db/a.g.ld.1.lower.bc.opt.out.log 2> C:/XinlinxHLS/tutor3/solution5/.autopilot/db/a.g.ld.1.lower.bc.opt.err.log
INFO-FLOW: 
INFO-FLOW: Running: gen_design_size_report post-opt
INFO-FLOW: Done: gen_design_size_report post-opt time: 0 seconds per iteration
INFO-FLOW: Linking math bc lib
Execute       run_link_or_opt -out C:/XinlinxHLS/tutor3/solution5/.autopilot/db/a.g.ld.2.m1.bc -args C:/XinlinxHLS/tutor3/solution5/.autopilot/db/a.g.ld.1.lower.bc -only-needed C:/XilinxVivado/Vitis_HLS/2024.1/win64/lib/libhlsm_39.bc C:/XilinxVivado/Vitis_HLS/2024.1/win64/lib/libhlsmc++_39.bc 
INFO-FLOW: run_clang exec: C:/XilinxVivado/Vitis_HLS/2024.1/win64/tools/clang-3.9-csynth/bin/llvm-link C:/XinlinxHLS/tutor3/solution5/.autopilot/db/a.g.ld.1.lower.bc -only-needed C:/XilinxVivado/Vitis_HLS/2024.1/win64/lib/libhlsm_39.bc C:/XilinxVivado/Vitis_HLS/2024.1/win64/lib/libhlsmc++_39.bc -o C:/XinlinxHLS/tutor3/solution5/.autopilot/db/a.g.ld.2.m1.bc > C:/XinlinxHLS/tutor3/solution5/.autopilot/db/a.g.ld.2.m1.bc.llvm-link.out.log 2> C:/XinlinxHLS/tutor3/solution5/.autopilot/db/a.g.ld.2.m1.bc.llvm-link.err.log
INFO-FLOW: 
Command       run_link_or_opt done; 1.732 sec.
Execute       run_link_or_opt -opt -out C:/XinlinxHLS/tutor3/solution5/.autopilot/db/a.g.ld.3.fpc.bc -args C:/XinlinxHLS/tutor3/solution5/.autopilot/db/a.g.ld.2.m1.bc -reflow-globaldce -hls-top-function-name=matrix_mult -reflow-float-conversion 
INFO-FLOW: run_clang exec: C:/XilinxVivado/Vitis_HLS/2024.1/win64/tools/clang-3.9-csynth/bin/opt -pass-remarks-missed=reflow|pasta|unroll -pass-remarks=reflow|pasta|unroll|inline -pass-remarks-output=C:/XinlinxHLS/tutor3/solution5/.autopilot/db/a.g.ld.3.fpc.bc.opt.diag.yml C:/XinlinxHLS/tutor3/solution5/.autopilot/db/a.g.ld.2.m1.bc -reflow-globaldce -hls-top-function-name=matrix_mult -reflow-float-conversion -o C:/XinlinxHLS/tutor3/solution5/.autopilot/db/a.g.ld.3.fpc.bc > C:/XinlinxHLS/tutor3/solution5/.autopilot/db/a.g.ld.3.fpc.bc.opt.out.log 2> C:/XinlinxHLS/tutor3/solution5/.autopilot/db/a.g.ld.3.fpc.bc.opt.err.log
INFO-FLOW: 
INFO-FLOW: Running: gen_design_size_report post-opt
INFO-FLOW: Done: gen_design_size_report post-opt time: 0 seconds per iteration
Command       run_link_or_opt done; 0.799 sec.
Execute       run_link_or_opt -out C:/XinlinxHLS/tutor3/solution5/.autopilot/db/a.g.ld.4.m2.bc -args C:/XinlinxHLS/tutor3/solution5/.autopilot/db/a.g.ld.3.fpc.bc -only-needed C:/XilinxVivado/Vitis_HLS/2024.1/win64/lib/libfloatconversion_39.bc 
INFO-FLOW: run_clang exec: C:/XilinxVivado/Vitis_HLS/2024.1/win64/tools/clang-3.9-csynth/bin/llvm-link C:/XinlinxHLS/tutor3/solution5/.autopilot/db/a.g.ld.3.fpc.bc -only-needed C:/XilinxVivado/Vitis_HLS/2024.1/win64/lib/libfloatconversion_39.bc -o C:/XinlinxHLS/tutor3/solution5/.autopilot/db/a.g.ld.4.m2.bc > C:/XinlinxHLS/tutor3/solution5/.autopilot/db/a.g.ld.4.m2.bc.llvm-link.out.log 2> C:/XinlinxHLS/tutor3/solution5/.autopilot/db/a.g.ld.4.m2.bc.llvm-link.err.log
INFO-FLOW: 
Execute       run_link_or_opt -opt -out C:/XinlinxHLS/tutor3/solution5/.autopilot/db/a.g.ld.5.gdce.bc -args C:/XinlinxHLS/tutor3/solution5/.autopilot/db/a.g.ld.4.m2.bc -reflow-globaldce -hls-top-function-name=matrix_mult 
INFO-FLOW: run_clang exec: C:/XilinxVivado/Vitis_HLS/2024.1/win64/tools/clang-3.9-csynth/bin/opt -pass-remarks-missed=reflow|pasta|unroll -pass-remarks=reflow|pasta|unroll|inline -pass-remarks-output=C:/XinlinxHLS/tutor3/solution5/.autopilot/db/a.g.ld.5.gdce.bc.opt.diag.yml C:/XinlinxHLS/tutor3/solution5/.autopilot/db/a.g.ld.4.m2.bc -reflow-globaldce -hls-top-function-name=matrix_mult -o C:/XinlinxHLS/tutor3/solution5/.autopilot/db/a.g.ld.5.gdce.bc > C:/XinlinxHLS/tutor3/solution5/.autopilot/db/a.g.ld.5.gdce.bc.opt.out.log 2> C:/XinlinxHLS/tutor3/solution5/.autopilot/db/a.g.ld.5.gdce.bc.opt.err.log
INFO-FLOW: 
INFO-FLOW: Running: gen_design_size_report post-opt
INFO-FLOW: Done: gen_design_size_report post-opt time: 0 seconds per iteration
Execute       send_msg_by_id INFO @200-777@%s Vivado 
INFO: [HLS 200-777] Using interface defaults for 'Vivado' flow target.
Execute       is_m_axi_addr64 
INFO-FLOW: Doing LTO.
INFO-FLOW: run_clang (background poll_ms 5000) exec: C:/XilinxVivado/Vitis_HLS/2024.1/win64/tools/clang-3.9-csynth/bin/clang -foptimization-record-file=C:/XinlinxHLS/tutor3/solution5/.autopilot/db/a.g.ld.0.bc.clang.reflow.diag.yml -mllvm -pass-remarks-missed=reflow|pasta|unroll -mllvm -pass-remarks=reflow|pasta|unroll|inline -fhls -mllvm -hls-top-function-name=matrix_mult -mllvm -hls-db-dir -mllvm C:/XinlinxHLS/tutor3/solution5/.autopilot/db -emit-llvm -c -target fpga64-xilinx-none -mllvm -xcl-xmlinfo=C:/XinlinxHLS/tutor3/solution5/.autopilot/db/kernel.internal.xml -mllvm -top-io-mapping-info=C:/XinlinxHLS/tutor3/solution5/.autopilot/db/top-io-fe.xml -mllvm -hls-bitcode-version=3.1 -mllvm -reflow-enable-slave-interface-default-setting=true -mllvm -gen-kernel-xml=false -mllvm -default-maxi-offset=slave -mllvm -maxi-latency=0 -mllvm -hls-maxi-data-size-in-bits=8 -mllvm -hls-maxi-max-data-size-in-bits=1024 -mllvm -hls-max-widen-size-in-bits=0 -mllvm -xcl-kernel-max-mem-ports=0 -mllvm -maxi-read-trans=16 -mllvm -maxi-write-trans=16 -mllvm -maxi-read-burst-len=16 -mllvm -maxi-write-burst-len=16 -mllvm -reflow-enable-saxi-64bits=0 -mllvm -reflow-basic-block-instr-threshold=200000 -mllvm -reflow-auto-pipeline-threshold=64 -mllvm -reflow-enable-maxi-auto-id-channel=0 -mllvm -enable-fp-thr=0 -mllvm -reflow-bdd-simplify-threshold=1048576 -mllvm -reflow-fanout-threshold=16 -mllvm -reflow-complete-threshold=4 -mllvm -reflow-array-promotion-threshold=64 -mllvm -assume-maxi-align=1 -mllvm -reflow-enable-dataflow-strict-mode-checking=1 -ftime-report -mllvm -time-passes -mllvm -reflow-auto-array-partition-mode=default -mllvm -reflow-enable-auto-small-array-partition=true -mllvm -reflow-enable-auto-array-partition-for-flatten=true -mllvm -reflow-enable-auto-parallel-performance-driven=true -mllvm -reflow-enable-partition-for-automation=true -mllvm -reflow-aggregate-bitwidth-threshold=4096 -mllvm -reflow-reserved-saxilite-registers=0 -mllvm -enable-reflow-auto-loop-pipeline -mllvm -reflow-max-unroll-threshold=409600 -mllvm -auto-unroll-tripcount-threshold=0 -mllvm -reflow-assume-no-address-wrap=true -mllvm -reflow-enable-occurrence-inference=true -mllvm -reflow-emit-hint-scope=true -mllvm -reflow-enable-codegen-with-if=true -mllvm -hls -mllvm -disable-inlined-alloca-merging=true -mllvm -default-clock-period=5 -mllvm -use_read_first_ram_in_loop=1 -mllvm -default-clock-uncertainty=1.35 -x ir C:/XinlinxHLS/tutor3/solution5/.autopilot/db/a.g.ld.5.gdce.bc -o C:/XinlinxHLS/tutor3/solution5/.autopilot/db/a.g.lto.bc {-hls-platform-db-name=C:/XilinxVivado/Vitis_HLS/2024.1\common/technology\xilinx/common/platform.db} -hls-platform-name=kintex7_slow -device-resource-info=BRAM_270.000000_DSP_240.000000_FF_82000.000000_LUT_41000.000000_SLICE_10250.000000_URAM_0.000000 -device-name-info=xc7k70tfbv676-1 2> C:/XinlinxHLS/tutor3/solution5/.autopilot/db/a.g.ld.0.bc.clang.reflow.err.log bg_poll_cmd: ::AP::poll_clang_39_closed_source
Execute       send_msg_by_id INFO @200-1995@%s%s%s 57 Compile/Link C:/XinlinxHLS/tutor3/solution5/syn/report/csynth_design_size.rpt 
INFO: [HLS 200-1995] There were 57 instructions in the design after the 'Compile/Link' phase of compilation. See the Design Size Report for more details: C:/XinlinxHLS/tutor3/solution5/syn/report/csynth_design_size.rpt
Execute       send_msg_by_id INFO @200-1995@%s%s%s 1,159 Unroll/Inline (step 1) C:/XinlinxHLS/tutor3/solution5/syn/report/csynth_design_size.rpt 
INFO: [HLS 200-1995] There were 1,159 instructions in the design after the 'Unroll/Inline (step 1)' phase of compilation. See the Design Size Report for more details: C:/XinlinxHLS/tutor3/solution5/syn/report/csynth_design_size.rpt
Execute       send_msg_by_id INFO @200-1995@%s%s%s 426 Unroll/Inline (step 2) C:/XinlinxHLS/tutor3/solution5/syn/report/csynth_design_size.rpt 
INFO: [HLS 200-1995] There were 426 instructions in the design after the 'Unroll/Inline (step 2)' phase of compilation. See the Design Size Report for more details: C:/XinlinxHLS/tutor3/solution5/syn/report/csynth_design_size.rpt
Execute       send_msg_by_id INFO @200-1995@%s%s%s 426 Unroll/Inline (step 3) C:/XinlinxHLS/tutor3/solution5/syn/report/csynth_design_size.rpt 
INFO: [HLS 200-1995] There were 426 instructions in the design after the 'Unroll/Inline (step 3)' phase of compilation. See the Design Size Report for more details: C:/XinlinxHLS/tutor3/solution5/syn/report/csynth_design_size.rpt
Execute       send_msg_by_id INFO @200-1995@%s%s%s 426 Unroll/Inline (step 4) C:/XinlinxHLS/tutor3/solution5/syn/report/csynth_design_size.rpt 
INFO: [HLS 200-1995] There were 426 instructions in the design after the 'Unroll/Inline (step 4)' phase of compilation. See the Design Size Report for more details: C:/XinlinxHLS/tutor3/solution5/syn/report/csynth_design_size.rpt
Execute       send_msg_by_id INFO @200-1995@%s%s%s 426 Array/Struct (step 1) C:/XinlinxHLS/tutor3/solution5/syn/report/csynth_design_size.rpt 
INFO: [HLS 200-1995] There were 426 instructions in the design after the 'Array/Struct (step 1)' phase of compilation. See the Design Size Report for more details: C:/XinlinxHLS/tutor3/solution5/syn/report/csynth_design_size.rpt
Execute       send_msg_by_id INFO @200-1995@%s%s%s 426 Array/Struct (step 2) C:/XinlinxHLS/tutor3/solution5/syn/report/csynth_design_size.rpt 
INFO: [HLS 200-1995] There were 426 instructions in the design after the 'Array/Struct (step 2)' phase of compilation. See the Design Size Report for more details: C:/XinlinxHLS/tutor3/solution5/syn/report/csynth_design_size.rpt
Execute       send_msg_by_id INFO @200-1995@%s%s%s 426 Array/Struct (step 3) C:/XinlinxHLS/tutor3/solution5/syn/report/csynth_design_size.rpt 
INFO: [HLS 200-1995] There were 426 instructions in the design after the 'Array/Struct (step 3)' phase of compilation. See the Design Size Report for more details: C:/XinlinxHLS/tutor3/solution5/syn/report/csynth_design_size.rpt
Execute       send_msg_by_id INFO @200-1995@%s%s%s 476 Array/Struct (step 4) C:/XinlinxHLS/tutor3/solution5/syn/report/csynth_design_size.rpt 
INFO: [HLS 200-1995] There were 476 instructions in the design after the 'Array/Struct (step 4)' phase of compilation. See the Design Size Report for more details: C:/XinlinxHLS/tutor3/solution5/syn/report/csynth_design_size.rpt
Execute       send_msg_by_id INFO @200-1995@%s%s%s 396 Array/Struct (step 5) C:/XinlinxHLS/tutor3/solution5/syn/report/csynth_design_size.rpt 
INFO: [HLS 200-1995] There were 396 instructions in the design after the 'Array/Struct (step 5)' phase of compilation. See the Design Size Report for more details: C:/XinlinxHLS/tutor3/solution5/syn/report/csynth_design_size.rpt
Execute       send_msg_by_id INFO @200-1995@%s%s%s 396 Performance (step 1) C:/XinlinxHLS/tutor3/solution5/syn/report/csynth_design_size.rpt 
INFO: [HLS 200-1995] There were 396 instructions in the design after the 'Performance (step 1)' phase of compilation. See the Design Size Report for more details: C:/XinlinxHLS/tutor3/solution5/syn/report/csynth_design_size.rpt
Execute       send_msg_by_id INFO @200-1995@%s%s%s 396 Performance (step 2) C:/XinlinxHLS/tutor3/solution5/syn/report/csynth_design_size.rpt 
INFO: [HLS 200-1995] There were 396 instructions in the design after the 'Performance (step 2)' phase of compilation. See the Design Size Report for more details: C:/XinlinxHLS/tutor3/solution5/syn/report/csynth_design_size.rpt
Execute       send_msg_by_id INFO @200-1995@%s%s%s 396 Performance (step 3) C:/XinlinxHLS/tutor3/solution5/syn/report/csynth_design_size.rpt 
INFO: [HLS 200-1995] There were 396 instructions in the design after the 'Performance (step 3)' phase of compilation. See the Design Size Report for more details: C:/XinlinxHLS/tutor3/solution5/syn/report/csynth_design_size.rpt
Execute       send_msg_by_id INFO @200-1995@%s%s%s 396 Performance (step 4) C:/XinlinxHLS/tutor3/solution5/syn/report/csynth_design_size.rpt 
INFO: [HLS 200-1995] There were 396 instructions in the design after the 'Performance (step 4)' phase of compilation. See the Design Size Report for more details: C:/XinlinxHLS/tutor3/solution5/syn/report/csynth_design_size.rpt
Execute       send_msg_by_id INFO @200-1995@%s%s%s 402 HW Transforms (step 1) C:/XinlinxHLS/tutor3/solution5/syn/report/csynth_design_size.rpt 
INFO: [HLS 200-1995] There were 402 instructions in the design after the 'HW Transforms (step 1)' phase of compilation. See the Design Size Report for more details: C:/XinlinxHLS/tutor3/solution5/syn/report/csynth_design_size.rpt
Execute       send_msg_by_id INFO @200-1995@%s%s%s 404 HW Transforms (step 2) C:/XinlinxHLS/tutor3/solution5/syn/report/csynth_design_size.rpt 
INFO: [HLS 200-1995] There were 404 instructions in the design after the 'HW Transforms (step 2)' phase of compilation. See the Design Size Report for more details: C:/XinlinxHLS/tutor3/solution5/syn/report/csynth_design_size.rpt
Execute       source C:/XilinxVivado/Vitis_HLS/2024.1/tps/tcl/tcllib1.11.1/yaml/yaml.tcl 
INFO: [HLS 214-291] Loop 'Row' is marked as complete unroll implied by the pipeline pragma (matrix_mult.cpp:10:9)
INFO: [HLS 214-291] Loop 'Col' is marked as complete unroll implied by the pipeline pragma (matrix_mult.cpp:12:12)
INFO: [HLS 214-291] Loop 'Product' is marked as complete unroll implied by the pipeline pragma (matrix_mult.cpp:15:19)
INFO: [HLS 214-186] Unrolling loop 'Row' (matrix_mult.cpp:10:9) in function 'matrix_mult' completely with a factor of 5 (matrix_mult.cpp:8:0)
INFO: [HLS 214-186] Unrolling loop 'Col' (matrix_mult.cpp:12:12) in function 'matrix_mult' completely with a factor of 5 (matrix_mult.cpp:8:0)
INFO: [HLS 214-186] Unrolling loop 'Product' (matrix_mult.cpp:15:19) in function 'matrix_mult' completely with a factor of 5 (matrix_mult.cpp:8:0)
INFO: [HLS 214-248] Applying array_reshape to 'a': Complete reshaping on dimension 2. (matrix_mult.cpp:8:0)
INFO: [HLS 214-248] Applying array_reshape to 'b': Complete reshaping on dimension 1. (matrix_mult.cpp:8:0)
INFO-FLOW: DBG:PUTS: copy_raw_kernel_xml ap_link_39: kernel.xml not generated: C:/XinlinxHLS/tutor3/solution5/.autopilot/db/kernel.internal.xml
INFO: [HLS 200-111] Finished Compiling Optimization and Transform: CPU user time: 0 seconds. CPU system time: 0 seconds. Elapsed time: 8.157 seconds; current allocated memory: 202.441 MB.
INFO: [HLS 200-111] Finished Checking Pragmas: CPU user time: 0 seconds. CPU system time: 0 seconds. Elapsed time: 0.004 seconds; current allocated memory: 202.441 MB.
Execute       opt_and_import_c a -opt_level=2 -skip_syncheck=0 -ng=0 -keep_printf=0 
Execute         cleanup_all_models 
INFO: [HLS 200-10] Starting code transformations ...
INFO-FLOW: Running Standard Transforms...
Execute         transform -hls -share-std-xform -demangle-name -inline-byval-memcpy -always-inline -promote-dbg-pointer -interface-preproc -mem2reg -scalarrepl -mem2reg -keep-read-access -instcombine -dce -promote-dbg-pointer -bitop-raise -loop-simplify -indvarspre -indvars -loop-simplify -constprop -instcombine -simplifycfg -indvars -simplifycfg -dce -globaldce -basicaa -simplifycfg -mem2reg -globalopt -global-constprop -deadargelim -instcombine -simplifycfg -scalarrepl -instcombine -reassociate -licm -simplifycfg -loop-simplify -indvars -instcombine -simplifycfg -mem2reg -loop-simplify -indvars -instcombine -gvn -gvn -instcombine -adce -break-crit-edges -simplifycfg -loop-delete -global-array-opt -dce -dse -adce -find-syn-modules -top matrix_mult -deadargelim -mem2reg -instcombine -dce -presyn-prepare -interface-preproc -syn-check -check-rec-only -find-region -simplifycfg -func-extr -function-inline -globaldce -mem2reg -instcombine -dce -gvn -globaldce -adce -adse -constprop -instcombine -bit-constprop -instcombine -dce -simplifycfg -bitop-raise -simplifycfg -dce -loop-delete -reassociate -globalopt -global-privatize -mem2reg -dce -global-constprop -pointer-simplify -constprop -dce -promote-dbg-pointer -norm-name C:/XinlinxHLS/tutor3/solution5/.autopilot/db/a.g.0.bc -o C:/XinlinxHLS/tutor3/solution5/.autopilot/db/a.g.1.bc -f -phase std-opt 
INFO: [HLS 200-111] Finished Standard Transforms: CPU user time: 0 seconds. CPU system time: 0 seconds. Elapsed time: 0.046 seconds; current allocated memory: 206.570 MB.
INFO: [HLS 200-10] Checking synthesizability ...
INFO-FLOW: Checking Synthesizability 1/2..
Execute         transform -hls -syn-check -check-rec-only -scalarrepl -norm-name -dce -mem2reg -instcombine -directive-preproc -mem2reg -dse -dce -dce -pag -array-normalize -instcombine -dce -array-seg-normalize -instcombine -dce -data-pack -instcombine -dce -inst-simplify -array-flatten -instcombine -dce -array-burst -dce -deadargelim -promote-global-argument -simplifycfg -mem2reg -globaldce -dce -deadargelim -dce -instcombine -function-inline -globaldce -dce -doublePtrSimplify -doublePtrElim -dce -doublePtrSimplify -promote-dbg-pointer -dce -scalarrepl -dse -adse -instcombine -ptrLegalization -simplifycfg -dce -instcombine -pointer-simplify -ptrArgReplace -dce -instcombine -resolve-double-ptr -scalarrepl -norm-name -dce -mem2reg -instcombine -ptrLegalization -simplifycfg -deadargelim -instcombine -dce -inst-simplify -directive-preproc -mem2reg -dse -dce -globaldce C:/XinlinxHLS/tutor3/solution5/.autopilot/db/a.g.1.bc -o C:/XinlinxHLS/tutor3/solution5/.autopilot/db/a.g.2.prechk.bc -f 
INFO-FLOW: Checking Synthesizability 2/2..
Execute         transform -syn-check C:/XinlinxHLS/tutor3/solution5/.autopilot/db/a.g.2.prechk.bc -o C:/XinlinxHLS/tutor3/solution5/.autopilot/db/a.g.2.bc -f -phase syn-check 
INFO: [HLS 200-111] Finished Checking Synthesizability: CPU user time: 0 seconds. CPU system time: 0 seconds. Elapsed time: 0.03 seconds; current allocated memory: 208.359 MB.
INFO-FLOW: Compiler optimizing ...
INFO-FLOW: Share syncheck's 1.bc for syn flow: copy C:/XinlinxHLS/tutor3/solution5/.autopilot/db/a.g.1.bc to C:/XinlinxHLS/tutor3/solution5/.autopilot/db/a.o.1.bc
INFO-FLOW: Presyn 1...
Execute         transform -hls -tmp C:/XinlinxHLS/tutor3/solution5/.autopilot/db -interface-port-rename -directive-preproc -mem2reg -dse -dce -scalarrepl -norm-name -deadargelim -mem2reg -instcombine -dce -simplifycfg -dce -resource-proc -clib-intrinsic-prepare -dce -func-buffer -dce -pag -array-normalize -func-legal -instcombine -gvn -constprop -dce -simplifycfg -mem2reg -globaldce -resolve-double-ptr -dce -deadargelim -dce -instcombine -ptrArgReplace -mem2reg -dce -array-seg-normalize -deadargelim -instcombine -dce -directive-preproc -mem2reg -dse -dce -pointer-simplify -dce -port-alignment -dce -interface-preproc -data-pack -instcombine -dce -basicaa -aggr-aa -aggrmodref-aa -aggr-aa -gvn -gvn -basicaa -aggr-aa -aggrmodref-aa -aggr-aa -dse -adse -adce -loop-simplify -indvars -instcombine -gvn -loop-simplify -mem2reg -dce -find-region -instcombine -inst-simplify -interface-preproc -cfgopt -instcombine -indvars -loop-simplify -loop-bound -constprop -instcombine -simplifycfg -indvars -simplifycfg -dce -globaldce -clean-region -attach-range -gvn -inst-simplify -constprop -simplifycfg -dce -pointer-simplify -dce -globalopt -constprop -dce -array-promote -constprop -dce -ptrArgReplace -mem2reg -simplifycfg -dce -instcombine -dce -array-transform-check -array-reshape -instcombine -simplifycfg -dce -ptrArgReplace -deadargelim -mem2reg -instcombine -simplifycfg -dce -indvars -loop-simplify -loop-bound -constprop -instcombine -simplifycfg -indvars -simplifycfg -dce -globaldce -basicaa -aggr-aa -aggrmodref-aa -aggr-aa -dse -duplicate-dataflow-processes -globaldce -instcombine -array-partition -prepare-dynamic-array-partition -instcombine -simplifycfg -dce -ptrArgReplace -global-constprop -deadargelim -mem2reg -func-legal -dce -global-constprop -deadargelim -mem2reg -simplifycfg -dce -merge-param -deadargelim -globalopt -constprop -dce -array-promote -constprop -dce -ptrArgReplace -mem2reg -simplifycfg -dce -mem-intrinsic-preproc -dce -global-internalize -global-privatize -mem2reg -globaldce -lcssa -loop-simplify -phi-select-elim -promote-global-argument -ptrArgReplace -mem2reg -dce -globalopt -mergereturn -simplify-global-access -mem2reg -dce -pointer-simplify -dce -basicaa -aggr-aa -aggrmodref-aa -aggr-aa -functionattrs -basicaa -aggr-aa -aggrmodref-aa -aggr-aa -gvn -gvn -basicaa -aggr-aa -aggrmodref-aa -aggr-aa -dse -adse -adce -dce -norm-name -basicaa -aggr-aa -aggrmodref-aa -aggr-aa -accesses-merge -function-inline -complex-op-raise -inst-simplify -globaldce -func-legal -dce -loop-bound -arraycheck -bitwidthmin2 -bitwidthmin2 -on-by-dataflow -loop-delete -instcombine -simplifycfg -globaldce -dce -gvn -deadargelim -dce -loop-simplify -clean-region -simplifycfg -propagate-stable-arguments -loop-stream -instcombine -simplifycfg -dce -globaldce -duplicate-dataflow-processes -stream-intrinsic-preproc -dce -check-ap-stream -loop-simplify -eliminate-keepreads -extract-dataflow-in-loop -loop-simplify -dce -gvn -deadargelim -dse -duplicate-dataflow-processes -check-dataflow-syntax -legalize-stream-variable -globaldce -legalize-global -extract-subproc -dce -dead-channel-elimination -canonicalize-gep -globaldce -dce -gvn -hls-dead-arg-elim -deadargelim -directive-preproc -canonicalize-dataflow -dce -globaldce -scalar-preprocessing -scalar-propagation2 -scalar-stream -deadargelim -globaldce -mem2reg -check-dataflow-channels -function-stream -dce -globaldce -prop-fifo-spec -internal-stream-gen -canonicalize-gep -globaldce -dce -gvn -deadargelim -mergereturn -indvars -loop-simplify -instcombine -array-stream -array-seg-normalize -array-partition -clean-array-spec -func-legal -instcombine -simplifycfg -dce -bundle-memfifo-ops -deadargelim -directive-preproc -mem2reg -dse -dce -group-axi-access -licm -simplifycfg -dce -loop-delete -hls-display -norm-name C:/XinlinxHLS/tutor3/solution5/.autopilot/db/a.o.1.bc -o C:/XinlinxHLS/tutor3/solution5/.autopilot/db/a.o.1.tmp.bc -f 
INFO-FLOW: Presyn 2...
Execute         transform -hls -keep-callgraph -scalarrepl -mem2reg -port-alignment -attach-range -dce -pipe-mux-gen -indvars -loop-bound -inst-simplify -instcombine -dce -merge-array-access -mem2reg -dce -clean-region -mergereturn -if-conv -instcombine -dce -constprop -basicaa -aggr-aa -aggrmodref-aa -aggr-aa -gvn -gvn -basicaa -aggr-aa -aggrmodref-aa -aggr-aa -dse -adse -adce -scalarrepl -mem2reg -global-constprop -deadargelim -deadargelim -instcombine -dce -simplifycfg -ptrArgReplace -mem2reg -function-inline -globaldce -mem2reg -instcombine -dce -expr-balance -instcombine -dce -bitwidthmin2 -bitwidthmin2 -interface-preproc -directive-preproc -inst-rectify -instcombine -dce -basicaa -aggr-aa -aggrmodref-aa -aggr-aa -functionattrs -constprop -instcombine -bit-constprop -simplify-global-access -globalopt -globaldce -inst-simplify -instcombine -elimdeaddata -dce -loop-delete -simplifycfg -loop-simplify -barrier -norm-name C:/XinlinxHLS/tutor3/solution5/.autopilot/db/a.o.1.tmp.bc -o C:/XinlinxHLS/tutor3/solution5/.autopilot/db/a.o.2.bc -f -phase presyn 
INFO: [XFORM 203-11] Balancing expressions in function 'matrix_mult' (matrix_mult.cpp:16:1)...100 expression(s) balanced.
INFO: [HLS 200-111] Finished Loop, function and other optimizations: CPU user time: 0 seconds. CPU system time: 0 seconds. Elapsed time: 0.081 seconds; current allocated memory: 229.695 MB.
Execute         transform -hls -auto-function-inline -globaldce -ptrArgReplace -mem2reg -dce -reset-lda -loop-simplify -indvars -aggr-aa -licm -loop-dep -loop-bound -licm -loop-simplify -loop-sink-hoist -flattenloopnest -array-flatten -gvn -instcombine -dce -array-map -dce -func-legal -gvn -adce -instcombine -cfgopt -simplifycfg-lite -loop-simplify -array-burst -promote-global-argument -dce -array-seg-normalize -basicaa -aggrmodref-aa -globalsmodref-aa -aggr-aa -gvn -gvn -basicaa -aggrmodref-aa -globalsmodref-aa -aggr-aa -dse -adse -adce -licm -inst-simplify -dce -globaldce -instcombine -array-stream -eliminate-keepreads -instcombine -dce -deadargelim -doublePtrSimplify -doublePtrElim -dce -doublePtrSimplify -promote-dbg-pointer -dce -scalarrepl -mem2reg -norm-name -mem2reg -instcombine -dse -adse -adce -ptrLegalization -dce -array-flatten -dce -instcombine -check-doubleptr -loop-rot -constprop -inst-simplify -cfgopt -simplifycfg-lite -loop-simplify -indvars -pointer-simplify -dce -loop-bound -loop-simplify -loop-preproc -constprop -global-constprop -gvn -mem2reg -instcombine -dce -loop-bound -loop-merge -dce -deadargelim -dce -canonicalize-dataflow -dce -deadargelim -globaldce -mem2reg -bram-byte-enable -inst-simplify -inst-rectify -instcombine -adce -deadargelim -load-elim -read-loop-dep -loop-simplify -loop-extract-inner -directive-preproc -bitwidthmin2 -bitwidthmin2 -read-loop-dep -interface-preproc -directive-preproc -interface-gen -bram-byte-enable-spec-prop -mul2addshift -deadargelim -inst-simplify -dce -mem2reg -instcombine -gvn -dce -adse -loop-bound -instcombine -cfgopt -simplifycfg-lite -loop-simplify -clean-region -io-protocol -find-region -mem2reg -bitop-raise -complex-op-raise -inst-simplify -inst-rectify -instcombine -adce -deadargelim -float-op-raise -loop-simplify -phi-opt -bitop-raise -cfgopt -simplifycfg-lite -strip-dead-prototypes -interface-lower -bitop-lower -intrinsic-lower -auto-function-inline -basicaa -aggrmodref-aa -globalsmodref-aa -aggr-aa -inst-simplify -simplifycfg-lite -loop-simplify -mergereturn -inst-simplify -inst-rectify -globaldce -dce -load-elim -bitop-lower -float-op-raise -fma-raise -loop-rewind -pointer-simplify -dce -cfgopt -dce -loop-bound -loop-dep -read-loop-dep -dce -dyn-mem-reuse -dce -recurrence-min -dce -share-scalar-alloca -deadargelim -dce -check-stream -norm-name -legalize -inst-clarity -bitwidth -dce -validate-dataflow -dump-loop-dep-to-ir -check-all-ssdm -dump-complexity-metric C:/XinlinxHLS/tutor3/solution5/.autopilot/db/a.o.2.bc -o C:/XinlinxHLS/tutor3/solution5/.autopilot/db/a.o.3.bc -f -phase build-ssdm 
Execute           auto_get_db
INFO-FLOW: Building ssdm...
Execute         transform -hls -cdfg-build C:/XinlinxHLS/tutor3/solution5/.autopilot/db/a.o.3.bc -o C:/XinlinxHLS/tutor3/solution5/.autopilot/db/a.o.3.bc -f -phase build-ssdm 
INFO: [HLS 200-111] Finished Architecture Synthesis: CPU user time: 0 seconds. CPU system time: 0 seconds. Elapsed time: 0.071 seconds; current allocated memory: 229.715 MB.
INFO-FLOW: Finish building internal data model.
Command       opt_and_import_c done; 0.237 sec.
Command     elaborate done; 9.967 sec.
Execute     ap_eval exec zip -j C:/XinlinxHLS/tutor3/solution5/.autopilot/db/dut.hcp $dbDir/a.o.3.bc $dbDir/${topname}.rtl_wrap.cfg.tcl $dbDir/apatb_${topname}.cpp $dbDir/apatb_${topname}_util.cpp $dbDir/apatb_${topname}_ir.ll $dbDir/mapper_${topname}.cpp $dbDir/top-io-fe.xml $dbDir/kernel.internal.xml $workdir/../hls.app 
Execute     autosyn -from_csynth_design=1 
INFO: [HLS 200-10] Starting hardware synthesis ...
INFO-FLOW: Synthesizing C/C++ design ...
INFO: [HLS 200-10] Synthesizing 'matrix_mult' ...
Execute       ap_set_top_model matrix_mult 
Execute       get_model_list matrix_mult -filter all-wo-channel -topdown 
Execute       preproc_iomode -model matrix_mult 
Execute       get_model_list matrix_mult -filter all-wo-channel 
INFO-FLOW: Model list for configure: matrix_mult
INFO-FLOW: Configuring Module : matrix_mult ...
Execute       set_default_model matrix_mult 
Execute       apply_spec_resource_limit matrix_mult 
INFO-FLOW: Model list for preprocess: matrix_mult
INFO-FLOW: Preprocessing Module: matrix_mult ...
Execute       set_default_model matrix_mult 
Execute       cdfg_preprocess -model matrix_mult 
Execute       rtl_gen_preprocess matrix_mult 
INFO-FLOW: Model list for synthesis: matrix_mult
INFO: [HLS 200-10] ----------------------------------------------------------------
INFO: [HLS 200-42] -- Implementing module 'matrix_mult' 
INFO: [HLS 200-10] ----------------------------------------------------------------
Execute       set_default_model matrix_mult 
Execute       schedule -model matrix_mult 
INFO: [SCHED 204-11] Starting scheduling ...
INFO: [HLS 200-486] Changing DSP latency (root=add_ln16_98) to 3 in order to utilize available DSP registers.
INFO: [HLS 200-486] Changing DSP latency (root=add_ln16_97) to 3 in order to utilize available DSP registers.
INFO: [HLS 200-486] Changing DSP latency (root=add_ln16_96) to 3 in order to utilize available DSP registers.
INFO: [HLS 200-486] Changing DSP latency (root=add_ln16_94) to 3 in order to utilize available DSP registers.
INFO: [HLS 200-486] Changing DSP latency (root=add_ln16_93) to 3 in order to utilize available DSP registers.
INFO: [HLS 200-486] Changing DSP latency (root=add_ln16_92) to 3 in order to utilize available DSP registers.
INFO: [HLS 200-486] Changing DSP latency (root=add_ln16_90) to 3 in order to utilize available DSP registers.
INFO: [HLS 200-486] Changing DSP latency (root=add_ln16_89) to 3 in order to utilize available DSP registers.
INFO: [HLS 200-486] Changing DSP latency (root=add_ln16_88) to 3 in order to utilize available DSP registers.
INFO: [HLS 200-486] Changing DSP latency (root=add_ln16_86) to 3 in order to utilize available DSP registers.
INFO: [HLS 200-486] Changing DSP latency (root=add_ln16_85) to 3 in order to utilize available DSP registers.
INFO: [HLS 200-486] Changing DSP latency (root=add_ln16_84) to 3 in order to utilize available DSP registers.
INFO: [HLS 200-486] Changing DSP latency (root=add_ln16_82) to 3 in order to utilize available DSP registers.
INFO: [HLS 200-486] Changing DSP latency (root=add_ln16_81) to 3 in order to utilize available DSP registers.
INFO: [HLS 200-486] Changing DSP latency (root=add_ln16_80) to 3 in order to utilize available DSP registers.
INFO: [HLS 200-486] Changing DSP latency (root=add_ln16_78) to 3 in order to utilize available DSP registers.
INFO: [HLS 200-486] Changing DSP latency (root=add_ln16_77) to 3 in order to utilize available DSP registers.
INFO: [HLS 200-486] Changing DSP latency (root=add_ln16_76) to 3 in order to utilize available DSP registers.
INFO: [HLS 200-486] Changing DSP latency (root=add_ln16_74) to 3 in order to utilize available DSP registers.
INFO: [HLS 200-486] Changing DSP latency (root=add_ln16_73) to 3 in order to utilize available DSP registers.
INFO: [HLS 200-486] Changing DSP latency (root=add_ln16_72) to 3 in order to utilize available DSP registers.
INFO: [HLS 200-486] Changing DSP latency (root=add_ln16_70) to 3 in order to utilize available DSP registers.
INFO: [HLS 200-486] Changing DSP latency (root=add_ln16_69) to 3 in order to utilize available DSP registers.
INFO: [HLS 200-486] Changing DSP latency (root=add_ln16_68) to 3 in order to utilize available DSP registers.
INFO: [HLS 200-486] Changing DSP latency (root=add_ln16_66) to 3 in order to utilize available DSP registers.
INFO: [HLS 200-486] Changing DSP latency (root=add_ln16_65) to 3 in order to utilize available DSP registers.
INFO: [HLS 200-486] Changing DSP latency (root=add_ln16_64) to 3 in order to utilize available DSP registers.
INFO: [HLS 200-486] Changing DSP latency (root=add_ln16_62) to 3 in order to utilize available DSP registers.
INFO: [HLS 200-486] Changing DSP latency (root=add_ln16_61) to 3 in order to utilize available DSP registers.
INFO: [HLS 200-486] Changing DSP latency (root=add_ln16_60) to 3 in order to utilize available DSP registers.
INFO: [HLS 200-486] Changing DSP latency (root=add_ln16_58) to 3 in order to utilize available DSP registers.
INFO: [HLS 200-486] Changing DSP latency (root=add_ln16_57) to 3 in order to utilize available DSP registers.
INFO: [HLS 200-486] Changing DSP latency (root=add_ln16_56) to 3 in order to utilize available DSP registers.
INFO: [HLS 200-486] Changing DSP latency (root=add_ln16_54) to 3 in order to utilize available DSP registers.
INFO: [HLS 200-486] Changing DSP latency (root=add_ln16_53) to 3 in order to utilize available DSP registers.
INFO: [HLS 200-486] Changing DSP latency (root=add_ln16_52) to 3 in order to utilize available DSP registers.
INFO: [HLS 200-486] Changing DSP latency (root=add_ln16_50) to 3 in order to utilize available DSP registers.
INFO: [HLS 200-486] Changing DSP latency (root=add_ln16_49) to 3 in order to utilize available DSP registers.
INFO: [HLS 200-486] Changing DSP latency (root=add_ln16_48) to 3 in order to utilize available DSP registers.
INFO: [HLS 200-486] Changing DSP latency (root=add_ln16_46) to 3 in order to utilize available DSP registers.
INFO: [HLS 200-486] Changing DSP latency (root=add_ln16_45) to 3 in order to utilize available DSP registers.
INFO: [HLS 200-486] Changing DSP latency (root=add_ln16_44) to 3 in order to utilize available DSP registers.
INFO: [HLS 200-486] Changing DSP latency (root=add_ln16_42) to 3 in order to utilize available DSP registers.
INFO: [HLS 200-486] Changing DSP latency (root=add_ln16_41) to 3 in order to utilize available DSP registers.
INFO: [HLS 200-486] Changing DSP latency (root=add_ln16_40) to 3 in order to utilize available DSP registers.
INFO: [HLS 200-486] Changing DSP latency (root=add_ln16_38) to 3 in order to utilize available DSP registers.
INFO: [HLS 200-486] Changing DSP latency (root=add_ln16_37) to 3 in order to utilize available DSP registers.
INFO: [HLS 200-486] Changing DSP latency (root=add_ln16_36) to 3 in order to utilize available DSP registers.
INFO: [HLS 200-486] Changing DSP latency (root=add_ln16_34) to 3 in order to utilize available DSP registers.
INFO: [HLS 200-486] Changing DSP latency (root=add_ln16_33) to 3 in order to utilize available DSP registers.
INFO: [HLS 200-486] Changing DSP latency (root=add_ln16_32) to 3 in order to utilize available DSP registers.
INFO: [HLS 200-486] Changing DSP latency (root=add_ln16_30) to 3 in order to utilize available DSP registers.
INFO: [HLS 200-486] Changing DSP latency (root=add_ln16_29) to 3 in order to utilize available DSP registers.
INFO: [HLS 200-486] Changing DSP latency (root=add_ln16_28) to 3 in order to utilize available DSP registers.
INFO: [HLS 200-486] Changing DSP latency (root=add_ln16_26) to 3 in order to utilize available DSP registers.
INFO: [HLS 200-486] Changing DSP latency (root=add_ln16_25) to 3 in order to utilize available DSP registers.
INFO: [HLS 200-486] Changing DSP latency (root=add_ln16_24) to 3 in order to utilize available DSP registers.
INFO: [HLS 200-486] Changing DSP latency (root=add_ln16_22) to 3 in order to utilize available DSP registers.
INFO: [HLS 200-486] Changing DSP latency (root=add_ln16_21) to 3 in order to utilize available DSP registers.
INFO: [HLS 200-486] Changing DSP latency (root=add_ln16_20) to 3 in order to utilize available DSP registers.
INFO: [HLS 200-486] Changing DSP latency (root=add_ln16_18) to 3 in order to utilize available DSP registers.
INFO: [HLS 200-486] Changing DSP latency (root=add_ln16_17) to 3 in order to utilize available DSP registers.
INFO: [HLS 200-486] Changing DSP latency (root=add_ln16_16) to 3 in order to utilize available DSP registers.
INFO: [HLS 200-486] Changing DSP latency (root=add_ln16_14) to 3 in order to utilize available DSP registers.
INFO: [HLS 200-486] Changing DSP latency (root=add_ln16_13) to 3 in order to utilize available DSP registers.
INFO: [HLS 200-486] Changing DSP latency (root=add_ln16_12) to 3 in order to utilize available DSP registers.
INFO: [HLS 200-486] Changing DSP latency (root=add_ln16_10) to 3 in order to utilize available DSP registers.
INFO: [HLS 200-486] Changing DSP latency (root=add_ln16_9) to 3 in order to utilize available DSP registers.
INFO: [HLS 200-486] Changing DSP latency (root=add_ln16_8) to 3 in order to utilize available DSP registers.
INFO: [HLS 200-486] Changing DSP latency (root=add_ln16_6) to 3 in order to utilize available DSP registers.
INFO: [HLS 200-486] Changing DSP latency (root=add_ln16_5) to 3 in order to utilize available DSP registers.
INFO: [HLS 200-486] Changing DSP latency (root=add_ln16_4) to 3 in order to utilize available DSP registers.
INFO: [HLS 200-486] Changing DSP latency (root=add_ln16_2) to 3 in order to utilize available DSP registers.
INFO: [HLS 200-486] Changing DSP latency (root=add_ln16_1) to 3 in order to utilize available DSP registers.
INFO: [HLS 200-486] Changing DSP latency (root=add_ln16) to 3 in order to utilize available DSP registers.
INFO: [SCHED 204-61] Pipelining function 'matrix_mult'.
WARNING: [HLS 200-885] The II Violation in module 'matrix_mult' (function 'matrix_mult'): Unable to schedule 'load' operation 40 bit ('b_load_1', matrix_mult.cpp:16) on array 'b' due to limited memory ports (II = 1). Please consider using a memory core with more ports or partitioning the array 'b'.
WARNING: [HLS 200-885] The II Violation in module 'matrix_mult' (function 'matrix_mult'): Unable to schedule 'load' operation 40 bit ('b_load_3', matrix_mult.cpp:16) on array 'b' due to limited memory ports (II = 2). Please consider using a memory core with more ports or partitioning the array 'b'.
WARNING: [HLS 200-885] The II Violation in module 'matrix_mult' (function 'matrix_mult'): Unable to schedule 'store' operation 0 bit ('prod_addr_5_write_ln16', matrix_mult.cpp:16) of variable 'add_ln16_23', matrix_mult.cpp:16 on array 'prod' due to limited memory ports (II = 3). Please consider using a memory core with more ports or partitioning the array 'prod'.
WARNING: [HLS 200-885] The II Violation in module 'matrix_mult' (function 'matrix_mult'): Unable to schedule 'store' operation 0 bit ('prod_addr_7_write_ln16', matrix_mult.cpp:16) of variable 'add_ln16_31', matrix_mult.cpp:16 on array 'prod' due to limited memory ports (II = 4). Please consider using a memory core with more ports or partitioning the array 'prod'.
WARNING: [HLS 200-885] The II Violation in module 'matrix_mult' (function 'matrix_mult'): Unable to schedule 'store' operation 0 bit ('prod_addr_21_write_ln16', matrix_mult.cpp:16) of variable 'add_ln16_87', matrix_mult.cpp:16 on array 'prod' due to limited memory ports (II = 11). Please consider using a memory core with more ports or partitioning the array 'prod'.
WARNING: [HLS 200-885] The II Violation in module 'matrix_mult' (function 'matrix_mult'): Unable to schedule 'store' operation 0 bit ('prod_addr_23_write_ln16', matrix_mult.cpp:16) of variable 'add_ln16_95', matrix_mult.cpp:16 on array 'prod' due to limited memory ports (II = 12). Please consider using a memory core with more ports or partitioning the array 'prod'.
INFO: [HLS 200-1470] Pipelining result : Target II = NA, Final II = 13, Depth = 24, function 'matrix_mult'
INFO: [SCHED 204-11] Finished scheduling.
Command       schedule done; 2.955 sec.
INFO: [HLS 200-111] Finished Scheduling: CPU user time: 2 seconds. CPU system time: 0 seconds. Elapsed time: 3.062 seconds; current allocated memory: 231.039 MB.
Execute       syn_report -verbosereport -o C:/XinlinxHLS/tutor3/solution5/.autopilot/db/matrix_mult.verbose.sched.rpt 
Execute         list_part -family xc7k70t-fbv676-1 
Execute           ap_family_info -name xc7k70t-fbv676-1 -data names 
Execute           ap_part_info -quiet -name xc7k70t-fbv676-1 -data family 
Execute       db_write -o C:/XinlinxHLS/tutor3/solution5/.autopilot/db/matrix_mult.sched.adb -f 
INFO-FLOW: Finish scheduling matrix_mult.
Execute       set_default_model matrix_mult 
Execute       bind -model matrix_mult 
INFO: [BIND 205-100] Starting micro-architecture generation ...
INFO: [BIND 205-101] Performing variable lifetime analysis.
INFO: [BIND 205-101] Exploring resource sharing.
INFO: [BIND 205-101] Binding ...
INFO: [BIND 205-100] Finished micro-architecture generation.
INFO: [HLS 200-111] Finished Binding: CPU user time: 0 seconds. CPU system time: 0 seconds. Elapsed time: 0.203 seconds; current allocated memory: 232.258 MB.
Execute       syn_report -verbosereport -o C:/XinlinxHLS/tutor3/solution5/.autopilot/db/matrix_mult.verbose.bind.rpt 
Execute         list_part -family xc7k70t-fbv676-1 
Execute           ap_family_info -name xc7k70t-fbv676-1 -data names 
Execute           ap_part_info -quiet -name xc7k70t-fbv676-1 -data family 
Execute       db_write -o C:/XinlinxHLS/tutor3/solution5/.autopilot/db/matrix_mult.bind.adb -f 
INFO-FLOW: Finish binding matrix_mult.
Execute       get_model_list matrix_mult -filter all-wo-channel 
INFO-FLOW: Preprocessing for RTLGen ...
Execute       rtl_gen_preprocess matrix_mult 
INFO-FLOW: Model list for RTL generation: matrix_mult
INFO: [HLS 200-10] ----------------------------------------------------------------
INFO: [HLS 200-10] -- Generating RTL for module 'matrix_mult' 
INFO: [HLS 200-10] ----------------------------------------------------------------
Execute       create_rtl_model matrix_mult -top_prefix  -sub_prefix matrix_mult_ -mg_file C:/XinlinxHLS/tutor3/solution5/.autopilot/db/matrix_mult.compgen.tcl 
INFO: [RTGEN 206-500] Setting interface mode on port 'matrix_mult/a' to 'ap_memory'.
INFO: [RTGEN 206-500] Setting interface mode on port 'matrix_mult/b' to 'ap_memory'.
INFO: [RTGEN 206-500] Setting interface mode on port 'matrix_mult/prod' to 'ap_memory'.
INFO: [RTGEN 206-500] Setting interface mode on function 'matrix_mult' to 'ap_ctrl_hs'.
INFO: [HLS 200-1030] Apply Unified Pipeline Control on module 'matrix_mult' pipeline 'matrix_mult' pipeline type 'function pipeline'
INFO: [RTGEN 206-100] Generating core module 'mac_muladd_8s_8s_16ns_16_4_1': 25 instance(s).
INFO: [RTGEN 206-100] Generating core module 'mac_muladd_8s_8s_16s_16_4_1': 50 instance(s).
INFO: [RTGEN 206-100] Generating core module 'mul_8s_8s_16_1_1': 50 instance(s).
INFO: [RTGEN 206-100] Finished creating RTL model for 'matrix_mult'.
Command       create_rtl_model done; 0.17 sec.
INFO: [HLS 200-111] Finished Creating RTL model: CPU user time: 1 seconds. CPU system time: 0 seconds. Elapsed time: 0.335 seconds; current allocated memory: 238.387 MB.
Execute       source C:/XinlinxHLS/tutor3/solution5/.autopilot/db/matrix_mult.rtl_wrap.cfg.tcl 
Execute       gen_rtl matrix_mult -istop -style xilinx -f -lang vhdl -o C:/XinlinxHLS/tutor3/solution5/syn/vhdl/matrix_mult 
Execute       gen_rtl matrix_mult -istop -style xilinx -f -lang vlog -o C:/XinlinxHLS/tutor3/solution5/syn/verilog/matrix_mult 
Execute       syn_report -csynth -model matrix_mult -o C:/XinlinxHLS/tutor3/solution5/syn/report/matrix_mult_csynth.rpt 
Execute         list_part -family xc7k70t-fbv676-1 
Execute           ap_family_info -name xc7k70t-fbv676-1 -data names 
Execute           ap_part_info -quiet -name xc7k70t-fbv676-1 -data family 
Execute       syn_report -rtlxml -model matrix_mult -o C:/XinlinxHLS/tutor3/solution5/syn/report/matrix_mult_csynth.xml 
Execute         list_part -family xc7k70t-fbv676-1 
Execute           ap_family_info -name xc7k70t-fbv676-1 -data names 
Execute           ap_part_info -quiet -name xc7k70t-fbv676-1 -data family 
Execute       syn_report -verbosereport -model matrix_mult -o C:/XinlinxHLS/tutor3/solution5/.autopilot/db/matrix_mult.verbose.rpt 
Execute         list_part -family xc7k70t-fbv676-1 
Execute           ap_family_info -name xc7k70t-fbv676-1 -data names 
Execute           ap_part_info -quiet -name xc7k70t-fbv676-1 -data family 
Execute       db_write -model matrix_mult -f -o C:/XinlinxHLS/tutor3/solution5/.autopilot/db/matrix_mult.adb 
Execute       db_write -model matrix_mult -bindview -o C:/XinlinxHLS/tutor3/solution5/.autopilot/db/design.bindinfo.xml 
Execute       gen_tb_info matrix_mult -p C:/XinlinxHLS/tutor3/solution5/.autopilot/db -o C:/XinlinxHLS/tutor3/solution5/.autopilot/db/matrix_mult 
Execute       export_constraint_db -f -tool general -o C:/XinlinxHLS/tutor3/solution5/.autopilot/db/matrix_mult.constraint.tcl 
Execute       syn_report -designview -model matrix_mult -o C:/XinlinxHLS/tutor3/solution5/.autopilot/db/matrix_mult.design.xml 
Execute       syn_report -csynthDesign -model matrix_mult -o C:/XinlinxHLS/tutor3/solution5/syn/report/csynth.rpt -MHOut C:/XinlinxHLS/tutor3/solution5/.autopilot/db/kernel_module_hierarchy.tcl 
Execute         list_part -family xc7k70t-fbv676-1 
Execute           ap_family_info -name xc7k70t-fbv676-1 -data names 
Execute           ap_part_info -quiet -name xc7k70t-fbv676-1 -data family 
Execute       syn_report -wcfg -model matrix_mult -o C:/XinlinxHLS/tutor3/solution5/.autopilot/db/matrix_mult_dataflow_ana.wcfg 
Execute       syn_report -protoinst -model matrix_mult -o C:/XinlinxHLS/tutor3/solution5/.autopilot/db/matrix_mult.protoinst 
Execute       sc_get_clocks matrix_mult 
Execute       sc_get_portdomain matrix_mult 
INFO-FLOW: Model list for RTL component generation: matrix_mult
INFO-FLOW: Handling components in module [matrix_mult] ... 
Execute       source C:/XinlinxHLS/tutor3/solution5/.autopilot/db/matrix_mult.compgen.tcl 
INFO-FLOW: Found component matrix_mult_mul_8s_8s_16_1_1.
INFO-FLOW: Append model matrix_mult_mul_8s_8s_16_1_1
INFO-FLOW: Found component matrix_mult_mac_muladd_8s_8s_16s_16_4_1.
INFO-FLOW: Append model matrix_mult_mac_muladd_8s_8s_16s_16_4_1
INFO-FLOW: Found component matrix_mult_mac_muladd_8s_8s_16ns_16_4_1.
INFO-FLOW: Append model matrix_mult_mac_muladd_8s_8s_16ns_16_4_1
INFO-FLOW: Append model matrix_mult
INFO-FLOW: Generating RTL model list ...
INFO-FLOW: All models in this session: matrix_mult_mul_8s_8s_16_1_1 matrix_mult_mac_muladd_8s_8s_16s_16_4_1 matrix_mult_mac_muladd_8s_8s_16ns_16_4_1 matrix_mult
INFO-FLOW: Generating C:/XinlinxHLS/tutor3/solution5/.autopilot/db/autopilot.rtl.models.txt file...
INFO-FLOW: To file: write model matrix_mult_mul_8s_8s_16_1_1
INFO-FLOW: To file: write model matrix_mult_mac_muladd_8s_8s_16s_16_4_1
INFO-FLOW: To file: write model matrix_mult_mac_muladd_8s_8s_16ns_16_4_1
INFO-FLOW: To file: write model matrix_mult
INFO-FLOW: Generating C:/XinlinxHLS/tutor3/solution5/.autopilot/db/autopilot.rtl.models.tcl file...
INFO-FLOW: Finished generating RTL model list.


INFO-FLOW: RTL Generation done.
INFO-FLOW: CAS Generation done.
INFO-FLOW: CBC Generation done.
INFO-FLOW: DBG:PROC: ::AESL_AUTOMG::auto_generate_csynth_design
INFO-FLOW: DBG:PUTS: read_platform_lib C:/XinlinxHLS/tutor3/solution5/.autopilot/db/global.setting.tcl
Execute       source C:/XilinxVivado/Vitis_HLS/2024.1/common/technology/generic/autopilot/common.gen 
Execute         source C:/XilinxVivado/Vitis_HLS/2024.1/common/technology/generic/autopilot/APCoreGen.gen 
Execute       source C:/XilinxVivado/Vitis_HLS/2024.1/common/technology/generic/autopilot/op.gen 
Execute       source C:/XilinxVivado/Vitis_HLS/2024.1/common/technology/generic/autopilot/op_simcore.gen 
Execute       source C:/XilinxVivado/Vitis_HLS/2024.1/common/technology/generic/autopilot/interface.gen 
Execute       source C:/XinlinxHLS/tutor3/solution5/.autopilot/db/global.setting.tcl 
Execute       source C:/XilinxVivado/Vitis_HLS/2024.1/common/technology/xilinx/common/xilinx.gen 
Execute         source C:/XilinxVivado/Vitis_HLS/2024.1/common/technology/xilinx/interface/plb46.gen 
Execute         source C:/XilinxVivado/Vitis_HLS/2024.1/common/technology/xilinx/interface/axi4.gen 
Execute         source C:/XilinxVivado/Vitis_HLS/2024.1/common/technology/xilinx/interface/nativeAXI4.gen 
Execute           source C:/XilinxVivado/Vitis_HLS/2024.1/common/technology/xilinx/interface/saxilite.gen 
Execute         source C:/XilinxVivado/Vitis_HLS/2024.1/common/technology/xilinx/scripts/xilinxcoregen.gen 
Execute         source C:/XilinxVivado/Vitis_HLS/2024.1/common/technology/xilinx/interface/XilEDKCoreGen.gen 
Execute         source C:/XilinxVivado/Vitis_HLS/2024.1/common/technology/xilinx/ip/dds_compiler.gen 
Execute         source C:/XilinxVivado/Vitis_HLS/2024.1/common/technology/xilinx/ip/util.gen 
Execute         source C:/XilinxVivado/Vitis_HLS/2024.1/common/technology/xilinx/ip/xfft.gen 
Execute         source C:/XilinxVivado/Vitis_HLS/2024.1/common/technology/xilinx/ip/xfir.gen 
Execute         source C:/XilinxVivado/Vitis_HLS/2024.1/common/technology/xilinx/DSP48/dsp48.gen 
INFO-FLOW: DBG:PUTS:   using AESL_AUTOCG::g_clock_period=5.000 (was NA)
INFO-FLOW: DBG:PROC: ::AESL_AUTOMG::generate_ip_cores gen_sim_model='1' gen_fp_models='0' gen_for_export='0' dstSCDir='' dstVhdlDir='C:/XinlinxHLS/tutor3/solution5/.autopilot/db/vhdl' dstVlogDir='C:/XinlinxHLS/tutor3/solution5/.autopilot/db/vlog' tclDir='C:/XinlinxHLS/tutor3/solution5/.autopilot/db' modelList='matrix_mult_mul_8s_8s_16_1_1
matrix_mult_mac_muladd_8s_8s_16s_16_4_1
matrix_mult_mac_muladd_8s_8s_16ns_16_4_1
matrix_mult
' expOnly='0'
Execute       source C:/XinlinxHLS/tutor3/solution5/.autopilot/db/global.setting.tcl 
Execute       ap_part_info -name xc7k70t-fbv676-1 -data names -quiet 
Execute       ap_part_info -name xc7k70t-fbv676-1 -data info -quiet 
Execute       source C:/XinlinxHLS/tutor3/solution5/.autopilot/db/global.setting.tcl 
Execute       source C:/XinlinxHLS/tutor3/solution5/.autopilot/db/global.setting.tcl 
Execute       source C:/XinlinxHLS/tutor3/solution5/.autopilot/db/matrix_mult.compgen.tcl 
INFO: [HLS 200-111] Finished Generating all RTL models: CPU user time: 0 seconds. CPU system time: 1 seconds. Elapsed time: 0.688 seconds; current allocated memory: 248.492 MB.
INFO-FLOW: DBG:PROC: ::HLSREPORTS::create_csynth_xml bind_info_var='bind_info' RtlSubPrefix='matrix_mult_' outfile=''
INFO-FLOW: Running: create_csynth_xml read xml data
INFO-FLOW: Done: create_csynth_xml read xml data time: 0 seconds per iteration
INFO-FLOW: Running: create_csynth_xml bind info
INFO-FLOW: Done: create_csynth_xml bind info time: 0 seconds per iteration
INFO-FLOW: Running: create_csynth_xml config info
INFO-FLOW: Done: create_csynth_xml config info time: 0.3 seconds per iteration
INFO-FLOW: Running: create_csynth_xml write xml
INFO-FLOW: Done: create_csynth_xml write xml time: 0 seconds per iteration
INFO-FLOW: DBG:PUTS:      create_csynth_xml wrote csynth_xml=C:/XinlinxHLS/tutor3/solution5/syn/report/csynth.xml
INFO-FLOW: DBG:PROC: ::AP::DESIGN_DATA::generate_json generate_bd_files='0' generate_xo_files='0' modelList='matrix_mult_mul_8s_8s_16_1_1
matrix_mult_mac_muladd_8s_8s_16s_16_4_1
matrix_mult_mac_muladd_8s_8s_16ns_16_4_1
matrix_mult
' rtl_lang='both' bootstrap_tcl='false' outdir='' outfilename=''
Execute       source C:/XinlinxHLS/tutor3/solution5/.autopilot/db/global.setting.tcl 
Execute       source C:/XinlinxHLS/tutor3/solution5/.autopilot/db/global.setting.tcl 
Execute       source C:/XinlinxHLS/tutor3/solution5/.autopilot/db/top-io-be.tcl 
Execute       source C:/XinlinxHLS/tutor3/solution5/.autopilot/db/matrix_mult.tbgen.tcl 
Execute       source C:/XinlinxHLS/tutor3/solution5/.autopilot/db/matrix_mult.rtl_wrap.cfg.tcl 
Execute       source C:/XinlinxHLS/tutor3/solution5/.autopilot/db/matrix_mult.compgen.dataonly.tcl 
Execute       source C:/XinlinxHLS/tutor3/solution5/.autopilot/db/matrix_mult.tbgen.tcl 
Execute       source C:/XinlinxHLS/tutor3/solution5/.autopilot/db/global.setting.tcl 
Execute       ap_part_info -name xc7k70t-fbv676-1 -data names -quiet 
Execute       ap_part_info -name xc7k70t-fbv676-1 -data info -quiet 
Execute       source C:/XinlinxHLS/tutor3/solution5/.autopilot/db/matrix_mult.constraint.tcl 
Execute       sc_get_clocks matrix_mult 
Execute       source C:/XinlinxHLS/tutor3/solution5/.autopilot/db/global.setting.tcl 
INFO-FLOW: DBG:PROC: ::HLSREPORTS::add_csynth_report_sections bind_info_dict='adapter_nodes {} cache_nodes {} report_dict {TOPINST matrix_mult MODULE2INSTS {matrix_mult matrix_mult} INST2MODULE {matrix_mult matrix_mult} INSTDATA {matrix_mult {DEPTH 1 CHILDREN {}}} MODULEDATA {matrix_mult {BINDINFO {{BINDTYPE op ID {} IMPL dsp_slice LATENCY 3 OPTYPE mul PRAGMA {} RTLNAME mac_muladd_8s_8s_16s_16_4_1_U83 SOURCE matrix_mult.cpp:16 VARIABLE mul_ln16 LOOP {} BUNDLEDNAME {} DSP 1 BRAM 0 URAM 0 STORAGESUBTYPE {} DISPNAME {bind_op mul} VISIBLE true} {BINDTYPE op ID {} IMPL auto LATENCY 0 OPTYPE mul PRAGMA {} RTLNAME mul_8s_8s_16_1_1_U25 SOURCE matrix_mult.cpp:16 VARIABLE mul_ln16_1 LOOP {} BUNDLEDNAME {} DSP 0 BRAM 0 URAM 0 STORAGESUBTYPE {} DISPNAME {bind_op mul} VISIBLE true} {BINDTYPE op ID {} IMPL dsp_slice LATENCY 3 OPTYPE mul PRAGMA {} RTLNAME mac_muladd_8s_8s_16ns_16_4_1_U59 SOURCE matrix_mult.cpp:16 VARIABLE mul_ln16_2 LOOP {} BUNDLEDNAME {} DSP 1 BRAM 0 URAM 0 STORAGESUBTYPE {} DISPNAME {bind_op mul} VISIBLE true} {BINDTYPE op ID {} IMPL auto LATENCY 0 OPTYPE mul PRAGMA {} RTLNAME mul_8s_8s_16_1_1_U1 SOURCE matrix_mult.cpp:16 VARIABLE mul_ln16_3 LOOP {} BUNDLEDNAME {} DSP 0 BRAM 0 URAM 0 STORAGESUBTYPE {} DISPNAME {bind_op mul} VISIBLE true} {BINDTYPE op ID {} IMPL dsp_slice LATENCY 3 OPTYPE mul PRAGMA {} RTLNAME mac_muladd_8s_8s_16s_16_4_1_U51 SOURCE matrix_mult.cpp:16 VARIABLE mul_ln16_4 LOOP {} BUNDLEDNAME {} DSP 1 BRAM 0 URAM 0 STORAGESUBTYPE {} DISPNAME {bind_op mul} VISIBLE true} {BINDTYPE op ID {} IMPL dsp_slice LATENCY 3 OPTYPE add PRAGMA {} RTLNAME mac_muladd_8s_8s_16s_16_4_1_U83 SOURCE matrix_mult.cpp:16 VARIABLE add_ln16 LOOP {} BUNDLEDNAME {} DSP 1 BRAM 0 URAM 0 STORAGESUBTYPE {} DISPNAME {bind_op add} VISIBLE true} {BINDTYPE op ID {} IMPL dsp_slice LATENCY 3 OPTYPE add PRAGMA {} RTLNAME mac_muladd_8s_8s_16s_16_4_1_U51 SOURCE matrix_mult.cpp:16 VARIABLE add_ln16_1 LOOP {} BUNDLEDNAME {} DSP 1 BRAM 0 URAM 0 STORAGESUBTYPE {} DISPNAME {bind_op add} VISIBLE true} {BINDTYPE op ID {} IMPL dsp_slice LATENCY 3 OPTYPE add PRAGMA {} RTLNAME mac_muladd_8s_8s_16ns_16_4_1_U59 SOURCE matrix_mult.cpp:16 VARIABLE add_ln16_2 LOOP {} BUNDLEDNAME {} DSP 1 BRAM 0 URAM 0 STORAGESUBTYPE {} DISPNAME {bind_op add} VISIBLE true} {BINDTYPE op ID {} IMPL fabric LATENCY 0 OPTYPE add PRAGMA {} RTLNAME add_ln16_3_fu_960_p2 SOURCE matrix_mult.cpp:16 VARIABLE add_ln16_3 LOOP {} BUNDLEDNAME {} DSP 0 BRAM 0 URAM 0 STORAGESUBTYPE {} DISPNAME {bind_op add} VISIBLE true} {BINDTYPE op ID {} IMPL dsp_slice LATENCY 3 OPTYPE mul PRAGMA {} RTLNAME mac_muladd_8s_8s_16s_16_4_1_U84 SOURCE matrix_mult.cpp:16 VARIABLE mul_ln16_5 LOOP {} BUNDLEDNAME {} DSP 1 BRAM 0 URAM 0 STORAGESUBTYPE {} DISPNAME {bind_op mul} VISIBLE true} {BINDTYPE op ID {} IMPL auto LATENCY 0 OPTYPE mul PRAGMA {} RTLNAME mul_8s_8s_16_1_1_U26 SOURCE matrix_mult.cpp:16 VARIABLE mul_ln16_6 LOOP {} BUNDLEDNAME {} DSP 0 BRAM 0 URAM 0 STORAGESUBTYPE {} DISPNAME {bind_op mul} VISIBLE true} {BINDTYPE op ID {} IMPL dsp_slice LATENCY 3 OPTYPE mul PRAGMA {} RTLNAME mac_muladd_8s_8s_16ns_16_4_1_U60 SOURCE matrix_mult.cpp:16 VARIABLE mul_ln16_7 LOOP {} BUNDLEDNAME {} DSP 1 BRAM 0 URAM 0 STORAGESUBTYPE {} DISPNAME {bind_op mul} VISIBLE true} {BINDTYPE op ID {} IMPL auto LATENCY 0 OPTYPE mul PRAGMA {} RTLNAME mul_8s_8s_16_1_1_U2 SOURCE matrix_mult.cpp:16 VARIABLE mul_ln16_8 LOOP {} BUNDLEDNAME {} DSP 0 BRAM 0 URAM 0 STORAGESUBTYPE {} DISPNAME {bind_op mul} VISIBLE true} {BINDTYPE op ID {} IMPL dsp_slice LATENCY 3 OPTYPE mul PRAGMA {} RTLNAME mac_muladd_8s_8s_16s_16_4_1_U52 SOURCE matrix_mult.cpp:16 VARIABLE mul_ln16_9 LOOP {} BUNDLEDNAME {} DSP 1 BRAM 0 URAM 0 STORAGESUBTYPE {} DISPNAME {bind_op mul} VISIBLE true} {BINDTYPE op ID {} IMPL dsp_slice LATENCY 3 OPTYPE add PRAGMA {} RTLNAME mac_muladd_8s_8s_16s_16_4_1_U84 SOURCE matrix_mult.cpp:16 VARIABLE add_ln16_4 LOOP {} BUNDLEDNAME {} DSP 1 BRAM 0 URAM 0 STORAGESUBTYPE {} DISPNAME {bind_op add} VISIBLE true} {BINDTYPE op ID {} IMPL dsp_slice LATENCY 3 OPTYPE add PRAGMA {} RTLNAME mac_muladd_8s_8s_16s_16_4_1_U52 SOURCE matrix_mult.cpp:16 VARIABLE add_ln16_5 LOOP {} BUNDLEDNAME {} DSP 1 BRAM 0 URAM 0 STORAGESUBTYPE {} DISPNAME {bind_op add} VISIBLE true} {BINDTYPE op ID {} IMPL dsp_slice LATENCY 3 OPTYPE add PRAGMA {} RTLNAME mac_muladd_8s_8s_16ns_16_4_1_U60 SOURCE matrix_mult.cpp:16 VARIABLE add_ln16_6 LOOP {} BUNDLEDNAME {} DSP 1 BRAM 0 URAM 0 STORAGESUBTYPE {} DISPNAME {bind_op add} VISIBLE true} {BINDTYPE op ID {} IMPL fabric LATENCY 0 OPTYPE add PRAGMA {} RTLNAME add_ln16_7_fu_964_p2 SOURCE matrix_mult.cpp:16 VARIABLE add_ln16_7 LOOP {} BUNDLEDNAME {} DSP 0 BRAM 0 URAM 0 STORAGESUBTYPE {} DISPNAME {bind_op add} VISIBLE true} {BINDTYPE op ID {} IMPL dsp_slice LATENCY 3 OPTYPE mul PRAGMA {} RTLNAME mac_muladd_8s_8s_16s_16_4_1_U85 SOURCE matrix_mult.cpp:16 VARIABLE mul_ln16_10 LOOP {} BUNDLEDNAME {} DSP 1 BRAM 0 URAM 0 STORAGESUBTYPE {} DISPNAME {bind_op mul} VISIBLE true} {BINDTYPE op ID {} IMPL auto LATENCY 0 OPTYPE mul PRAGMA {} RTLNAME mul_8s_8s_16_1_1_U27 SOURCE matrix_mult.cpp:16 VARIABLE mul_ln16_11 LOOP {} BUNDLEDNAME {} DSP 0 BRAM 0 URAM 0 STORAGESUBTYPE {} DISPNAME {bind_op mul} VISIBLE true} {BINDTYPE op ID {} IMPL dsp_slice LATENCY 3 OPTYPE mul PRAGMA {} RTLNAME mac_muladd_8s_8s_16ns_16_4_1_U65 SOURCE matrix_mult.cpp:16 VARIABLE mul_ln16_12 LOOP {} BUNDLEDNAME {} DSP 1 BRAM 0 URAM 0 STORAGESUBTYPE {} DISPNAME {bind_op mul} VISIBLE true} {BINDTYPE op ID {} IMPL auto LATENCY 0 OPTYPE mul PRAGMA {} RTLNAME mul_8s_8s_16_1_1_U5 SOURCE matrix_mult.cpp:16 VARIABLE mul_ln16_13 LOOP {} BUNDLEDNAME {} DSP 0 BRAM 0 URAM 0 STORAGESUBTYPE {} DISPNAME {bind_op mul} VISIBLE true} {BINDTYPE op ID {} IMPL dsp_slice LATENCY 3 OPTYPE mul PRAGMA {} RTLNAME mac_muladd_8s_8s_16s_16_4_1_U55 SOURCE matrix_mult.cpp:16 VARIABLE mul_ln16_14 LOOP {} BUNDLEDNAME {} DSP 1 BRAM 0 URAM 0 STORAGESUBTYPE {} DISPNAME {bind_op mul} VISIBLE true} {BINDTYPE op ID {} IMPL dsp_slice LATENCY 3 OPTYPE add PRAGMA {} RTLNAME mac_muladd_8s_8s_16s_16_4_1_U85 SOURCE matrix_mult.cpp:16 VARIABLE add_ln16_8 LOOP {} BUNDLEDNAME {} DSP 1 BRAM 0 URAM 0 STORAGESUBTYPE {} DISPNAME {bind_op add} VISIBLE true} {BINDTYPE op ID {} IMPL dsp_slice LATENCY 3 OPTYPE add PRAGMA {} RTLNAME mac_muladd_8s_8s_16s_16_4_1_U55 SOURCE matrix_mult.cpp:16 VARIABLE add_ln16_9 LOOP {} BUNDLEDNAME {} DSP 1 BRAM 0 URAM 0 STORAGESUBTYPE {} DISPNAME {bind_op add} VISIBLE true} {BINDTYPE op ID {} IMPL dsp_slice LATENCY 3 OPTYPE add PRAGMA {} RTLNAME mac_muladd_8s_8s_16ns_16_4_1_U65 SOURCE matrix_mult.cpp:16 VARIABLE add_ln16_10 LOOP {} BUNDLEDNAME {} DSP 1 BRAM 0 URAM 0 STORAGESUBTYPE {} DISPNAME {bind_op add} VISIBLE true} {BINDTYPE op ID {} IMPL fabric LATENCY 0 OPTYPE add PRAGMA {} RTLNAME add_ln16_11_fu_968_p2 SOURCE matrix_mult.cpp:16 VARIABLE add_ln16_11 LOOP {} BUNDLEDNAME {} DSP 0 BRAM 0 URAM 0 STORAGESUBTYPE {} DISPNAME {bind_op add} VISIBLE true} {BINDTYPE op ID {} IMPL dsp_slice LATENCY 3 OPTYPE mul PRAGMA {} RTLNAME mac_muladd_8s_8s_16s_16_4_1_U89 SOURCE matrix_mult.cpp:16 VARIABLE mul_ln16_15 LOOP {} BUNDLEDNAME {} DSP 1 BRAM 0 URAM 0 STORAGESUBTYPE {} DISPNAME {bind_op mul} VISIBLE true} {BINDTYPE op ID {} IMPL auto LATENCY 0 OPTYPE mul PRAGMA {} RTLNAME mul_8s_8s_16_1_1_U29 SOURCE matrix_mult.cpp:16 VARIABLE mul_ln16_16 LOOP {} BUNDLEDNAME {} DSP 0 BRAM 0 URAM 0 STORAGESUBTYPE {} DISPNAME {bind_op mul} VISIBLE true} {BINDTYPE op ID {} IMPL dsp_slice LATENCY 3 OPTYPE mul PRAGMA {} RTLNAME mac_muladd_8s_8s_16ns_16_4_1_U66 SOURCE matrix_mult.cpp:16 VARIABLE mul_ln16_17 LOOP {} BUNDLEDNAME {} DSP 1 BRAM 0 URAM 0 STORAGESUBTYPE {} DISPNAME {bind_op mul} VISIBLE true} {BINDTYPE op ID {} IMPL auto LATENCY 0 OPTYPE mul PRAGMA {} RTLNAME mul_8s_8s_16_1_1_U6 SOURCE matrix_mult.cpp:16 VARIABLE mul_ln16_18 LOOP {} BUNDLEDNAME {} DSP 0 BRAM 0 URAM 0 STORAGESUBTYPE {} DISPNAME {bind_op mul} VISIBLE true} {BINDTYPE op ID {} IMPL dsp_slice LATENCY 3 OPTYPE mul PRAGMA {} RTLNAME mac_muladd_8s_8s_16s_16_4_1_U56 SOURCE matrix_mult.cpp:16 VARIABLE mul_ln16_19 LOOP {} BUNDLEDNAME {} DSP 1 BRAM 0 URAM 0 STORAGESUBTYPE {} DISPNAME {bind_op mul} VISIBLE true} {BINDTYPE op ID {} IMPL dsp_slice LATENCY 3 OPTYPE add PRAGMA {} RTLNAME mac_muladd_8s_8s_16s_16_4_1_U89 SOURCE matrix_mult.cpp:16 VARIABLE add_ln16_12 LOOP {} BUNDLEDNAME {} DSP 1 BRAM 0 URAM 0 STORAGESUBTYPE {} DISPNAME {bind_op add} VISIBLE true} {BINDTYPE op ID {} IMPL dsp_slice LATENCY 3 OPTYPE add PRAGMA {} RTLNAME mac_muladd_8s_8s_16s_16_4_1_U56 SOURCE matrix_mult.cpp:16 VARIABLE add_ln16_13 LOOP {} BUNDLEDNAME {} DSP 1 BRAM 0 URAM 0 STORAGESUBTYPE {} DISPNAME {bind_op add} VISIBLE true} {BINDTYPE op ID {} IMPL dsp_slice LATENCY 3 OPTYPE add PRAGMA {} RTLNAME mac_muladd_8s_8s_16ns_16_4_1_U66 SOURCE matrix_mult.cpp:16 VARIABLE add_ln16_14 LOOP {} BUNDLEDNAME {} DSP 1 BRAM 0 URAM 0 STORAGESUBTYPE {} DISPNAME {bind_op add} VISIBLE true} {BINDTYPE op ID {} IMPL fabric LATENCY 0 OPTYPE add PRAGMA {} RTLNAME add_ln16_15_fu_995_p2 SOURCE matrix_mult.cpp:16 VARIABLE add_ln16_15 LOOP {} BUNDLEDNAME {} DSP 0 BRAM 0 URAM 0 STORAGESUBTYPE {} DISPNAME {bind_op add} VISIBLE true} {BINDTYPE op ID {} IMPL dsp_slice LATENCY 3 OPTYPE mul PRAGMA {} RTLNAME mac_muladd_8s_8s_16s_16_4_1_U90 SOURCE matrix_mult.cpp:16 VARIABLE mul_ln16_20 LOOP {} BUNDLEDNAME {} DSP 1 BRAM 0 URAM 0 STORAGESUBTYPE {} DISPNAME {bind_op mul} VISIBLE true} {BINDTYPE op ID {} IMPL auto LATENCY 0 OPTYPE mul PRAGMA {} RTLNAME mul_8s_8s_16_1_1_U30 SOURCE matrix_mult.cpp:16 VARIABLE mul_ln16_21 LOOP {} BUNDLEDNAME {} DSP 0 BRAM 0 URAM 0 STORAGESUBTYPE {} DISPNAME {bind_op mul} VISIBLE true} {BINDTYPE op ID {} IMPL dsp_slice LATENCY 3 OPTYPE mul PRAGMA {} RTLNAME mac_muladd_8s_8s_16ns_16_4_1_U71 SOURCE matrix_mult.cpp:16 VARIABLE mul_ln16_22 LOOP {} BUNDLEDNAME {} DSP 1 BRAM 0 URAM 0 STORAGESUBTYPE {} DISPNAME {bind_op mul} VISIBLE true} {BINDTYPE op ID {} IMPL auto LATENCY 0 OPTYPE mul PRAGMA {} RTLNAME mul_8s_8s_16_1_1_U9 SOURCE matrix_mult.cpp:16 VARIABLE mul_ln16_23 LOOP {} BUNDLEDNAME {} DSP 0 BRAM 0 URAM 0 STORAGESUBTYPE {} DISPNAME {bind_op mul} VISIBLE true} {BINDTYPE op ID {} IMPL dsp_slice LATENCY 3 OPTYPE mul PRAGMA {} RTLNAME mac_muladd_8s_8s_16s_16_4_1_U61 SOURCE matrix_mult.cpp:16 VARIABLE mul_ln16_24 LOOP {} BUNDLEDNAME {} DSP 1 BRAM 0 URAM 0 STORAGESUBTYPE {} DISPNAME {bind_op mul} VISIBLE true} {BINDTYPE op ID {} IMPL dsp_slice LATENCY 3 OPTYPE add PRAGMA {} RTLNAME mac_muladd_8s_8s_16s_16_4_1_U90 SOURCE matrix_mult.cpp:16 VARIABLE add_ln16_16 LOOP {} BUNDLEDNAME {} DSP 1 BRAM 0 URAM 0 STORAGESUBTYPE {} DISPNAME {bind_op add} VISIBLE true} {BINDTYPE op ID {} IMPL dsp_slice LATENCY 3 OPTYPE add PRAGMA {} RTLNAME mac_muladd_8s_8s_16s_16_4_1_U61 SOURCE matrix_mult.cpp:16 VARIABLE add_ln16_17 LOOP {} BUNDLEDNAME {} DSP 1 BRAM 0 URAM 0 STORAGESUBTYPE {} DISPNAME {bind_op add} VISIBLE true} {BINDTYPE op ID {} IMPL dsp_slice LATENCY 3 OPTYPE add PRAGMA {} RTLNAME mac_muladd_8s_8s_16ns_16_4_1_U71 SOURCE matrix_mult.cpp:16 VARIABLE add_ln16_18 LOOP {} BUNDLEDNAME {} DSP 1 BRAM 0 URAM 0 STORAGESUBTYPE {} DISPNAME {bind_op add} VISIBLE true} {BINDTYPE op ID {} IMPL fabric LATENCY 0 OPTYPE add PRAGMA {} RTLNAME add_ln16_19_fu_999_p2 SOURCE matrix_mult.cpp:16 VARIABLE add_ln16_19 LOOP {} BUNDLEDNAME {} DSP 0 BRAM 0 URAM 0 STORAGESUBTYPE {} DISPNAME {bind_op add} VISIBLE true} {BINDTYPE op ID {} IMPL dsp_slice LATENCY 3 OPTYPE mul PRAGMA {} RTLNAME mac_muladd_8s_8s_16s_16_4_1_U91 SOURCE matrix_mult.cpp:16 VARIABLE mul_ln16_25 LOOP {} BUNDLEDNAME {} DSP 1 BRAM 0 URAM 0 STORAGESUBTYPE {} DISPNAME {bind_op mul} VISIBLE true} {BINDTYPE op ID {} IMPL auto LATENCY 0 OPTYPE mul PRAGMA {} RTLNAME mul_8s_8s_16_1_1_U31 SOURCE matrix_mult.cpp:16 VARIABLE mul_ln16_26 LOOP {} BUNDLEDNAME {} DSP 0 BRAM 0 URAM 0 STORAGESUBTYPE {} DISPNAME {bind_op mul} VISIBLE true} {BINDTYPE op ID {} IMPL dsp_slice LATENCY 3 OPTYPE mul PRAGMA {} RTLNAME mac_muladd_8s_8s_16ns_16_4_1_U72 SOURCE matrix_mult.cpp:16 VARIABLE mul_ln16_27 LOOP {} BUNDLEDNAME {} DSP 1 BRAM 0 URAM 0 STORAGESUBTYPE {} DISPNAME {bind_op mul} VISIBLE true} {BINDTYPE op ID {} IMPL auto LATENCY 0 OPTYPE mul PRAGMA {} RTLNAME mul_8s_8s_16_1_1_U3 SOURCE matrix_mult.cpp:16 VARIABLE mul_ln16_28 LOOP {} BUNDLEDNAME {} DSP 0 BRAM 0 URAM 0 STORAGESUBTYPE {} DISPNAME {bind_op mul} VISIBLE true} {BINDTYPE op ID {} IMPL dsp_slice LATENCY 3 OPTYPE mul PRAGMA {} RTLNAME mac_muladd_8s_8s_16s_16_4_1_U53 SOURCE matrix_mult.cpp:16 VARIABLE mul_ln16_29 LOOP {} BUNDLEDNAME {} DSP 1 BRAM 0 URAM 0 STORAGESUBTYPE {} DISPNAME {bind_op mul} VISIBLE true} {BINDTYPE op ID {} IMPL dsp_slice LATENCY 3 OPTYPE add PRAGMA {} RTLNAME mac_muladd_8s_8s_16s_16_4_1_U91 SOURCE matrix_mult.cpp:16 VARIABLE add_ln16_20 LOOP {} BUNDLEDNAME {} DSP 1 BRAM 0 URAM 0 STORAGESUBTYPE {} DISPNAME {bind_op add} VISIBLE true} {BINDTYPE op ID {} IMPL dsp_slice LATENCY 3 OPTYPE add PRAGMA {} RTLNAME mac_muladd_8s_8s_16s_16_4_1_U53 SOURCE matrix_mult.cpp:16 VARIABLE add_ln16_21 LOOP {} BUNDLEDNAME {} DSP 1 BRAM 0 URAM 0 STORAGESUBTYPE {} DISPNAME {bind_op add} VISIBLE true} {BINDTYPE op ID {} IMPL dsp_slice LATENCY 3 OPTYPE add PRAGMA {} RTLNAME mac_muladd_8s_8s_16ns_16_4_1_U72 SOURCE matrix_mult.cpp:16 VARIABLE add_ln16_22 LOOP {} BUNDLEDNAME {} DSP 1 BRAM 0 URAM 0 STORAGESUBTYPE {} DISPNAME {bind_op add} VISIBLE true} {BINDTYPE op ID {} IMPL fabric LATENCY 0 OPTYPE add PRAGMA {} RTLNAME add_ln16_23_fu_1003_p2 SOURCE matrix_mult.cpp:16 VARIABLE add_ln16_23 LOOP {} BUNDLEDNAME {} DSP 0 BRAM 0 URAM 0 STORAGESUBTYPE {} DISPNAME {bind_op add} VISIBLE true} {BINDTYPE op ID {} IMPL dsp_slice LATENCY 3 OPTYPE mul PRAGMA {} RTLNAME mac_muladd_8s_8s_16s_16_4_1_U92 SOURCE matrix_mult.cpp:16 VARIABLE mul_ln16_30 LOOP {} BUNDLEDNAME {} DSP 1 BRAM 0 URAM 0 STORAGESUBTYPE {} DISPNAME {bind_op mul} VISIBLE true} {BINDTYPE op ID {} IMPL auto LATENCY 0 OPTYPE mul PRAGMA {} RTLNAME mul_8s_8s_16_1_1_U32 SOURCE matrix_mult.cpp:16 VARIABLE mul_ln16_31 LOOP {} BUNDLEDNAME {} DSP 0 BRAM 0 URAM 0 STORAGESUBTYPE {} DISPNAME {bind_op mul} VISIBLE true} {BINDTYPE op ID {} IMPL dsp_slice LATENCY 3 OPTYPE mul PRAGMA {} RTLNAME mac_muladd_8s_8s_16ns_16_4_1_U77 SOURCE matrix_mult.cpp:16 VARIABLE mul_ln16_32 LOOP {} BUNDLEDNAME {} DSP 1 BRAM 0 URAM 0 STORAGESUBTYPE {} DISPNAME {bind_op mul} VISIBLE true} {BINDTYPE op ID {} IMPL auto LATENCY 0 OPTYPE mul PRAGMA {} RTLNAME mul_8s_8s_16_1_1_U4 SOURCE matrix_mult.cpp:16 VARIABLE mul_ln16_33 LOOP {} BUNDLEDNAME {} DSP 0 BRAM 0 URAM 0 STORAGESUBTYPE {} DISPNAME {bind_op mul} VISIBLE true} {BINDTYPE op ID {} IMPL dsp_slice LATENCY 3 OPTYPE mul PRAGMA {} RTLNAME mac_muladd_8s_8s_16s_16_4_1_U54 SOURCE matrix_mult.cpp:16 VARIABLE mul_ln16_34 LOOP {} BUNDLEDNAME {} DSP 1 BRAM 0 URAM 0 STORAGESUBTYPE {} DISPNAME {bind_op mul} VISIBLE true} {BINDTYPE op ID {} IMPL dsp_slice LATENCY 3 OPTYPE add PRAGMA {} RTLNAME mac_muladd_8s_8s_16s_16_4_1_U92 SOURCE matrix_mult.cpp:16 VARIABLE add_ln16_24 LOOP {} BUNDLEDNAME {} DSP 1 BRAM 0 URAM 0 STORAGESUBTYPE {} DISPNAME {bind_op add} VISIBLE true} {BINDTYPE op ID {} IMPL dsp_slice LATENCY 3 OPTYPE add PRAGMA {} RTLNAME mac_muladd_8s_8s_16s_16_4_1_U54 SOURCE matrix_mult.cpp:16 VARIABLE add_ln16_25 LOOP {} BUNDLEDNAME {} DSP 1 BRAM 0 URAM 0 STORAGESUBTYPE {} DISPNAME {bind_op add} VISIBLE true} {BINDTYPE op ID {} IMPL dsp_slice LATENCY 3 OPTYPE add PRAGMA {} RTLNAME mac_muladd_8s_8s_16ns_16_4_1_U77 SOURCE matrix_mult.cpp:16 VARIABLE add_ln16_26 LOOP {} BUNDLEDNAME {} DSP 1 BRAM 0 URAM 0 STORAGESUBTYPE {} DISPNAME {bind_op add} VISIBLE true} {BINDTYPE op ID {} IMPL fabric LATENCY 0 OPTYPE add PRAGMA {} RTLNAME add_ln16_27_fu_1007_p2 SOURCE matrix_mult.cpp:16 VARIABLE add_ln16_27 LOOP {} BUNDLEDNAME {} DSP 0 BRAM 0 URAM 0 STORAGESUBTYPE {} DISPNAME {bind_op add} VISIBLE true} {BINDTYPE op ID {} IMPL dsp_slice LATENCY 3 OPTYPE mul PRAGMA {} RTLNAME mac_muladd_8s_8s_16s_16_4_1_U95 SOURCE matrix_mult.cpp:16 VARIABLE mul_ln16_35 LOOP {} BUNDLEDNAME {} DSP 1 BRAM 0 URAM 0 STORAGESUBTYPE {} DISPNAME {bind_op mul} VISIBLE true} {BINDTYPE op ID {} IMPL auto LATENCY 0 OPTYPE mul PRAGMA {} RTLNAME mul_8s_8s_16_1_1_U33 SOURCE matrix_mult.cpp:16 VARIABLE mul_ln16_36 LOOP {} BUNDLEDNAME {} DSP 0 BRAM 0 URAM 0 STORAGESUBTYPE {} DISPNAME {bind_op mul} VISIBLE true} {BINDTYPE op ID {} IMPL dsp_slice LATENCY 3 OPTYPE mul PRAGMA {} RTLNAME mac_muladd_8s_8s_16ns_16_4_1_U78 SOURCE matrix_mult.cpp:16 VARIABLE mul_ln16_37 LOOP {} BUNDLEDNAME {} DSP 1 BRAM 0 URAM 0 STORAGESUBTYPE {} DISPNAME {bind_op mul} VISIBLE true} {BINDTYPE op ID {} IMPL auto LATENCY 0 OPTYPE mul PRAGMA {} RTLNAME mul_8s_8s_16_1_1_U7 SOURCE matrix_mult.cpp:16 VARIABLE mul_ln16_38 LOOP {} BUNDLEDNAME {} DSP 0 BRAM 0 URAM 0 STORAGESUBTYPE {} DISPNAME {bind_op mul} VISIBLE true} {BINDTYPE op ID {} IMPL dsp_slice LATENCY 3 OPTYPE mul PRAGMA {} RTLNAME mac_muladd_8s_8s_16s_16_4_1_U57 SOURCE matrix_mult.cpp:16 VARIABLE mul_ln16_39 LOOP {} BUNDLEDNAME {} DSP 1 BRAM 0 URAM 0 STORAGESUBTYPE {} DISPNAME {bind_op mul} VISIBLE true} {BINDTYPE op ID {} IMPL dsp_slice LATENCY 3 OPTYPE add PRAGMA {} RTLNAME mac_muladd_8s_8s_16s_16_4_1_U95 SOURCE matrix_mult.cpp:16 VARIABLE add_ln16_28 LOOP {} BUNDLEDNAME {} DSP 1 BRAM 0 URAM 0 STORAGESUBTYPE {} DISPNAME {bind_op add} VISIBLE true} {BINDTYPE op ID {} IMPL dsp_slice LATENCY 3 OPTYPE add PRAGMA {} RTLNAME mac_muladd_8s_8s_16s_16_4_1_U57 SOURCE matrix_mult.cpp:16 VARIABLE add_ln16_29 LOOP {} BUNDLEDNAME {} DSP 1 BRAM 0 URAM 0 STORAGESUBTYPE {} DISPNAME {bind_op add} VISIBLE true} {BINDTYPE op ID {} IMPL dsp_slice LATENCY 3 OPTYPE add PRAGMA {} RTLNAME mac_muladd_8s_8s_16ns_16_4_1_U78 SOURCE matrix_mult.cpp:16 VARIABLE add_ln16_30 LOOP {} BUNDLEDNAME {} DSP 1 BRAM 0 URAM 0 STORAGESUBTYPE {} DISPNAME {bind_op add} VISIBLE true} {BINDTYPE op ID {} IMPL fabric LATENCY 0 OPTYPE add PRAGMA {} RTLNAME add_ln16_31_fu_1030_p2 SOURCE matrix_mult.cpp:16 VARIABLE add_ln16_31 LOOP {} BUNDLEDNAME {} DSP 0 BRAM 0 URAM 0 STORAGESUBTYPE {} DISPNAME {bind_op add} VISIBLE true} {BINDTYPE op ID {} IMPL dsp_slice LATENCY 3 OPTYPE mul PRAGMA {} RTLNAME mac_muladd_8s_8s_16s_16_4_1_U96 SOURCE matrix_mult.cpp:16 VARIABLE mul_ln16_40 LOOP {} BUNDLEDNAME {} DSP 1 BRAM 0 URAM 0 STORAGESUBTYPE {} DISPNAME {bind_op mul} VISIBLE true} {BINDTYPE op ID {} IMPL auto LATENCY 0 OPTYPE mul PRAGMA {} RTLNAME mul_8s_8s_16_1_1_U34 SOURCE matrix_mult.cpp:16 VARIABLE mul_ln16_41 LOOP {} BUNDLEDNAME {} DSP 0 BRAM 0 URAM 0 STORAGESUBTYPE {} DISPNAME {bind_op mul} VISIBLE true} {BINDTYPE op ID {} IMPL dsp_slice LATENCY 3 OPTYPE mul PRAGMA {} RTLNAME mac_muladd_8s_8s_16ns_16_4_1_U86 SOURCE matrix_mult.cpp:16 VARIABLE mul_ln16_42 LOOP {} BUNDLEDNAME {} DSP 1 BRAM 0 URAM 0 STORAGESUBTYPE {} DISPNAME {bind_op mul} VISIBLE true} {BINDTYPE op ID {} IMPL auto LATENCY 0 OPTYPE mul PRAGMA {} RTLNAME mul_8s_8s_16_1_1_U8 SOURCE matrix_mult.cpp:16 VARIABLE mul_ln16_43 LOOP {} BUNDLEDNAME {} DSP 0 BRAM 0 URAM 0 STORAGESUBTYPE {} DISPNAME {bind_op mul} VISIBLE true} {BINDTYPE op ID {} IMPL dsp_slice LATENCY 3 OPTYPE mul PRAGMA {} RTLNAME mac_muladd_8s_8s_16s_16_4_1_U58 SOURCE matrix_mult.cpp:16 VARIABLE mul_ln16_44 LOOP {} BUNDLEDNAME {} DSP 1 BRAM 0 URAM 0 STORAGESUBTYPE {} DISPNAME {bind_op mul} VISIBLE true} {BINDTYPE op ID {} IMPL dsp_slice LATENCY 3 OPTYPE add PRAGMA {} RTLNAME mac_muladd_8s_8s_16s_16_4_1_U96 SOURCE matrix_mult.cpp:16 VARIABLE add_ln16_32 LOOP {} BUNDLEDNAME {} DSP 1 BRAM 0 URAM 0 STORAGESUBTYPE {} DISPNAME {bind_op add} VISIBLE true} {BINDTYPE op ID {} IMPL dsp_slice LATENCY 3 OPTYPE add PRAGMA {} RTLNAME mac_muladd_8s_8s_16s_16_4_1_U58 SOURCE matrix_mult.cpp:16 VARIABLE add_ln16_33 LOOP {} BUNDLEDNAME {} DSP 1 BRAM 0 URAM 0 STORAGESUBTYPE {} DISPNAME {bind_op add} VISIBLE true} {BINDTYPE op ID {} IMPL dsp_slice LATENCY 3 OPTYPE add PRAGMA {} RTLNAME mac_muladd_8s_8s_16ns_16_4_1_U86 SOURCE matrix_mult.cpp:16 VARIABLE add_ln16_34 LOOP {} BUNDLEDNAME {} DSP 1 BRAM 0 URAM 0 STORAGESUBTYPE {} DISPNAME {bind_op add} VISIBLE true} {BINDTYPE op ID {} IMPL fabric LATENCY 0 OPTYPE add PRAGMA {} RTLNAME add_ln16_35_fu_1034_p2 SOURCE matrix_mult.cpp:16 VARIABLE add_ln16_35 LOOP {} BUNDLEDNAME {} DSP 0 BRAM 0 URAM 0 STORAGESUBTYPE {} DISPNAME {bind_op add} VISIBLE true} {BINDTYPE op ID {} IMPL dsp_slice LATENCY 3 OPTYPE mul PRAGMA {} RTLNAME mac_muladd_8s_8s_16s_16_4_1_U97 SOURCE matrix_mult.cpp:16 VARIABLE mul_ln16_45 LOOP {} BUNDLEDNAME {} DSP 1 BRAM 0 URAM 0 STORAGESUBTYPE {} DISPNAME {bind_op mul} VISIBLE true} {BINDTYPE op ID {} IMPL auto LATENCY 0 OPTYPE mul PRAGMA {} RTLNAME mul_8s_8s_16_1_1_U35 SOURCE matrix_mult.cpp:16 VARIABLE mul_ln16_46 LOOP {} BUNDLEDNAME {} DSP 0 BRAM 0 URAM 0 STORAGESUBTYPE {} DISPNAME {bind_op mul} VISIBLE true} {BINDTYPE op ID {} IMPL dsp_slice LATENCY 3 OPTYPE mul PRAGMA {} RTLNAME mac_muladd_8s_8s_16ns_16_4_1_U87 SOURCE matrix_mult.cpp:16 VARIABLE mul_ln16_47 LOOP {} BUNDLEDNAME {} DSP 1 BRAM 0 URAM 0 STORAGESUBTYPE {} DISPNAME {bind_op mul} VISIBLE true} {BINDTYPE op ID {} IMPL auto LATENCY 0 OPTYPE mul PRAGMA {} RTLNAME mul_8s_8s_16_1_1_U10 SOURCE matrix_mult.cpp:16 VARIABLE mul_ln16_48 LOOP {} BUNDLEDNAME {} DSP 0 BRAM 0 URAM 0 STORAGESUBTYPE {} DISPNAME {bind_op mul} VISIBLE true} {BINDTYPE op ID {} IMPL dsp_slice LATENCY 3 OPTYPE mul PRAGMA {} RTLNAME mac_muladd_8s_8s_16s_16_4_1_U62 SOURCE matrix_mult.cpp:16 VARIABLE mul_ln16_49 LOOP {} BUNDLEDNAME {} DSP 1 BRAM 0 URAM 0 STORAGESUBTYPE {} DISPNAME {bind_op mul} VISIBLE true} {BINDTYPE op ID {} IMPL dsp_slice LATENCY 3 OPTYPE add PRAGMA {} RTLNAME mac_muladd_8s_8s_16s_16_4_1_U97 SOURCE matrix_mult.cpp:16 VARIABLE add_ln16_36 LOOP {} BUNDLEDNAME {} DSP 1 BRAM 0 URAM 0 STORAGESUBTYPE {} DISPNAME {bind_op add} VISIBLE true} {BINDTYPE op ID {} IMPL dsp_slice LATENCY 3 OPTYPE add PRAGMA {} RTLNAME mac_muladd_8s_8s_16s_16_4_1_U62 SOURCE matrix_mult.cpp:16 VARIABLE add_ln16_37 LOOP {} BUNDLEDNAME {} DSP 1 BRAM 0 URAM 0 STORAGESUBTYPE {} DISPNAME {bind_op add} VISIBLE true} {BINDTYPE op ID {} IMPL dsp_slice LATENCY 3 OPTYPE add PRAGMA {} RTLNAME mac_muladd_8s_8s_16ns_16_4_1_U87 SOURCE matrix_mult.cpp:16 VARIABLE add_ln16_38 LOOP {} BUNDLEDNAME {} DSP 1 BRAM 0 URAM 0 STORAGESUBTYPE {} DISPNAME {bind_op add} VISIBLE true} {BINDTYPE op ID {} IMPL fabric LATENCY 0 OPTYPE add PRAGMA {} RTLNAME add_ln16_39_fu_1038_p2 SOURCE matrix_mult.cpp:16 VARIABLE add_ln16_39 LOOP {} BUNDLEDNAME {} DSP 0 BRAM 0 URAM 0 STORAGESUBTYPE {} DISPNAME {bind_op add} VISIBLE true} {BINDTYPE op ID {} IMPL dsp_slice LATENCY 3 OPTYPE mul PRAGMA {} RTLNAME mac_muladd_8s_8s_16s_16_4_1_U98 SOURCE matrix_mult.cpp:16 VARIABLE mul_ln16_50 LOOP {} BUNDLEDNAME {} DSP 1 BRAM 0 URAM 0 STORAGESUBTYPE {} DISPNAME {bind_op mul} VISIBLE true} {BINDTYPE op ID {} IMPL auto LATENCY 0 OPTYPE mul PRAGMA {} RTLNAME mul_8s_8s_16_1_1_U36 SOURCE matrix_mult.cpp:16 VARIABLE mul_ln16_51 LOOP {} BUNDLEDNAME {} DSP 0 BRAM 0 URAM 0 STORAGESUBTYPE {} DISPNAME {bind_op mul} VISIBLE true} {BINDTYPE op ID {} IMPL dsp_slice LATENCY 3 OPTYPE mul PRAGMA {} RTLNAME mac_muladd_8s_8s_16ns_16_4_1_U93 SOURCE matrix_mult.cpp:16 VARIABLE mul_ln16_52 LOOP {} BUNDLEDNAME {} DSP 1 BRAM 0 URAM 0 STORAGESUBTYPE {} DISPNAME {bind_op mul} VISIBLE true} {BINDTYPE op ID {} IMPL auto LATENCY 0 OPTYPE mul PRAGMA {} RTLNAME mul_8s_8s_16_1_1_U11 SOURCE matrix_mult.cpp:16 VARIABLE mul_ln16_53 LOOP {} BUNDLEDNAME {} DSP 0 BRAM 0 URAM 0 STORAGESUBTYPE {} DISPNAME {bind_op mul} VISIBLE true} {BINDTYPE op ID {} IMPL dsp_slice LATENCY 3 OPTYPE mul PRAGMA {} RTLNAME mac_muladd_8s_8s_16s_16_4_1_U63 SOURCE matrix_mult.cpp:16 VARIABLE mul_ln16_54 LOOP {} BUNDLEDNAME {} DSP 1 BRAM 0 URAM 0 STORAGESUBTYPE {} DISPNAME {bind_op mul} VISIBLE true} {BINDTYPE op ID {} IMPL dsp_slice LATENCY 3 OPTYPE add PRAGMA {} RTLNAME mac_muladd_8s_8s_16s_16_4_1_U98 SOURCE matrix_mult.cpp:16 VARIABLE add_ln16_40 LOOP {} BUNDLEDNAME {} DSP 1 BRAM 0 URAM 0 STORAGESUBTYPE {} DISPNAME {bind_op add} VISIBLE true} {BINDTYPE op ID {} IMPL dsp_slice LATENCY 3 OPTYPE add PRAGMA {} RTLNAME mac_muladd_8s_8s_16s_16_4_1_U63 SOURCE matrix_mult.cpp:16 VARIABLE add_ln16_41 LOOP {} BUNDLEDNAME {} DSP 1 BRAM 0 URAM 0 STORAGESUBTYPE {} DISPNAME {bind_op add} VISIBLE true} {BINDTYPE op ID {} IMPL dsp_slice LATENCY 3 OPTYPE add PRAGMA {} RTLNAME mac_muladd_8s_8s_16ns_16_4_1_U93 SOURCE matrix_mult.cpp:16 VARIABLE add_ln16_42 LOOP {} BUNDLEDNAME {} DSP 1 BRAM 0 URAM 0 STORAGESUBTYPE {} DISPNAME {bind_op add} VISIBLE true} {BINDTYPE op ID {} IMPL fabric LATENCY 0 OPTYPE add PRAGMA {} RTLNAME add_ln16_43_fu_1042_p2 SOURCE matrix_mult.cpp:16 VARIABLE add_ln16_43 LOOP {} BUNDLEDNAME {} DSP 0 BRAM 0 URAM 0 STORAGESUBTYPE {} DISPNAME {bind_op add} VISIBLE true} {BINDTYPE op ID {} IMPL dsp_slice LATENCY 3 OPTYPE mul PRAGMA {} RTLNAME mac_muladd_8s_8s_16s_16_4_1_U101 SOURCE matrix_mult.cpp:16 VARIABLE mul_ln16_55 LOOP {} BUNDLEDNAME {} DSP 1 BRAM 0 URAM 0 STORAGESUBTYPE {} DISPNAME {bind_op mul} VISIBLE true} {BINDTYPE op ID {} IMPL auto LATENCY 0 OPTYPE mul PRAGMA {} RTLNAME mul_8s_8s_16_1_1_U37 SOURCE matrix_mult.cpp:16 VARIABLE mul_ln16_56 LOOP {} BUNDLEDNAME {} DSP 0 BRAM 0 URAM 0 STORAGESUBTYPE {} DISPNAME {bind_op mul} VISIBLE true} {BINDTYPE op ID {} IMPL dsp_slice LATENCY 3 OPTYPE mul PRAGMA {} RTLNAME mac_muladd_8s_8s_16ns_16_4_1_U94 SOURCE matrix_mult.cpp:16 VARIABLE mul_ln16_57 LOOP {} BUNDLEDNAME {} DSP 1 BRAM 0 URAM 0 STORAGESUBTYPE {} DISPNAME {bind_op mul} VISIBLE true} {BINDTYPE op ID {} IMPL auto LATENCY 0 OPTYPE mul PRAGMA {} RTLNAME mul_8s_8s_16_1_1_U12 SOURCE matrix_mult.cpp:16 VARIABLE mul_ln16_58 LOOP {} BUNDLEDNAME {} DSP 0 BRAM 0 URAM 0 STORAGESUBTYPE {} DISPNAME {bind_op mul} VISIBLE true} {BINDTYPE op ID {} IMPL dsp_slice LATENCY 3 OPTYPE mul PRAGMA {} RTLNAME mac_muladd_8s_8s_16s_16_4_1_U64 SOURCE matrix_mult.cpp:16 VARIABLE mul_ln16_59 LOOP {} BUNDLEDNAME {} DSP 1 BRAM 0 URAM 0 STORAGESUBTYPE {} DISPNAME {bind_op mul} VISIBLE true} {BINDTYPE op ID {} IMPL dsp_slice LATENCY 3 OPTYPE add PRAGMA {} RTLNAME mac_muladd_8s_8s_16s_16_4_1_U101 SOURCE matrix_mult.cpp:16 VARIABLE add_ln16_44 LOOP {} BUNDLEDNAME {} DSP 1 BRAM 0 URAM 0 STORAGESUBTYPE {} DISPNAME {bind_op add} VISIBLE true} {BINDTYPE op ID {} IMPL dsp_slice LATENCY 3 OPTYPE add PRAGMA {} RTLNAME mac_muladd_8s_8s_16s_16_4_1_U64 SOURCE matrix_mult.cpp:16 VARIABLE add_ln16_45 LOOP {} BUNDLEDNAME {} DSP 1 BRAM 0 URAM 0 STORAGESUBTYPE {} DISPNAME {bind_op add} VISIBLE true} {BINDTYPE op ID {} IMPL dsp_slice LATENCY 3 OPTYPE add PRAGMA {} RTLNAME mac_muladd_8s_8s_16ns_16_4_1_U94 SOURCE matrix_mult.cpp:16 VARIABLE add_ln16_46 LOOP {} BUNDLEDNAME {} DSP 1 BRAM 0 URAM 0 STORAGESUBTYPE {} DISPNAME {bind_op add} VISIBLE true} {BINDTYPE op ID {} IMPL fabric LATENCY 0 OPTYPE add PRAGMA {} RTLNAME add_ln16_47_fu_1072_p2 SOURCE matrix_mult.cpp:16 VARIABLE add_ln16_47 LOOP {} BUNDLEDNAME {} DSP 0 BRAM 0 URAM 0 STORAGESUBTYPE {} DISPNAME {bind_op add} VISIBLE true} {BINDTYPE op ID {} IMPL dsp_slice LATENCY 3 OPTYPE mul PRAGMA {} RTLNAME mac_muladd_8s_8s_16s_16_4_1_U102 SOURCE matrix_mult.cpp:16 VARIABLE mul_ln16_60 LOOP {} BUNDLEDNAME {} DSP 1 BRAM 0 URAM 0 STORAGESUBTYPE {} DISPNAME {bind_op mul} VISIBLE true} {BINDTYPE op ID {} IMPL auto LATENCY 0 OPTYPE mul PRAGMA {} RTLNAME mul_8s_8s_16_1_1_U38 SOURCE matrix_mult.cpp:16 VARIABLE mul_ln16_61 LOOP {} BUNDLEDNAME {} DSP 0 BRAM 0 URAM 0 STORAGESUBTYPE {} DISPNAME {bind_op mul} VISIBLE true} {BINDTYPE op ID {} IMPL dsp_slice LATENCY 3 OPTYPE mul PRAGMA {} RTLNAME mac_muladd_8s_8s_16ns_16_4_1_U99 SOURCE matrix_mult.cpp:16 VARIABLE mul_ln16_62 LOOP {} BUNDLEDNAME {} DSP 1 BRAM 0 URAM 0 STORAGESUBTYPE {} DISPNAME {bind_op mul} VISIBLE true} {BINDTYPE op ID {} IMPL auto LATENCY 0 OPTYPE mul PRAGMA {} RTLNAME mul_8s_8s_16_1_1_U13 SOURCE matrix_mult.cpp:16 VARIABLE mul_ln16_63 LOOP {} BUNDLEDNAME {} DSP 0 BRAM 0 URAM 0 STORAGESUBTYPE {} DISPNAME {bind_op mul} VISIBLE true} {BINDTYPE op ID {} IMPL dsp_slice LATENCY 3 OPTYPE mul PRAGMA {} RTLNAME mac_muladd_8s_8s_16s_16_4_1_U67 SOURCE matrix_mult.cpp:16 VARIABLE mul_ln16_64 LOOP {} BUNDLEDNAME {} DSP 1 BRAM 0 URAM 0 STORAGESUBTYPE {} DISPNAME {bind_op mul} VISIBLE true} {BINDTYPE op ID {} IMPL dsp_slice LATENCY 3 OPTYPE add PRAGMA {} RTLNAME mac_muladd_8s_8s_16s_16_4_1_U102 SOURCE matrix_mult.cpp:16 VARIABLE add_ln16_48 LOOP {} BUNDLEDNAME {} DSP 1 BRAM 0 URAM 0 STORAGESUBTYPE {} DISPNAME {bind_op add} VISIBLE true} {BINDTYPE op ID {} IMPL dsp_slice LATENCY 3 OPTYPE add PRAGMA {} RTLNAME mac_muladd_8s_8s_16s_16_4_1_U67 SOURCE matrix_mult.cpp:16 VARIABLE add_ln16_49 LOOP {} BUNDLEDNAME {} DSP 1 BRAM 0 URAM 0 STORAGESUBTYPE {} DISPNAME {bind_op add} VISIBLE true} {BINDTYPE op ID {} IMPL dsp_slice LATENCY 3 OPTYPE add PRAGMA {} RTLNAME mac_muladd_8s_8s_16ns_16_4_1_U99 SOURCE matrix_mult.cpp:16 VARIABLE add_ln16_50 LOOP {} BUNDLEDNAME {} DSP 1 BRAM 0 URAM 0 STORAGESUBTYPE {} DISPNAME {bind_op add} VISIBLE true} {BINDTYPE op ID {} IMPL fabric LATENCY 0 OPTYPE add PRAGMA {} RTLNAME add_ln16_51_fu_1076_p2 SOURCE matrix_mult.cpp:16 VARIABLE add_ln16_51 LOOP {} BUNDLEDNAME {} DSP 0 BRAM 0 URAM 0 STORAGESUBTYPE {} DISPNAME {bind_op add} VISIBLE true} {BINDTYPE op ID {} IMPL dsp_slice LATENCY 3 OPTYPE mul PRAGMA {} RTLNAME mac_muladd_8s_8s_16s_16_4_1_U103 SOURCE matrix_mult.cpp:16 VARIABLE mul_ln16_65 LOOP {} BUNDLEDNAME {} DSP 1 BRAM 0 URAM 0 STORAGESUBTYPE {} DISPNAME {bind_op mul} VISIBLE true} {BINDTYPE op ID {} IMPL auto LATENCY 0 OPTYPE mul PRAGMA {} RTLNAME mul_8s_8s_16_1_1_U39 SOURCE matrix_mult.cpp:16 VARIABLE mul_ln16_66 LOOP {} BUNDLEDNAME {} DSP 0 BRAM 0 URAM 0 STORAGESUBTYPE {} DISPNAME {bind_op mul} VISIBLE true} {BINDTYPE op ID {} IMPL dsp_slice LATENCY 3 OPTYPE mul PRAGMA {} RTLNAME mac_muladd_8s_8s_16ns_16_4_1_U100 SOURCE matrix_mult.cpp:16 VARIABLE mul_ln16_67 LOOP {} BUNDLEDNAME {} DSP 1 BRAM 0 URAM 0 STORAGESUBTYPE {} DISPNAME {bind_op mul} VISIBLE true} {BINDTYPE op ID {} IMPL auto LATENCY 0 OPTYPE mul PRAGMA {} RTLNAME mul_8s_8s_16_1_1_U14 SOURCE matrix_mult.cpp:16 VARIABLE mul_ln16_68 LOOP {} BUNDLEDNAME {} DSP 0 BRAM 0 URAM 0 STORAGESUBTYPE {} DISPNAME {bind_op mul} VISIBLE true} {BINDTYPE op ID {} IMPL dsp_slice LATENCY 3 OPTYPE mul PRAGMA {} RTLNAME mac_muladd_8s_8s_16s_16_4_1_U68 SOURCE matrix_mult.cpp:16 VARIABLE mul_ln16_69 LOOP {} BUNDLEDNAME {} DSP 1 BRAM 0 URAM 0 STORAGESUBTYPE {} DISPNAME {bind_op mul} VISIBLE true} {BINDTYPE op ID {} IMPL dsp_slice LATENCY 3 OPTYPE add PRAGMA {} RTLNAME mac_muladd_8s_8s_16s_16_4_1_U103 SOURCE matrix_mult.cpp:16 VARIABLE add_ln16_52 LOOP {} BUNDLEDNAME {} DSP 1 BRAM 0 URAM 0 STORAGESUBTYPE {} DISPNAME {bind_op add} VISIBLE true} {BINDTYPE op ID {} IMPL dsp_slice LATENCY 3 OPTYPE add PRAGMA {} RTLNAME mac_muladd_8s_8s_16s_16_4_1_U68 SOURCE matrix_mult.cpp:16 VARIABLE add_ln16_53 LOOP {} BUNDLEDNAME {} DSP 1 BRAM 0 URAM 0 STORAGESUBTYPE {} DISPNAME {bind_op add} VISIBLE true} {BINDTYPE op ID {} IMPL dsp_slice LATENCY 3 OPTYPE add PRAGMA {} RTLNAME mac_muladd_8s_8s_16ns_16_4_1_U100 SOURCE matrix_mult.cpp:16 VARIABLE add_ln16_54 LOOP {} BUNDLEDNAME {} DSP 1 BRAM 0 URAM 0 STORAGESUBTYPE {} DISPNAME {bind_op add} VISIBLE true} {BINDTYPE op ID {} IMPL fabric LATENCY 0 OPTYPE add PRAGMA {} RTLNAME add_ln16_55_fu_1080_p2 SOURCE matrix_mult.cpp:16 VARIABLE add_ln16_55 LOOP {} BUNDLEDNAME {} DSP 0 BRAM 0 URAM 0 STORAGESUBTYPE {} DISPNAME {bind_op add} VISIBLE true} {BINDTYPE op ID {} IMPL dsp_slice LATENCY 3 OPTYPE mul PRAGMA {} RTLNAME mac_muladd_8s_8s_16s_16_4_1_U104 SOURCE matrix_mult.cpp:16 VARIABLE mul_ln16_70 LOOP {} BUNDLEDNAME {} DSP 1 BRAM 0 URAM 0 STORAGESUBTYPE {} DISPNAME {bind_op mul} VISIBLE true} {BINDTYPE op ID {} IMPL auto LATENCY 0 OPTYPE mul PRAGMA {} RTLNAME mul_8s_8s_16_1_1_U40 SOURCE matrix_mult.cpp:16 VARIABLE mul_ln16_71 LOOP {} BUNDLEDNAME {} DSP 0 BRAM 0 URAM 0 STORAGESUBTYPE {} DISPNAME {bind_op mul} VISIBLE true} {BINDTYPE op ID {} IMPL dsp_slice LATENCY 3 OPTYPE mul PRAGMA {} RTLNAME mac_muladd_8s_8s_16ns_16_4_1_U105 SOURCE matrix_mult.cpp:16 VARIABLE mul_ln16_72 LOOP {} BUNDLEDNAME {} DSP 1 BRAM 0 URAM 0 STORAGESUBTYPE {} DISPNAME {bind_op mul} VISIBLE true} {BINDTYPE op ID {} IMPL auto LATENCY 0 OPTYPE mul PRAGMA {} RTLNAME mul_8s_8s_16_1_1_U15 SOURCE matrix_mult.cpp:16 VARIABLE mul_ln16_73 LOOP {} BUNDLEDNAME {} DSP 0 BRAM 0 URAM 0 STORAGESUBTYPE {} DISPNAME {bind_op mul} VISIBLE true} {BINDTYPE op ID {} IMPL dsp_slice LATENCY 3 OPTYPE mul PRAGMA {} RTLNAME mac_muladd_8s_8s_16s_16_4_1_U69 SOURCE matrix_mult.cpp:16 VARIABLE mul_ln16_74 LOOP {} BUNDLEDNAME {} DSP 1 BRAM 0 URAM 0 STORAGESUBTYPE {} DISPNAME {bind_op mul} VISIBLE true} {BINDTYPE op ID {} IMPL dsp_slice LATENCY 3 OPTYPE add PRAGMA {} RTLNAME mac_muladd_8s_8s_16s_16_4_1_U104 SOURCE matrix_mult.cpp:16 VARIABLE add_ln16_56 LOOP {} BUNDLEDNAME {} DSP 1 BRAM 0 URAM 0 STORAGESUBTYPE {} DISPNAME {bind_op add} VISIBLE true} {BINDTYPE op ID {} IMPL dsp_slice LATENCY 3 OPTYPE add PRAGMA {} RTLNAME mac_muladd_8s_8s_16s_16_4_1_U69 SOURCE matrix_mult.cpp:16 VARIABLE add_ln16_57 LOOP {} BUNDLEDNAME {} DSP 1 BRAM 0 URAM 0 STORAGESUBTYPE {} DISPNAME {bind_op add} VISIBLE true} {BINDTYPE op ID {} IMPL dsp_slice LATENCY 3 OPTYPE add PRAGMA {} RTLNAME mac_muladd_8s_8s_16ns_16_4_1_U105 SOURCE matrix_mult.cpp:16 VARIABLE add_ln16_58 LOOP {} BUNDLEDNAME {} DSP 1 BRAM 0 URAM 0 STORAGESUBTYPE {} DISPNAME {bind_op add} VISIBLE true} {BINDTYPE op ID {} IMPL fabric LATENCY 0 OPTYPE add PRAGMA {} RTLNAME add_ln16_59_fu_1084_p2 SOURCE matrix_mult.cpp:16 VARIABLE add_ln16_59 LOOP {} BUNDLEDNAME {} DSP 0 BRAM 0 URAM 0 STORAGESUBTYPE {} DISPNAME {bind_op add} VISIBLE true} {BINDTYPE op ID {} IMPL dsp_slice LATENCY 3 OPTYPE mul PRAGMA {} RTLNAME mac_muladd_8s_8s_16s_16_4_1_U107 SOURCE matrix_mult.cpp:16 VARIABLE mul_ln16_75 LOOP {} BUNDLEDNAME {} DSP 1 BRAM 0 URAM 0 STORAGESUBTYPE {} DISPNAME {bind_op mul} VISIBLE true} {BINDTYPE op ID {} IMPL auto LATENCY 0 OPTYPE mul PRAGMA {} RTLNAME mul_8s_8s_16_1_1_U41 SOURCE matrix_mult.cpp:16 VARIABLE mul_ln16_76 LOOP {} BUNDLEDNAME {} DSP 0 BRAM 0 URAM 0 STORAGESUBTYPE {} DISPNAME {bind_op mul} VISIBLE true} {BINDTYPE op ID {} IMPL dsp_slice LATENCY 3 OPTYPE mul PRAGMA {} RTLNAME mac_muladd_8s_8s_16ns_16_4_1_U106 SOURCE matrix_mult.cpp:16 VARIABLE mul_ln16_77 LOOP {} BUNDLEDNAME {} DSP 1 BRAM 0 URAM 0 STORAGESUBTYPE {} DISPNAME {bind_op mul} VISIBLE true} {BINDTYPE op ID {} IMPL auto LATENCY 0 OPTYPE mul PRAGMA {} RTLNAME mul_8s_8s_16_1_1_U16 SOURCE matrix_mult.cpp:16 VARIABLE mul_ln16_78 LOOP {} BUNDLEDNAME {} DSP 0 BRAM 0 URAM 0 STORAGESUBTYPE {} DISPNAME {bind_op mul} VISIBLE true} {BINDTYPE op ID {} IMPL dsp_slice LATENCY 3 OPTYPE mul PRAGMA {} RTLNAME mac_muladd_8s_8s_16s_16_4_1_U70 SOURCE matrix_mult.cpp:16 VARIABLE mul_ln16_79 LOOP {} BUNDLEDNAME {} DSP 1 BRAM 0 URAM 0 STORAGESUBTYPE {} DISPNAME {bind_op mul} VISIBLE true} {BINDTYPE op ID {} IMPL dsp_slice LATENCY 3 OPTYPE add PRAGMA {} RTLNAME mac_muladd_8s_8s_16s_16_4_1_U107 SOURCE matrix_mult.cpp:16 VARIABLE add_ln16_60 LOOP {} BUNDLEDNAME {} DSP 1 BRAM 0 URAM 0 STORAGESUBTYPE {} DISPNAME {bind_op add} VISIBLE true} {BINDTYPE op ID {} IMPL dsp_slice LATENCY 3 OPTYPE add PRAGMA {} RTLNAME mac_muladd_8s_8s_16s_16_4_1_U70 SOURCE matrix_mult.cpp:16 VARIABLE add_ln16_61 LOOP {} BUNDLEDNAME {} DSP 1 BRAM 0 URAM 0 STORAGESUBTYPE {} DISPNAME {bind_op add} VISIBLE true} {BINDTYPE op ID {} IMPL dsp_slice LATENCY 3 OPTYPE add PRAGMA {} RTLNAME mac_muladd_8s_8s_16ns_16_4_1_U106 SOURCE matrix_mult.cpp:16 VARIABLE add_ln16_62 LOOP {} BUNDLEDNAME {} DSP 1 BRAM 0 URAM 0 STORAGESUBTYPE {} DISPNAME {bind_op add} VISIBLE true} {BINDTYPE op ID {} IMPL fabric LATENCY 0 OPTYPE add PRAGMA {} RTLNAME add_ln16_63_fu_1113_p2 SOURCE matrix_mult.cpp:16 VARIABLE add_ln16_63 LOOP {} BUNDLEDNAME {} DSP 0 BRAM 0 URAM 0 STORAGESUBTYPE {} DISPNAME {bind_op add} VISIBLE true} {BINDTYPE op ID {} IMPL dsp_slice LATENCY 3 OPTYPE mul PRAGMA {} RTLNAME mac_muladd_8s_8s_16s_16_4_1_U108 SOURCE matrix_mult.cpp:16 VARIABLE mul_ln16_80 LOOP {} BUNDLEDNAME {} DSP 1 BRAM 0 URAM 0 STORAGESUBTYPE {} DISPNAME {bind_op mul} VISIBLE true} {BINDTYPE op ID {} IMPL auto LATENCY 0 OPTYPE mul PRAGMA {} RTLNAME mul_8s_8s_16_1_1_U42 SOURCE matrix_mult.cpp:16 VARIABLE mul_ln16_81 LOOP {} BUNDLEDNAME {} DSP 0 BRAM 0 URAM 0 STORAGESUBTYPE {} DISPNAME {bind_op mul} VISIBLE true} {BINDTYPE op ID {} IMPL dsp_slice LATENCY 3 OPTYPE mul PRAGMA {} RTLNAME mac_muladd_8s_8s_16ns_16_4_1_U109 SOURCE matrix_mult.cpp:16 VARIABLE mul_ln16_82 LOOP {} BUNDLEDNAME {} DSP 1 BRAM 0 URAM 0 STORAGESUBTYPE {} DISPNAME {bind_op mul} VISIBLE true} {BINDTYPE op ID {} IMPL auto LATENCY 0 OPTYPE mul PRAGMA {} RTLNAME mul_8s_8s_16_1_1_U17 SOURCE matrix_mult.cpp:16 VARIABLE mul_ln16_83 LOOP {} BUNDLEDNAME {} DSP 0 BRAM 0 URAM 0 STORAGESUBTYPE {} DISPNAME {bind_op mul} VISIBLE true} {BINDTYPE op ID {} IMPL dsp_slice LATENCY 3 OPTYPE mul PRAGMA {} RTLNAME mac_muladd_8s_8s_16s_16_4_1_U73 SOURCE matrix_mult.cpp:16 VARIABLE mul_ln16_84 LOOP {} BUNDLEDNAME {} DSP 1 BRAM 0 URAM 0 STORAGESUBTYPE {} DISPNAME {bind_op mul} VISIBLE true} {BINDTYPE op ID {} IMPL dsp_slice LATENCY 3 OPTYPE add PRAGMA {} RTLNAME mac_muladd_8s_8s_16s_16_4_1_U108 SOURCE matrix_mult.cpp:16 VARIABLE add_ln16_64 LOOP {} BUNDLEDNAME {} DSP 1 BRAM 0 URAM 0 STORAGESUBTYPE {} DISPNAME {bind_op add} VISIBLE true} {BINDTYPE op ID {} IMPL dsp_slice LATENCY 3 OPTYPE add PRAGMA {} RTLNAME mac_muladd_8s_8s_16s_16_4_1_U73 SOURCE matrix_mult.cpp:16 VARIABLE add_ln16_65 LOOP {} BUNDLEDNAME {} DSP 1 BRAM 0 URAM 0 STORAGESUBTYPE {} DISPNAME {bind_op add} VISIBLE true} {BINDTYPE op ID {} IMPL dsp_slice LATENCY 3 OPTYPE add PRAGMA {} RTLNAME mac_muladd_8s_8s_16ns_16_4_1_U109 SOURCE matrix_mult.cpp:16 VARIABLE add_ln16_66 LOOP {} BUNDLEDNAME {} DSP 1 BRAM 0 URAM 0 STORAGESUBTYPE {} DISPNAME {bind_op add} VISIBLE true} {BINDTYPE op ID {} IMPL fabric LATENCY 0 OPTYPE add PRAGMA {} RTLNAME add_ln16_67_fu_1117_p2 SOURCE matrix_mult.cpp:16 VARIABLE add_ln16_67 LOOP {} BUNDLEDNAME {} DSP 0 BRAM 0 URAM 0 STORAGESUBTYPE {} DISPNAME {bind_op add} VISIBLE true} {BINDTYPE op ID {} IMPL dsp_slice LATENCY 3 OPTYPE mul PRAGMA {} RTLNAME mac_muladd_8s_8s_16s_16_4_1_U110 SOURCE matrix_mult.cpp:16 VARIABLE mul_ln16_85 LOOP {} BUNDLEDNAME {} DSP 1 BRAM 0 URAM 0 STORAGESUBTYPE {} DISPNAME {bind_op mul} VISIBLE true} {BINDTYPE op ID {} IMPL auto LATENCY 0 OPTYPE mul PRAGMA {} RTLNAME mul_8s_8s_16_1_1_U43 SOURCE matrix_mult.cpp:16 VARIABLE mul_ln16_86 LOOP {} BUNDLEDNAME {} DSP 0 BRAM 0 URAM 0 STORAGESUBTYPE {} DISPNAME {bind_op mul} VISIBLE true} {BINDTYPE op ID {} IMPL dsp_slice LATENCY 3 OPTYPE mul PRAGMA {} RTLNAME mac_muladd_8s_8s_16ns_16_4_1_U111 SOURCE matrix_mult.cpp:16 VARIABLE mul_ln16_87 LOOP {} BUNDLEDNAME {} DSP 1 BRAM 0 URAM 0 STORAGESUBTYPE {} DISPNAME {bind_op mul} VISIBLE true} {BINDTYPE op ID {} IMPL auto LATENCY 0 OPTYPE mul PRAGMA {} RTLNAME mul_8s_8s_16_1_1_U18 SOURCE matrix_mult.cpp:16 VARIABLE mul_ln16_88 LOOP {} BUNDLEDNAME {} DSP 0 BRAM 0 URAM 0 STORAGESUBTYPE {} DISPNAME {bind_op mul} VISIBLE true} {BINDTYPE op ID {} IMPL dsp_slice LATENCY 3 OPTYPE mul PRAGMA {} RTLNAME mac_muladd_8s_8s_16s_16_4_1_U74 SOURCE matrix_mult.cpp:16 VARIABLE mul_ln16_89 LOOP {} BUNDLEDNAME {} DSP 1 BRAM 0 URAM 0 STORAGESUBTYPE {} DISPNAME {bind_op mul} VISIBLE true} {BINDTYPE op ID {} IMPL dsp_slice LATENCY 3 OPTYPE add PRAGMA {} RTLNAME mac_muladd_8s_8s_16s_16_4_1_U110 SOURCE matrix_mult.cpp:16 VARIABLE add_ln16_68 LOOP {} BUNDLEDNAME {} DSP 1 BRAM 0 URAM 0 STORAGESUBTYPE {} DISPNAME {bind_op add} VISIBLE true} {BINDTYPE op ID {} IMPL dsp_slice LATENCY 3 OPTYPE add PRAGMA {} RTLNAME mac_muladd_8s_8s_16s_16_4_1_U74 SOURCE matrix_mult.cpp:16 VARIABLE add_ln16_69 LOOP {} BUNDLEDNAME {} DSP 1 BRAM 0 URAM 0 STORAGESUBTYPE {} DISPNAME {bind_op add} VISIBLE true} {BINDTYPE op ID {} IMPL dsp_slice LATENCY 3 OPTYPE add PRAGMA {} RTLNAME mac_muladd_8s_8s_16ns_16_4_1_U111 SOURCE matrix_mult.cpp:16 VARIABLE add_ln16_70 LOOP {} BUNDLEDNAME {} DSP 1 BRAM 0 URAM 0 STORAGESUBTYPE {} DISPNAME {bind_op add} VISIBLE true} {BINDTYPE op ID {} IMPL fabric LATENCY 0 OPTYPE add PRAGMA {} RTLNAME add_ln16_71_fu_1121_p2 SOURCE matrix_mult.cpp:16 VARIABLE add_ln16_71 LOOP {} BUNDLEDNAME {} DSP 0 BRAM 0 URAM 0 STORAGESUBTYPE {} DISPNAME {bind_op add} VISIBLE true} {BINDTYPE op ID {} IMPL dsp_slice LATENCY 3 OPTYPE mul PRAGMA {} RTLNAME mac_muladd_8s_8s_16s_16_4_1_U112 SOURCE matrix_mult.cpp:16 VARIABLE mul_ln16_90 LOOP {} BUNDLEDNAME {} DSP 1 BRAM 0 URAM 0 STORAGESUBTYPE {} DISPNAME {bind_op mul} VISIBLE true} {BINDTYPE op ID {} IMPL auto LATENCY 0 OPTYPE mul PRAGMA {} RTLNAME mul_8s_8s_16_1_1_U44 SOURCE matrix_mult.cpp:16 VARIABLE mul_ln16_91 LOOP {} BUNDLEDNAME {} DSP 0 BRAM 0 URAM 0 STORAGESUBTYPE {} DISPNAME {bind_op mul} VISIBLE true} {BINDTYPE op ID {} IMPL dsp_slice LATENCY 3 OPTYPE mul PRAGMA {} RTLNAME mac_muladd_8s_8s_16ns_16_4_1_U113 SOURCE matrix_mult.cpp:16 VARIABLE mul_ln16_92 LOOP {} BUNDLEDNAME {} DSP 1 BRAM 0 URAM 0 STORAGESUBTYPE {} DISPNAME {bind_op mul} VISIBLE true} {BINDTYPE op ID {} IMPL auto LATENCY 0 OPTYPE mul PRAGMA {} RTLNAME mul_8s_8s_16_1_1_U19 SOURCE matrix_mult.cpp:16 VARIABLE mul_ln16_93 LOOP {} BUNDLEDNAME {} DSP 0 BRAM 0 URAM 0 STORAGESUBTYPE {} DISPNAME {bind_op mul} VISIBLE true} {BINDTYPE op ID {} IMPL dsp_slice LATENCY 3 OPTYPE mul PRAGMA {} RTLNAME mac_muladd_8s_8s_16s_16_4_1_U75 SOURCE matrix_mult.cpp:16 VARIABLE mul_ln16_94 LOOP {} BUNDLEDNAME {} DSP 1 BRAM 0 URAM 0 STORAGESUBTYPE {} DISPNAME {bind_op mul} VISIBLE true} {BINDTYPE op ID {} IMPL dsp_slice LATENCY 3 OPTYPE add PRAGMA {} RTLNAME mac_muladd_8s_8s_16s_16_4_1_U112 SOURCE matrix_mult.cpp:16 VARIABLE add_ln16_72 LOOP {} BUNDLEDNAME {} DSP 1 BRAM 0 URAM 0 STORAGESUBTYPE {} DISPNAME {bind_op add} VISIBLE true} {BINDTYPE op ID {} IMPL dsp_slice LATENCY 3 OPTYPE add PRAGMA {} RTLNAME mac_muladd_8s_8s_16s_16_4_1_U75 SOURCE matrix_mult.cpp:16 VARIABLE add_ln16_73 LOOP {} BUNDLEDNAME {} DSP 1 BRAM 0 URAM 0 STORAGESUBTYPE {} DISPNAME {bind_op add} VISIBLE true} {BINDTYPE op ID {} IMPL dsp_slice LATENCY 3 OPTYPE add PRAGMA {} RTLNAME mac_muladd_8s_8s_16ns_16_4_1_U113 SOURCE matrix_mult.cpp:16 VARIABLE add_ln16_74 LOOP {} BUNDLEDNAME {} DSP 1 BRAM 0 URAM 0 STORAGESUBTYPE {} DISPNAME {bind_op add} VISIBLE true} {BINDTYPE op ID {} IMPL fabric LATENCY 0 OPTYPE add PRAGMA {} RTLNAME add_ln16_75_fu_1133_p2 SOURCE matrix_mult.cpp:16 VARIABLE add_ln16_75 LOOP {} BUNDLEDNAME {} DSP 0 BRAM 0 URAM 0 STORAGESUBTYPE {} DISPNAME {bind_op add} VISIBLE true} {BINDTYPE op ID {} IMPL dsp_slice LATENCY 3 OPTYPE mul PRAGMA {} RTLNAME mac_muladd_8s_8s_16s_16_4_1_U114 SOURCE matrix_mult.cpp:16 VARIABLE mul_ln16_95 LOOP {} BUNDLEDNAME {} DSP 1 BRAM 0 URAM 0 STORAGESUBTYPE {} DISPNAME {bind_op mul} VISIBLE true} {BINDTYPE op ID {} IMPL auto LATENCY 0 OPTYPE mul PRAGMA {} RTLNAME mul_8s_8s_16_1_1_U45 SOURCE matrix_mult.cpp:16 VARIABLE mul_ln16_96 LOOP {} BUNDLEDNAME {} DSP 0 BRAM 0 URAM 0 STORAGESUBTYPE {} DISPNAME {bind_op mul} VISIBLE true} {BINDTYPE op ID {} IMPL dsp_slice LATENCY 3 OPTYPE mul PRAGMA {} RTLNAME mac_muladd_8s_8s_16ns_16_4_1_U115 SOURCE matrix_mult.cpp:16 VARIABLE mul_ln16_97 LOOP {} BUNDLEDNAME {} DSP 1 BRAM 0 URAM 0 STORAGESUBTYPE {} DISPNAME {bind_op mul} VISIBLE true} {BINDTYPE op ID {} IMPL auto LATENCY 0 OPTYPE mul PRAGMA {} RTLNAME mul_8s_8s_16_1_1_U20 SOURCE matrix_mult.cpp:16 VARIABLE mul_ln16_98 LOOP {} BUNDLEDNAME {} DSP 0 BRAM 0 URAM 0 STORAGESUBTYPE {} DISPNAME {bind_op mul} VISIBLE true} {BINDTYPE op ID {} IMPL dsp_slice LATENCY 3 OPTYPE mul PRAGMA {} RTLNAME mac_muladd_8s_8s_16s_16_4_1_U76 SOURCE matrix_mult.cpp:16 VARIABLE mul_ln16_99 LOOP {} BUNDLEDNAME {} DSP 1 BRAM 0 URAM 0 STORAGESUBTYPE {} DISPNAME {bind_op mul} VISIBLE true} {BINDTYPE op ID {} IMPL dsp_slice LATENCY 3 OPTYPE add PRAGMA {} RTLNAME mac_muladd_8s_8s_16s_16_4_1_U114 SOURCE matrix_mult.cpp:16 VARIABLE add_ln16_76 LOOP {} BUNDLEDNAME {} DSP 1 BRAM 0 URAM 0 STORAGESUBTYPE {} DISPNAME {bind_op add} VISIBLE true} {BINDTYPE op ID {} IMPL dsp_slice LATENCY 3 OPTYPE add PRAGMA {} RTLNAME mac_muladd_8s_8s_16s_16_4_1_U76 SOURCE matrix_mult.cpp:16 VARIABLE add_ln16_77 LOOP {} BUNDLEDNAME {} DSP 1 BRAM 0 URAM 0 STORAGESUBTYPE {} DISPNAME {bind_op add} VISIBLE true} {BINDTYPE op ID {} IMPL dsp_slice LATENCY 3 OPTYPE add PRAGMA {} RTLNAME mac_muladd_8s_8s_16ns_16_4_1_U115 SOURCE matrix_mult.cpp:16 VARIABLE add_ln16_78 LOOP {} BUNDLEDNAME {} DSP 1 BRAM 0 URAM 0 STORAGESUBTYPE {} DISPNAME {bind_op add} VISIBLE true} {BINDTYPE op ID {} IMPL fabric LATENCY 0 OPTYPE add PRAGMA {} RTLNAME add_ln16_79_fu_1137_p2 SOURCE matrix_mult.cpp:16 VARIABLE add_ln16_79 LOOP {} BUNDLEDNAME {} DSP 0 BRAM 0 URAM 0 STORAGESUBTYPE {} DISPNAME {bind_op add} VISIBLE true} {BINDTYPE op ID {} IMPL dsp_slice LATENCY 3 OPTYPE mul PRAGMA {} RTLNAME mac_muladd_8s_8s_16s_16_4_1_U116 SOURCE matrix_mult.cpp:16 VARIABLE mul_ln16_100 LOOP {} BUNDLEDNAME {} DSP 1 BRAM 0 URAM 0 STORAGESUBTYPE {} DISPNAME {bind_op mul} VISIBLE true} {BINDTYPE op ID {} IMPL auto LATENCY 0 OPTYPE mul PRAGMA {} RTLNAME mul_8s_8s_16_1_1_U46 SOURCE matrix_mult.cpp:16 VARIABLE mul_ln16_101 LOOP {} BUNDLEDNAME {} DSP 0 BRAM 0 URAM 0 STORAGESUBTYPE {} DISPNAME {bind_op mul} VISIBLE true} {BINDTYPE op ID {} IMPL dsp_slice LATENCY 3 OPTYPE mul PRAGMA {} RTLNAME mac_muladd_8s_8s_16ns_16_4_1_U119 SOURCE matrix_mult.cpp:16 VARIABLE mul_ln16_102 LOOP {} BUNDLEDNAME {} DSP 1 BRAM 0 URAM 0 STORAGESUBTYPE {} DISPNAME {bind_op mul} VISIBLE true} {BINDTYPE op ID {} IMPL auto LATENCY 0 OPTYPE mul PRAGMA {} RTLNAME mul_8s_8s_16_1_1_U21 SOURCE matrix_mult.cpp:16 VARIABLE mul_ln16_103 LOOP {} BUNDLEDNAME {} DSP 0 BRAM 0 URAM 0 STORAGESUBTYPE {} DISPNAME {bind_op mul} VISIBLE true} {BINDTYPE op ID {} IMPL dsp_slice LATENCY 3 OPTYPE mul PRAGMA {} RTLNAME mac_muladd_8s_8s_16s_16_4_1_U79 SOURCE matrix_mult.cpp:16 VARIABLE mul_ln16_104 LOOP {} BUNDLEDNAME {} DSP 1 BRAM 0 URAM 0 STORAGESUBTYPE {} DISPNAME {bind_op mul} VISIBLE true} {BINDTYPE op ID {} IMPL dsp_slice LATENCY 3 OPTYPE add PRAGMA {} RTLNAME mac_muladd_8s_8s_16s_16_4_1_U116 SOURCE matrix_mult.cpp:16 VARIABLE add_ln16_80 LOOP {} BUNDLEDNAME {} DSP 1 BRAM 0 URAM 0 STORAGESUBTYPE {} DISPNAME {bind_op add} VISIBLE true} {BINDTYPE op ID {} IMPL dsp_slice LATENCY 3 OPTYPE add PRAGMA {} RTLNAME mac_muladd_8s_8s_16s_16_4_1_U79 SOURCE matrix_mult.cpp:16 VARIABLE add_ln16_81 LOOP {} BUNDLEDNAME {} DSP 1 BRAM 0 URAM 0 STORAGESUBTYPE {} DISPNAME {bind_op add} VISIBLE true} {BINDTYPE op ID {} IMPL dsp_slice LATENCY 3 OPTYPE add PRAGMA {} RTLNAME mac_muladd_8s_8s_16ns_16_4_1_U119 SOURCE matrix_mult.cpp:16 VARIABLE add_ln16_82 LOOP {} BUNDLEDNAME {} DSP 1 BRAM 0 URAM 0 STORAGESUBTYPE {} DISPNAME {bind_op add} VISIBLE true} {BINDTYPE op ID {} IMPL fabric LATENCY 0 OPTYPE add PRAGMA {} RTLNAME add_ln16_83_fu_1141_p2 SOURCE matrix_mult.cpp:16 VARIABLE add_ln16_83 LOOP {} BUNDLEDNAME {} DSP 0 BRAM 0 URAM 0 STORAGESUBTYPE {} DISPNAME {bind_op add} VISIBLE true} {BINDTYPE op ID {} IMPL dsp_slice LATENCY 3 OPTYPE mul PRAGMA {} RTLNAME mac_muladd_8s_8s_16s_16_4_1_U117 SOURCE matrix_mult.cpp:16 VARIABLE mul_ln16_105 LOOP {} BUNDLEDNAME {} DSP 1 BRAM 0 URAM 0 STORAGESUBTYPE {} DISPNAME {bind_op mul} VISIBLE true} {BINDTYPE op ID {} IMPL auto LATENCY 0 OPTYPE mul PRAGMA {} RTLNAME mul_8s_8s_16_1_1_U47 SOURCE matrix_mult.cpp:16 VARIABLE mul_ln16_106 LOOP {} BUNDLEDNAME {} DSP 0 BRAM 0 URAM 0 STORAGESUBTYPE {} DISPNAME {bind_op mul} VISIBLE true} {BINDTYPE op ID {} IMPL dsp_slice LATENCY 3 OPTYPE mul PRAGMA {} RTLNAME mac_muladd_8s_8s_16ns_16_4_1_U120 SOURCE matrix_mult.cpp:16 VARIABLE mul_ln16_107 LOOP {} BUNDLEDNAME {} DSP 1 BRAM 0 URAM 0 STORAGESUBTYPE {} DISPNAME {bind_op mul} VISIBLE true} {BINDTYPE op ID {} IMPL auto LATENCY 0 OPTYPE mul PRAGMA {} RTLNAME mul_8s_8s_16_1_1_U22 SOURCE matrix_mult.cpp:16 VARIABLE mul_ln16_108 LOOP {} BUNDLEDNAME {} DSP 0 BRAM 0 URAM 0 STORAGESUBTYPE {} DISPNAME {bind_op mul} VISIBLE true} {BINDTYPE op ID {} IMPL dsp_slice LATENCY 3 OPTYPE mul PRAGMA {} RTLNAME mac_muladd_8s_8s_16s_16_4_1_U80 SOURCE matrix_mult.cpp:16 VARIABLE mul_ln16_109 LOOP {} BUNDLEDNAME {} DSP 1 BRAM 0 URAM 0 STORAGESUBTYPE {} DISPNAME {bind_op mul} VISIBLE true} {BINDTYPE op ID {} IMPL dsp_slice LATENCY 3 OPTYPE add PRAGMA {} RTLNAME mac_muladd_8s_8s_16s_16_4_1_U117 SOURCE matrix_mult.cpp:16 VARIABLE add_ln16_84 LOOP {} BUNDLEDNAME {} DSP 1 BRAM 0 URAM 0 STORAGESUBTYPE {} DISPNAME {bind_op add} VISIBLE true} {BINDTYPE op ID {} IMPL dsp_slice LATENCY 3 OPTYPE add PRAGMA {} RTLNAME mac_muladd_8s_8s_16s_16_4_1_U80 SOURCE matrix_mult.cpp:16 VARIABLE add_ln16_85 LOOP {} BUNDLEDNAME {} DSP 1 BRAM 0 URAM 0 STORAGESUBTYPE {} DISPNAME {bind_op add} VISIBLE true} {BINDTYPE op ID {} IMPL dsp_slice LATENCY 3 OPTYPE add PRAGMA {} RTLNAME mac_muladd_8s_8s_16ns_16_4_1_U120 SOURCE matrix_mult.cpp:16 VARIABLE add_ln16_86 LOOP {} BUNDLEDNAME {} DSP 1 BRAM 0 URAM 0 STORAGESUBTYPE {} DISPNAME {bind_op add} VISIBLE true} {BINDTYPE op ID {} IMPL fabric LATENCY 0 OPTYPE add PRAGMA {} RTLNAME add_ln16_87_fu_1145_p2 SOURCE matrix_mult.cpp:16 VARIABLE add_ln16_87 LOOP {} BUNDLEDNAME {} DSP 0 BRAM 0 URAM 0 STORAGESUBTYPE {} DISPNAME {bind_op add} VISIBLE true} {BINDTYPE op ID {} IMPL dsp_slice LATENCY 3 OPTYPE mul PRAGMA {} RTLNAME mac_muladd_8s_8s_16s_16_4_1_U118 SOURCE matrix_mult.cpp:16 VARIABLE mul_ln16_110 LOOP {} BUNDLEDNAME {} DSP 1 BRAM 0 URAM 0 STORAGESUBTYPE {} DISPNAME {bind_op mul} VISIBLE true} {BINDTYPE op ID {} IMPL auto LATENCY 0 OPTYPE mul PRAGMA {} RTLNAME mul_8s_8s_16_1_1_U48 SOURCE matrix_mult.cpp:16 VARIABLE mul_ln16_111 LOOP {} BUNDLEDNAME {} DSP 0 BRAM 0 URAM 0 STORAGESUBTYPE {} DISPNAME {bind_op mul} VISIBLE true} {BINDTYPE op ID {} IMPL dsp_slice LATENCY 3 OPTYPE mul PRAGMA {} RTLNAME mac_muladd_8s_8s_16ns_16_4_1_U121 SOURCE matrix_mult.cpp:16 VARIABLE mul_ln16_112 LOOP {} BUNDLEDNAME {} DSP 1 BRAM 0 URAM 0 STORAGESUBTYPE {} DISPNAME {bind_op mul} VISIBLE true} {BINDTYPE op ID {} IMPL auto LATENCY 0 OPTYPE mul PRAGMA {} RTLNAME mul_8s_8s_16_1_1_U23 SOURCE matrix_mult.cpp:16 VARIABLE mul_ln16_113 LOOP {} BUNDLEDNAME {} DSP 0 BRAM 0 URAM 0 STORAGESUBTYPE {} DISPNAME {bind_op mul} VISIBLE true} {BINDTYPE op ID {} IMPL dsp_slice LATENCY 3 OPTYPE mul PRAGMA {} RTLNAME mac_muladd_8s_8s_16s_16_4_1_U81 SOURCE matrix_mult.cpp:16 VARIABLE mul_ln16_114 LOOP {} BUNDLEDNAME {} DSP 1 BRAM 0 URAM 0 STORAGESUBTYPE {} DISPNAME {bind_op mul} VISIBLE true} {BINDTYPE op ID {} IMPL dsp_slice LATENCY 3 OPTYPE add PRAGMA {} RTLNAME mac_muladd_8s_8s_16s_16_4_1_U118 SOURCE matrix_mult.cpp:16 VARIABLE add_ln16_88 LOOP {} BUNDLEDNAME {} DSP 1 BRAM 0 URAM 0 STORAGESUBTYPE {} DISPNAME {bind_op add} VISIBLE true} {BINDTYPE op ID {} IMPL dsp_slice LATENCY 3 OPTYPE add PRAGMA {} RTLNAME mac_muladd_8s_8s_16s_16_4_1_U81 SOURCE matrix_mult.cpp:16 VARIABLE add_ln16_89 LOOP {} BUNDLEDNAME {} DSP 1 BRAM 0 URAM 0 STORAGESUBTYPE {} DISPNAME {bind_op add} VISIBLE true} {BINDTYPE op ID {} IMPL dsp_slice LATENCY 3 OPTYPE add PRAGMA {} RTLNAME mac_muladd_8s_8s_16ns_16_4_1_U121 SOURCE matrix_mult.cpp:16 VARIABLE add_ln16_90 LOOP {} BUNDLEDNAME {} DSP 1 BRAM 0 URAM 0 STORAGESUBTYPE {} DISPNAME {bind_op add} VISIBLE true} {BINDTYPE op ID {} IMPL fabric LATENCY 0 OPTYPE add PRAGMA {} RTLNAME add_ln16_91_fu_1149_p2 SOURCE matrix_mult.cpp:16 VARIABLE add_ln16_91 LOOP {} BUNDLEDNAME {} DSP 0 BRAM 0 URAM 0 STORAGESUBTYPE {} DISPNAME {bind_op add} VISIBLE true} {BINDTYPE op ID {} IMPL dsp_slice LATENCY 3 OPTYPE mul PRAGMA {} RTLNAME mac_muladd_8s_8s_16s_16_4_1_U122 SOURCE matrix_mult.cpp:16 VARIABLE mul_ln16_115 LOOP {} BUNDLEDNAME {} DSP 1 BRAM 0 URAM 0 STORAGESUBTYPE {} DISPNAME {bind_op mul} VISIBLE true} {BINDTYPE op ID {} IMPL auto LATENCY 0 OPTYPE mul PRAGMA {} RTLNAME mul_8s_8s_16_1_1_U49 SOURCE matrix_mult.cpp:16 VARIABLE mul_ln16_116 LOOP {} BUNDLEDNAME {} DSP 0 BRAM 0 URAM 0 STORAGESUBTYPE {} DISPNAME {bind_op mul} VISIBLE true} {BINDTYPE op ID {} IMPL dsp_slice LATENCY 3 OPTYPE mul PRAGMA {} RTLNAME mac_muladd_8s_8s_16ns_16_4_1_U123 SOURCE matrix_mult.cpp:16 VARIABLE mul_ln16_117 LOOP {} BUNDLEDNAME {} DSP 1 BRAM 0 URAM 0 STORAGESUBTYPE {} DISPNAME {bind_op mul} VISIBLE true} {BINDTYPE op ID {} IMPL auto LATENCY 0 OPTYPE mul PRAGMA {} RTLNAME mul_8s_8s_16_1_1_U24 SOURCE matrix_mult.cpp:16 VARIABLE mul_ln16_118 LOOP {} BUNDLEDNAME {} DSP 0 BRAM 0 URAM 0 STORAGESUBTYPE {} DISPNAME {bind_op mul} VISIBLE true} {BINDTYPE op ID {} IMPL dsp_slice LATENCY 3 OPTYPE mul PRAGMA {} RTLNAME mac_muladd_8s_8s_16s_16_4_1_U82 SOURCE matrix_mult.cpp:16 VARIABLE mul_ln16_119 LOOP {} BUNDLEDNAME {} DSP 1 BRAM 0 URAM 0 STORAGESUBTYPE {} DISPNAME {bind_op mul} VISIBLE true} {BINDTYPE op ID {} IMPL dsp_slice LATENCY 3 OPTYPE add PRAGMA {} RTLNAME mac_muladd_8s_8s_16s_16_4_1_U122 SOURCE matrix_mult.cpp:16 VARIABLE add_ln16_92 LOOP {} BUNDLEDNAME {} DSP 1 BRAM 0 URAM 0 STORAGESUBTYPE {} DISPNAME {bind_op add} VISIBLE true} {BINDTYPE op ID {} IMPL dsp_slice LATENCY 3 OPTYPE add PRAGMA {} RTLNAME mac_muladd_8s_8s_16s_16_4_1_U82 SOURCE matrix_mult.cpp:16 VARIABLE add_ln16_93 LOOP {} BUNDLEDNAME {} DSP 1 BRAM 0 URAM 0 STORAGESUBTYPE {} DISPNAME {bind_op add} VISIBLE true} {BINDTYPE op ID {} IMPL dsp_slice LATENCY 3 OPTYPE add PRAGMA {} RTLNAME mac_muladd_8s_8s_16ns_16_4_1_U123 SOURCE matrix_mult.cpp:16 VARIABLE add_ln16_94 LOOP {} BUNDLEDNAME {} DSP 1 BRAM 0 URAM 0 STORAGESUBTYPE {} DISPNAME {bind_op add} VISIBLE true} {BINDTYPE op ID {} IMPL fabric LATENCY 0 OPTYPE add PRAGMA {} RTLNAME add_ln16_95_fu_1153_p2 SOURCE matrix_mult.cpp:16 VARIABLE add_ln16_95 LOOP {} BUNDLEDNAME {} DSP 0 BRAM 0 URAM 0 STORAGESUBTYPE {} DISPNAME {bind_op add} VISIBLE true} {BINDTYPE op ID {} IMPL dsp_slice LATENCY 3 OPTYPE mul PRAGMA {} RTLNAME mac_muladd_8s_8s_16s_16_4_1_U124 SOURCE matrix_mult.cpp:16 VARIABLE mul_ln16_120 LOOP {} BUNDLEDNAME {} DSP 1 BRAM 0 URAM 0 STORAGESUBTYPE {} DISPNAME {bind_op mul} VISIBLE true} {BINDTYPE op ID {} IMPL auto LATENCY 0 OPTYPE mul PRAGMA {} RTLNAME mul_8s_8s_16_1_1_U50 SOURCE matrix_mult.cpp:16 VARIABLE mul_ln16_121 LOOP {} BUNDLEDNAME {} DSP 0 BRAM 0 URAM 0 STORAGESUBTYPE {} DISPNAME {bind_op mul} VISIBLE true} {BINDTYPE op ID {} IMPL dsp_slice LATENCY 3 OPTYPE mul PRAGMA {} RTLNAME mac_muladd_8s_8s_16ns_16_4_1_U125 SOURCE matrix_mult.cpp:16 VARIABLE mul_ln16_122 LOOP {} BUNDLEDNAME {} DSP 1 BRAM 0 URAM 0 STORAGESUBTYPE {} DISPNAME {bind_op mul} VISIBLE true} {BINDTYPE op ID {} IMPL auto LATENCY 0 OPTYPE mul PRAGMA {} RTLNAME mul_8s_8s_16_1_1_U28 SOURCE matrix_mult.cpp:16 VARIABLE mul_ln16_123 LOOP {} BUNDLEDNAME {} DSP 0 BRAM 0 URAM 0 STORAGESUBTYPE {} DISPNAME {bind_op mul} VISIBLE true} {BINDTYPE op ID {} IMPL dsp_slice LATENCY 3 OPTYPE mul PRAGMA {} RTLNAME mac_muladd_8s_8s_16s_16_4_1_U88 SOURCE matrix_mult.cpp:16 VARIABLE mul_ln16_124 LOOP {} BUNDLEDNAME {} DSP 1 BRAM 0 URAM 0 STORAGESUBTYPE {} DISPNAME {bind_op mul} VISIBLE true} {BINDTYPE op ID {} IMPL dsp_slice LATENCY 3 OPTYPE add PRAGMA {} RTLNAME mac_muladd_8s_8s_16s_16_4_1_U124 SOURCE matrix_mult.cpp:16 VARIABLE add_ln16_96 LOOP {} BUNDLEDNAME {} DSP 1 BRAM 0 URAM 0 STORAGESUBTYPE {} DISPNAME {bind_op add} VISIBLE true} {BINDTYPE op ID {} IMPL dsp_slice LATENCY 3 OPTYPE add PRAGMA {} RTLNAME mac_muladd_8s_8s_16s_16_4_1_U88 SOURCE matrix_mult.cpp:16 VARIABLE add_ln16_97 LOOP {} BUNDLEDNAME {} DSP 1 BRAM 0 URAM 0 STORAGESUBTYPE {} DISPNAME {bind_op add} VISIBLE true} {BINDTYPE op ID {} IMPL dsp_slice LATENCY 3 OPTYPE add PRAGMA {} RTLNAME mac_muladd_8s_8s_16ns_16_4_1_U125 SOURCE matrix_mult.cpp:16 VARIABLE add_ln16_98 LOOP {} BUNDLEDNAME {} DSP 1 BRAM 0 URAM 0 STORAGESUBTYPE {} DISPNAME {bind_op add} VISIBLE true} {BINDTYPE op ID {} IMPL fabric LATENCY 0 OPTYPE add PRAGMA {} RTLNAME add_ln16_99_fu_1157_p2 SOURCE matrix_mult.cpp:16 VARIABLE add_ln16_99 LOOP {} BUNDLEDNAME {} DSP 0 BRAM 0 URAM 0 STORAGESUBTYPE {} DISPNAME {bind_op add} VISIBLE true}} AREA {DSP 75 BRAM 0 URAM 0}}}}'
INFO-FLOW: DBG:PUTS:      update_csynth_reports json2rpt_hw_sw_interfaces
INFO-FLOW: Running: gen_csynth_sec_pragma
INFO-FLOW: Done: gen_csynth_sec_pragma time: 0 seconds per iteration
INFO-FLOW: DBG:PUTS:      update_csynth_reports wrote xml
INFO-FLOW: DBG:PUTS:      update_csynth_reports appended to csynth rpt file
INFO: [HLS 200-111] Finished Updating report files: CPU user time: 0 seconds. CPU system time: 0 seconds. Elapsed time: 0.601 seconds; current allocated memory: 256.691 MB.
INFO: [VHDL 208-304] Generating VHDL RTL for matrix_mult.
INFO: [VLOG 209-307] Generating Verilog RTL for matrix_mult.
Execute       syn_report -model matrix_mult -printsummary 
INFO: [HLS 200-789] **** Estimated Fmax: 303.95 MHz
Command     autosyn done; 4.881 sec.
Command   csynth_design done; 15.026 sec.
INFO: [HLS 200-2161] Finished Command csynth_design Elapsed time: 00:00:15; Allocated memory: 58.211 MB.
Command ap_source done; 16.411 sec.
Execute cleanup_all 
