

================================================================
== Vitis HLS Report for 'matrix_mult'
================================================================
* Date:           Mon May 25 21:58:30 2026

* Version:        2024.1 (Build 5069499 on May 21 2024)
* Project:        tutor3
* Solution:       solution5 (Vivado IP Flow Target)
* Product family: kintex7
* Target device:  xc7k70t-fbv676-1


================================================================
== Performance Estimates
================================================================
+ Timing: 
    * Summary: 
    +--------+---------+----------+------------+
    |  Clock |  Target | Estimated| Uncertainty|
    +--------+---------+----------+------------+
    |ap_clk  |  5.00 ns|  3.290 ns|     1.35 ns|
    +--------+---------+----------+------------+

+ Latency: 
    * Summary: 
    +---------+---------+----------+----------+-----+-----+---------+
    |  Latency (cycles) |  Latency (absolute) |  Interval | Pipeline|
    |   min   |   max   |    min   |    max   | min | max |   Type  |
    +---------+---------+----------+----------+-----+-----+---------+
    |       23|       23|  0.115 us|  0.115 us|   13|   13|      yes|
    +---------+---------+----------+----------+-----+-----+---------+

    + Detail: 
        * Instance: 
        N/A

        * Loop: 
        N/A



================================================================
== Utilization Estimates
================================================================
* Summary: 
+-----------------+---------+-----+-------+-------+-----+
|       Name      | BRAM_18K| DSP |   FF  |  LUT  | URAM|
+-----------------+---------+-----+-------+-------+-----+
|DSP              |        -|   75|      -|      -|    -|
|Expression       |        -|    -|      0|    581|    -|
|FIFO             |        -|    -|      -|      -|    -|
|Instance         |        -|    0|      0|   2050|    -|
|Memory           |        -|    -|      -|      -|    -|
|Multiplexer      |        -|    -|      0|    355|    -|
|Register         |        -|    -|   3031|      -|    -|
+-----------------+---------+-----+-------+-------+-----+
|Total            |        0|   75|   3031|   2986|    0|
+-----------------+---------+-----+-------+-------+-----+
|Available        |      270|  240|  82000|  41000|    0|
+-----------------+---------+-----+-------+-------+-----+
|Utilization (%)  |        0|   31|      3|      7|    0|
+-----------------+---------+-----+-------+-------+-----+

+ Detail: 
    * Instance: 
    +----------------------+------------------+---------+----+---+----+-----+
    |       Instance       |      Module      | BRAM_18K| DSP| FF| LUT| URAM|
    +----------------------+------------------+---------+----+---+----+-----+
    |mul_8s_8s_16_1_1_U1   |mul_8s_8s_16_1_1  |        0|   0|  0|  41|    0|
    |mul_8s_8s_16_1_1_U2   |mul_8s_8s_16_1_1  |        0|   0|  0|  41|    0|
    |mul_8s_8s_16_1_1_U3   |mul_8s_8s_16_1_1  |        0|   0|  0|  41|    0|
    |mul_8s_8s_16_1_1_U4   |mul_8s_8s_16_1_1  |        0|   0|  0|  41|    0|
    |mul_8s_8s_16_1_1_U5   |mul_8s_8s_16_1_1  |        0|   0|  0|  41|    0|
    |mul_8s_8s_16_1_1_U6   |mul_8s_8s_16_1_1  |        0|   0|  0|  41|    0|
    |mul_8s_8s_16_1_1_U7   |mul_8s_8s_16_1_1  |        0|   0|  0|  41|    0|
    |mul_8s_8s_16_1_1_U8   |mul_8s_8s_16_1_1  |        0|   0|  0|  41|    0|
    |mul_8s_8s_16_1_1_U9   |mul_8s_8s_16_1_1  |        0|   0|  0|  41|    0|
    |mul_8s_8s_16_1_1_U10  |mul_8s_8s_16_1_1  |        0|   0|  0|  41|    0|
    |mul_8s_8s_16_1_1_U11  |mul_8s_8s_16_1_1  |        0|   0|  0|  41|    0|
    |mul_8s_8s_16_1_1_U12  |mul_8s_8s_16_1_1  |        0|   0|  0|  41|    0|
    |mul_8s_8s_16_1_1_U13  |mul_8s_8s_16_1_1  |        0|   0|  0|  41|    0|
    |mul_8s_8s_16_1_1_U14  |mul_8s_8s_16_1_1  |        0|   0|  0|  41|    0|
    |mul_8s_8s_16_1_1_U15  |mul_8s_8s_16_1_1  |        0|   0|  0|  41|    0|
    |mul_8s_8s_16_1_1_U16  |mul_8s_8s_16_1_1  |        0|   0|  0|  41|    0|
    |mul_8s_8s_16_1_1_U17  |mul_8s_8s_16_1_1  |        0|   0|  0|  41|    0|
    |mul_8s_8s_16_1_1_U18  |mul_8s_8s_16_1_1  |        0|   0|  0|  41|    0|
    |mul_8s_8s_16_1_1_U19  |mul_8s_8s_16_1_1  |        0|   0|  0|  41|    0|
    |mul_8s_8s_16_1_1_U20  |mul_8s_8s_16_1_1  |        0|   0|  0|  41|    0|
    |mul_8s_8s_16_1_1_U21  |mul_8s_8s_16_1_1  |        0|   0|  0|  41|    0|
    |mul_8s_8s_16_1_1_U22  |mul_8s_8s_16_1_1  |        0|   0|  0|  41|    0|
    |mul_8s_8s_16_1_1_U23  |mul_8s_8s_16_1_1  |        0|   0|  0|  41|    0|
    |mul_8s_8s_16_1_1_U24  |mul_8s_8s_16_1_1  |        0|   0|  0|  41|    0|
    |mul_8s_8s_16_1_1_U25  |mul_8s_8s_16_1_1  |        0|   0|  0|  41|    0|
    |mul_8s_8s_16_1_1_U26  |mul_8s_8s_16_1_1  |        0|   0|  0|  41|    0|
    |mul_8s_8s_16_1_1_U27  |mul_8s_8s_16_1_1  |        0|   0|  0|  41|    0|
    |mul_8s_8s_16_1_1_U28  |mul_8s_8s_16_1_1  |        0|   0|  0|  41|    0|
    |mul_8s_8s_16_1_1_U29  |mul_8s_8s_16_1_1  |        0|   0|  0|  41|    0|
    |mul_8s_8s_16_1_1_U30  |mul_8s_8s_16_1_1  |        0|   0|  0|  41|    0|
    |mul_8s_8s_16_1_1_U31  |mul_8s_8s_16_1_1  |        0|   0|  0|  41|    0|
    |mul_8s_8s_16_1_1_U32  |mul_8s_8s_16_1_1  |        0|   0|  0|  41|    0|
    |mul_8s_8s_16_1_1_U33  |mul_8s_8s_16_1_1  |        0|   0|  0|  41|    0|
    |mul_8s_8s_16_1_1_U34  |mul_8s_8s_16_1_1  |        0|   0|  0|  41|    0|
    |mul_8s_8s_16_1_1_U35  |mul_8s_8s_16_1_1  |        0|   0|  0|  41|    0|
    |mul_8s_8s_16_1_1_U36  |mul_8s_8s_16_1_1  |        0|   0|  0|  41|    0|
    |mul_8s_8s_16_1_1_U37  |mul_8s_8s_16_1_1  |        0|   0|  0|  41|    0|
    |mul_8s_8s_16_1_1_U38  |mul_8s_8s_16_1_1  |        0|   0|  0|  41|    0|
    |mul_8s_8s_16_1_1_U39  |mul_8s_8s_16_1_1  |        0|   0|  0|  41|    0|
    |mul_8s_8s_16_1_1_U40  |mul_8s_8s_16_1_1  |        0|   0|  0|  41|    0|
    |mul_8s_8s_16_1_1_U41  |mul_8s_8s_16_1_1  |        0|   0|  0|  41|    0|
    |mul_8s_8s_16_1_1_U42  |mul_8s_8s_16_1_1  |        0|   0|  0|  41|    0|
    |mul_8s_8s_16_1_1_U43  |mul_8s_8s_16_1_1  |        0|   0|  0|  41|    0|
    |mul_8s_8s_16_1_1_U44  |mul_8s_8s_16_1_1  |        0|   0|  0|  41|    0|
    |mul_8s_8s_16_1_1_U45  |mul_8s_8s_16_1_1  |        0|   0|  0|  41|    0|
    |mul_8s_8s_16_1_1_U46  |mul_8s_8s_16_1_1  |        0|   0|  0|  41|    0|
    |mul_8s_8s_16_1_1_U47  |mul_8s_8s_16_1_1  |        0|   0|  0|  41|    0|
    |mul_8s_8s_16_1_1_U48  |mul_8s_8s_16_1_1  |        0|   0|  0|  41|    0|
    |mul_8s_8s_16_1_1_U49  |mul_8s_8s_16_1_1  |        0|   0|  0|  41|    0|
    |mul_8s_8s_16_1_1_U50  |mul_8s_8s_16_1_1  |        0|   0|  0|  41|    0|
    +----------------------+------------------+---------+----+---+----+-----+
    |Total                 |                  |        0|   0|  0|2050|    0|
    +----------------------+------------------+---------+----+---+----+-----+

    * DSP: 
    +-----------------------------------+------------------------------+--------------+
    |              Instance             |            Module            |  Expression  |
    +-----------------------------------+------------------------------+--------------+
    |mac_muladd_8s_8s_16ns_16_4_1_U59   |mac_muladd_8s_8s_16ns_16_4_1  |  i0 + i1 * i2|
    |mac_muladd_8s_8s_16ns_16_4_1_U60   |mac_muladd_8s_8s_16ns_16_4_1  |  i0 + i1 * i2|
    |mac_muladd_8s_8s_16ns_16_4_1_U65   |mac_muladd_8s_8s_16ns_16_4_1  |  i0 + i1 * i2|
    |mac_muladd_8s_8s_16ns_16_4_1_U66   |mac_muladd_8s_8s_16ns_16_4_1  |  i0 + i1 * i2|
    |mac_muladd_8s_8s_16ns_16_4_1_U71   |mac_muladd_8s_8s_16ns_16_4_1  |  i0 + i1 * i2|
    |mac_muladd_8s_8s_16ns_16_4_1_U72   |mac_muladd_8s_8s_16ns_16_4_1  |  i0 + i1 * i2|
    |mac_muladd_8s_8s_16ns_16_4_1_U77   |mac_muladd_8s_8s_16ns_16_4_1  |  i0 + i1 * i2|
    |mac_muladd_8s_8s_16ns_16_4_1_U78   |mac_muladd_8s_8s_16ns_16_4_1  |  i0 + i1 * i2|
    |mac_muladd_8s_8s_16ns_16_4_1_U86   |mac_muladd_8s_8s_16ns_16_4_1  |  i0 + i1 * i2|
    |mac_muladd_8s_8s_16ns_16_4_1_U87   |mac_muladd_8s_8s_16ns_16_4_1  |  i0 + i1 * i2|
    |mac_muladd_8s_8s_16ns_16_4_1_U93   |mac_muladd_8s_8s_16ns_16_4_1  |  i0 + i1 * i2|
    |mac_muladd_8s_8s_16ns_16_4_1_U94   |mac_muladd_8s_8s_16ns_16_4_1  |  i0 + i1 * i2|
    |mac_muladd_8s_8s_16ns_16_4_1_U99   |mac_muladd_8s_8s_16ns_16_4_1  |  i0 + i1 * i2|
    |mac_muladd_8s_8s_16ns_16_4_1_U100  |mac_muladd_8s_8s_16ns_16_4_1  |  i0 + i1 * i2|
    |mac_muladd_8s_8s_16ns_16_4_1_U105  |mac_muladd_8s_8s_16ns_16_4_1  |  i0 + i1 * i2|
    |mac_muladd_8s_8s_16ns_16_4_1_U106  |mac_muladd_8s_8s_16ns_16_4_1  |  i0 + i1 * i2|
    |mac_muladd_8s_8s_16ns_16_4_1_U109  |mac_muladd_8s_8s_16ns_16_4_1  |  i0 + i1 * i2|
    |mac_muladd_8s_8s_16ns_16_4_1_U111  |mac_muladd_8s_8s_16ns_16_4_1  |  i0 + i1 * i2|
    |mac_muladd_8s_8s_16ns_16_4_1_U113  |mac_muladd_8s_8s_16ns_16_4_1  |  i0 + i1 * i2|
    |mac_muladd_8s_8s_16ns_16_4_1_U115  |mac_muladd_8s_8s_16ns_16_4_1  |  i0 + i1 * i2|
    |mac_muladd_8s_8s_16ns_16_4_1_U119  |mac_muladd_8s_8s_16ns_16_4_1  |  i0 + i1 * i2|
    |mac_muladd_8s_8s_16ns_16_4_1_U120  |mac_muladd_8s_8s_16ns_16_4_1  |  i0 + i1 * i2|
    |mac_muladd_8s_8s_16ns_16_4_1_U121  |mac_muladd_8s_8s_16ns_16_4_1  |  i0 + i1 * i2|
    |mac_muladd_8s_8s_16ns_16_4_1_U123  |mac_muladd_8s_8s_16ns_16_4_1  |  i0 + i1 * i2|
    |mac_muladd_8s_8s_16ns_16_4_1_U125  |mac_muladd_8s_8s_16ns_16_4_1  |  i0 + i1 * i2|
    |mac_muladd_8s_8s_16s_16_4_1_U51    |mac_muladd_8s_8s_16s_16_4_1   |  i0 + i1 * i2|
    |mac_muladd_8s_8s_16s_16_4_1_U52    |mac_muladd_8s_8s_16s_16_4_1   |  i0 + i1 * i2|
    |mac_muladd_8s_8s_16s_16_4_1_U53    |mac_muladd_8s_8s_16s_16_4_1   |  i0 + i1 * i2|
    |mac_muladd_8s_8s_16s_16_4_1_U54    |mac_muladd_8s_8s_16s_16_4_1   |  i0 + i1 * i2|
    |mac_muladd_8s_8s_16s_16_4_1_U55    |mac_muladd_8s_8s_16s_16_4_1   |  i0 + i1 * i2|
    |mac_muladd_8s_8s_16s_16_4_1_U56    |mac_muladd_8s_8s_16s_16_4_1   |  i0 + i1 * i2|
    |mac_muladd_8s_8s_16s_16_4_1_U57    |mac_muladd_8s_8s_16s_16_4_1   |  i0 + i1 * i2|
    |mac_muladd_8s_8s_16s_16_4_1_U58    |mac_muladd_8s_8s_16s_16_4_1   |  i0 + i1 * i2|
    |mac_muladd_8s_8s_16s_16_4_1_U61    |mac_muladd_8s_8s_16s_16_4_1   |  i0 + i1 * i2|
    |mac_muladd_8s_8s_16s_16_4_1_U62    |mac_muladd_8s_8s_16s_16_4_1   |  i0 + i1 * i2|
    |mac_muladd_8s_8s_16s_16_4_1_U63    |mac_muladd_8s_8s_16s_16_4_1   |  i0 + i1 * i2|
    |mac_muladd_8s_8s_16s_16_4_1_U64    |mac_muladd_8s_8s_16s_16_4_1   |  i0 + i1 * i2|
    |mac_muladd_8s_8s_16s_16_4_1_U67    |mac_muladd_8s_8s_16s_16_4_1   |  i0 + i1 * i2|
    |mac_muladd_8s_8s_16s_16_4_1_U68    |mac_muladd_8s_8s_16s_16_4_1   |  i0 + i1 * i2|
    |mac_muladd_8s_8s_16s_16_4_1_U69    |mac_muladd_8s_8s_16s_16_4_1   |  i0 + i1 * i2|
    |mac_muladd_8s_8s_16s_16_4_1_U70    |mac_muladd_8s_8s_16s_16_4_1   |  i0 + i1 * i2|
    |mac_muladd_8s_8s_16s_16_4_1_U73    |mac_muladd_8s_8s_16s_16_4_1   |  i0 + i1 * i2|
    |mac_muladd_8s_8s_16s_16_4_1_U74    |mac_muladd_8s_8s_16s_16_4_1   |  i0 + i1 * i2|
    |mac_muladd_8s_8s_16s_16_4_1_U75    |mac_muladd_8s_8s_16s_16_4_1   |  i0 + i1 * i2|
    |mac_muladd_8s_8s_16s_16_4_1_U76    |mac_muladd_8s_8s_16s_16_4_1   |  i0 + i1 * i2|
    |mac_muladd_8s_8s_16s_16_4_1_U79    |mac_muladd_8s_8s_16s_16_4_1   |  i0 + i1 * i2|
    |mac_muladd_8s_8s_16s_16_4_1_U80    |mac_muladd_8s_8s_16s_16_4_1   |  i0 + i1 * i2|
    |mac_muladd_8s_8s_16s_16_4_1_U81    |mac_muladd_8s_8s_16s_16_4_1   |  i0 + i1 * i2|
    |mac_muladd_8s_8s_16s_16_4_1_U82    |mac_muladd_8s_8s_16s_16_4_1   |  i0 + i1 * i2|
    |mac_muladd_8s_8s_16s_16_4_1_U83    |mac_muladd_8s_8s_16s_16_4_1   |  i0 + i1 * i2|
    |mac_muladd_8s_8s_16s_16_4_1_U84    |mac_muladd_8s_8s_16s_16_4_1   |  i0 + i1 * i2|
    |mac_muladd_8s_8s_16s_16_4_1_U85    |mac_muladd_8s_8s_16s_16_4_1   |  i0 + i1 * i2|
    |mac_muladd_8s_8s_16s_16_4_1_U88    |mac_muladd_8s_8s_16s_16_4_1   |  i0 + i1 * i2|
    |mac_muladd_8s_8s_16s_16_4_1_U89    |mac_muladd_8s_8s_16s_16_4_1   |  i0 + i1 * i2|
    |mac_muladd_8s_8s_16s_16_4_1_U90    |mac_muladd_8s_8s_16s_16_4_1   |  i0 + i1 * i2|
    |mac_muladd_8s_8s_16s_16_4_1_U91    |mac_muladd_8s_8s_16s_16_4_1   |  i0 + i1 * i2|
    |mac_muladd_8s_8s_16s_16_4_1_U92    |mac_muladd_8s_8s_16s_16_4_1   |  i0 + i1 * i2|
    |mac_muladd_8s_8s_16s_16_4_1_U95    |mac_muladd_8s_8s_16s_16_4_1   |  i0 + i1 * i2|
    |mac_muladd_8s_8s_16s_16_4_1_U96    |mac_muladd_8s_8s_16s_16_4_1   |  i0 + i1 * i2|
    |mac_muladd_8s_8s_16s_16_4_1_U97    |mac_muladd_8s_8s_16s_16_4_1   |  i0 + i1 * i2|
    |mac_muladd_8s_8s_16s_16_4_1_U98    |mac_muladd_8s_8s_16s_16_4_1   |  i0 + i1 * i2|
    |mac_muladd_8s_8s_16s_16_4_1_U101   |mac_muladd_8s_8s_16s_16_4_1   |  i0 + i1 * i2|
    |mac_muladd_8s_8s_16s_16_4_1_U102   |mac_muladd_8s_8s_16s_16_4_1   |  i0 + i1 * i2|
    |mac_muladd_8s_8s_16s_16_4_1_U103   |mac_muladd_8s_8s_16s_16_4_1   |  i0 + i1 * i2|
    |mac_muladd_8s_8s_16s_16_4_1_U104   |mac_muladd_8s_8s_16s_16_4_1   |  i0 + i1 * i2|
    |mac_muladd_8s_8s_16s_16_4_1_U107   |mac_muladd_8s_8s_16s_16_4_1   |  i0 + i1 * i2|
    |mac_muladd_8s_8s_16s_16_4_1_U108   |mac_muladd_8s_8s_16s_16_4_1   |  i0 + i1 * i2|
    |mac_muladd_8s_8s_16s_16_4_1_U110   |mac_muladd_8s_8s_16s_16_4_1   |  i0 + i1 * i2|
    |mac_muladd_8s_8s_16s_16_4_1_U112   |mac_muladd_8s_8s_16s_16_4_1   |  i0 + i1 * i2|
    |mac_muladd_8s_8s_16s_16_4_1_U114   |mac_muladd_8s_8s_16s_16_4_1   |  i0 + i1 * i2|
    |mac_muladd_8s_8s_16s_16_4_1_U116   |mac_muladd_8s_8s_16s_16_4_1   |  i0 + i1 * i2|
    |mac_muladd_8s_8s_16s_16_4_1_U117   |mac_muladd_8s_8s_16s_16_4_1   |  i0 + i1 * i2|
    |mac_muladd_8s_8s_16s_16_4_1_U118   |mac_muladd_8s_8s_16s_16_4_1   |  i0 + i1 * i2|
    |mac_muladd_8s_8s_16s_16_4_1_U122   |mac_muladd_8s_8s_16s_16_4_1   |  i0 + i1 * i2|
    |mac_muladd_8s_8s_16s_16_4_1_U124   |mac_muladd_8s_8s_16s_16_4_1   |  i0 + i1 * i2|
    +-----------------------------------+------------------------------+--------------+

    * Memory: 
    N/A

    * FIFO: 
    N/A

    * Expression: 
    +------------------------+----------+----+---+----+------------+------------+
    |      Variable Name     | Operation| DSP| FF| LUT| Bitwidth P0| Bitwidth P1|
    +------------------------+----------+----+---+----+------------+------------+
    |add_ln16_11_fu_968_p2   |         +|   0|  0|  23|          16|          16|
    |add_ln16_15_fu_995_p2   |         +|   0|  0|  23|          16|          16|
    |add_ln16_19_fu_999_p2   |         +|   0|  0|  23|          16|          16|
    |add_ln16_23_fu_1003_p2  |         +|   0|  0|  23|          16|          16|
    |add_ln16_27_fu_1007_p2  |         +|   0|  0|  23|          16|          16|
    |add_ln16_31_fu_1030_p2  |         +|   0|  0|  23|          16|          16|
    |add_ln16_35_fu_1034_p2  |         +|   0|  0|  23|          16|          16|
    |add_ln16_39_fu_1038_p2  |         +|   0|  0|  23|          16|          16|
    |add_ln16_3_fu_960_p2    |         +|   0|  0|  23|          16|          16|
    |add_ln16_43_fu_1042_p2  |         +|   0|  0|  23|          16|          16|
    |add_ln16_47_fu_1072_p2  |         +|   0|  0|  23|          16|          16|
    |add_ln16_51_fu_1076_p2  |         +|   0|  0|  23|          16|          16|
    |add_ln16_55_fu_1080_p2  |         +|   0|  0|  23|          16|          16|
    |add_ln16_59_fu_1084_p2  |         +|   0|  0|  23|          16|          16|
    |add_ln16_63_fu_1113_p2  |         +|   0|  0|  23|          16|          16|
    |add_ln16_67_fu_1117_p2  |         +|   0|  0|  23|          16|          16|
    |add_ln16_71_fu_1121_p2  |         +|   0|  0|  23|          16|          16|
    |add_ln16_75_fu_1133_p2  |         +|   0|  0|  23|          16|          16|
    |add_ln16_79_fu_1137_p2  |         +|   0|  0|  23|          16|          16|
    |add_ln16_7_fu_964_p2    |         +|   0|  0|  23|          16|          16|
    |add_ln16_83_fu_1141_p2  |         +|   0|  0|  23|          16|          16|
    |add_ln16_87_fu_1145_p2  |         +|   0|  0|  23|          16|          16|
    |add_ln16_91_fu_1149_p2  |         +|   0|  0|  23|          16|          16|
    |add_ln16_95_fu_1153_p2  |         +|   0|  0|  23|          16|          16|
    |add_ln16_99_fu_1157_p2  |         +|   0|  0|  23|          16|          16|
    |ap_enable_pp0           |       xor|   0|  0|   6|           1|           2|
    +------------------------+----------+----+---+----+------------+------------+
    |Total                   |          |   0|  0| 581|         401|         402|
    +------------------------+----------+----+---+----+------------+------------+

    * Multiplexer: 
    +-------------------------+----+-----------+-----+-----------+
    |           Name          | LUT| Input Size| Bits| Total Bits|
    +-------------------------+----+-----------+-----+-----------+
    |a_address0_local         |  17|          4|    3|         12|
    |a_address1_local         |  13|          3|    3|          9|
    |ap_NS_fsm                |  57|         14|    1|         14|
    |ap_enable_reg_pp0_iter0  |   9|          2|    1|          2|
    |ap_enable_reg_pp0_iter1  |   9|          2|    1|          2|
    |b_address0_local         |  17|          4|    3|         12|
    |b_address1_local         |  13|          3|    3|          9|
    |prod_address0_local      |  57|         14|    5|         70|
    |prod_address1_local      |  53|         13|    5|         65|
    |prod_d0_local            |  57|         14|   16|        224|
    |prod_d1_local            |  53|         13|   16|        208|
    +-------------------------+----+-----------+-----+-----------+
    |Total                    | 355|         86|   57|        627|
    +-------------------------+----+-----------+-----+-----------+

    * Register: 
    +-----------------------------+----+----+-----+-----------+
    |             Name            | FF | LUT| Bits| Const Bits|
    +-----------------------------+----+----+-----+-----------+
    |add_ln16_10_reg_2253         |  16|   0|   16|          0|
    |add_ln16_11_reg_2516         |  16|   0|   16|          0|
    |add_ln16_13_reg_2097         |  16|   0|   16|          0|
    |add_ln16_14_reg_2258         |  16|   0|   16|          0|
    |add_ln16_15_reg_2573         |  16|   0|   16|          0|
    |add_ln16_17_reg_2168         |  16|   0|   16|          0|
    |add_ln16_18_reg_2371         |  16|   0|   16|          0|
    |add_ln16_19_reg_2578         |  16|   0|   16|          0|
    |add_ln16_1_reg_2011          |  16|   0|   16|          0|
    |add_ln16_21_reg_2051         |  16|   0|   16|          0|
    |add_ln16_22_reg_2385         |  16|   0|   16|          0|
    |add_ln16_23_reg_2583         |  16|   0|   16|          0|
    |add_ln16_25_reg_2056         |  16|   0|   16|          0|
    |add_ln16_26_reg_2467         |  16|   0|   16|          0|
    |add_ln16_27_reg_2588         |  16|   0|   16|          0|
    |add_ln16_29_reg_2120         |  16|   0|   16|          0|
    |add_ln16_2_reg_2158          |  16|   0|   16|          0|
    |add_ln16_30_reg_2472         |  16|   0|   16|          0|
    |add_ln16_31_reg_2632         |  16|   0|   16|          0|
    |add_ln16_33_reg_2125         |  16|   0|   16|          0|
    |add_ln16_34_reg_2531         |  16|   0|   16|          0|
    |add_ln16_35_reg_2637         |  16|   0|   16|          0|
    |add_ln16_37_reg_2173         |  16|   0|   16|          0|
    |add_ln16_38_reg_2541         |  16|   0|   16|          0|
    |add_ln16_39_reg_2642         |  16|   0|   16|          0|
    |add_ln16_3_reg_2506          |  16|   0|   16|          0|
    |add_ln16_41_reg_2178         |  16|   0|   16|          0|
    |add_ln16_42_reg_2593         |  16|   0|   16|          0|
    |add_ln16_43_reg_2647         |  16|   0|   16|          0|
    |add_ln16_45_reg_2183         |  16|   0|   16|          0|
    |add_ln16_46_reg_2603         |  16|   0|   16|          0|
    |add_ln16_47_reg_2696         |  16|   0|   16|          0|
    |add_ln16_49_reg_2263         |  16|   0|   16|          0|
    |add_ln16_50_reg_2652         |  16|   0|   16|          0|
    |add_ln16_51_reg_2701         |  16|   0|   16|          0|
    |add_ln16_53_reg_2268         |  16|   0|   16|          0|
    |add_ln16_54_reg_2657         |  16|   0|   16|          0|
    |add_ln16_55_reg_2706         |  16|   0|   16|          0|
    |add_ln16_57_reg_2273         |  16|   0|   16|          0|
    |add_ln16_59_reg_2711         |  16|   0|   16|          0|
    |add_ln16_5_reg_2016          |  16|   0|   16|          0|
    |add_ln16_61_reg_2278         |  16|   0|   16|          0|
    |add_ln16_62_reg_2716         |  16|   0|   16|          0|
    |add_ln16_63_reg_2756         |  16|   0|   16|          0|
    |add_ln16_65_reg_2399         |  16|   0|   16|          0|
    |add_ln16_67_reg_2761         |  16|   0|   16|          0|
    |add_ln16_69_reg_2404         |  16|   0|   16|          0|
    |add_ln16_6_reg_2163          |  16|   0|   16|          0|
    |add_ln16_71_reg_2766         |  16|   0|   16|          0|
    |add_ln16_72_reg_2771         |  16|   0|   16|          0|
    |add_ln16_73_reg_2409         |  16|   0|   16|          0|
    |add_ln16_75_reg_2786         |  16|   0|   16|          0|
    |add_ln16_77_reg_2414         |  16|   0|   16|          0|
    |add_ln16_79_reg_2791         |  16|   0|   16|          0|
    |add_ln16_7_reg_2511          |  16|   0|   16|          0|
    |add_ln16_80_reg_2796         |  16|   0|   16|          0|
    |add_ln16_81_reg_2486         |  16|   0|   16|          0|
    |add_ln16_83_reg_2811         |  16|   0|   16|          0|
    |add_ln16_84_reg_2801         |  16|   0|   16|          0|
    |add_ln16_85_reg_2491         |  16|   0|   16|          0|
    |add_ln16_87_reg_2816         |  16|   0|   16|          0|
    |add_ln16_88_reg_2806         |  16|   0|   16|          0|
    |add_ln16_89_reg_2496         |  16|   0|   16|          0|
    |add_ln16_91_reg_2821         |  16|   0|   16|          0|
    |add_ln16_93_reg_2501         |  16|   0|   16|          0|
    |add_ln16_95_reg_2826         |  16|   0|   16|          0|
    |add_ln16_96_reg_2831         |  16|   0|   16|          0|
    |add_ln16_97_reg_2568         |  16|   0|   16|          0|
    |add_ln16_99_reg_2836         |  16|   0|   16|          0|
    |add_ln16_9_reg_2092          |  16|   0|   16|          0|
    |ap_CS_fsm                    |  13|   0|   13|          0|
    |ap_enable_reg_pp0_iter0_reg  |   1|   0|    1|          0|
    |ap_enable_reg_pp0_iter1      |   1|   0|    1|          0|
    |mul_ln16_101_reg_2732        |  16|   0|   16|          0|
    |mul_ln16_103_reg_2288        |  16|   0|   16|          0|
    |mul_ln16_106_reg_2746        |  16|   0|   16|          0|
    |mul_ln16_108_reg_2293        |  16|   0|   16|          0|
    |mul_ln16_111_reg_2751        |  16|   0|   16|          0|
    |mul_ln16_113_reg_2298        |  16|   0|   16|          0|
    |mul_ln16_116_reg_2776        |  16|   0|   16|          0|
    |mul_ln16_118_reg_2303        |  16|   0|   16|          0|
    |mul_ln16_11_reg_2348         |  16|   0|   16|          0|
    |mul_ln16_121_reg_2781        |  16|   0|   16|          0|
    |mul_ln16_123_reg_2419        |  16|   0|   16|          0|
    |mul_ln16_13_reg_1931         |  16|   0|   16|          0|
    |mul_ln16_16_reg_2432         |  16|   0|   16|          0|
    |mul_ln16_18_reg_1943         |  16|   0|   16|          0|
    |mul_ln16_1_reg_2322          |  16|   0|   16|          0|
    |mul_ln16_21_reg_2445         |  16|   0|   16|          0|
    |mul_ln16_23_reg_2046         |  16|   0|   16|          0|
    |mul_ln16_26_reg_2457         |  16|   0|   16|          0|
    |mul_ln16_28_reg_1842         |  16|   0|   16|          0|
    |mul_ln16_31_reg_2462         |  16|   0|   16|          0|
    |mul_ln16_33_reg_1847         |  16|   0|   16|          0|
    |mul_ln16_36_reg_2521         |  16|   0|   16|          0|
    |mul_ln16_38_reg_1967         |  16|   0|   16|          0|
    |mul_ln16_3_reg_1765          |  16|   0|   16|          0|
    |mul_ln16_41_reg_2526         |  16|   0|   16|          0|
    |mul_ln16_43_reg_1972         |  16|   0|   16|          0|
    |mul_ln16_46_reg_2536         |  16|   0|   16|          0|
    |mul_ln16_48_reg_2061         |  16|   0|   16|          0|
    |mul_ln16_51_reg_2554         |  16|   0|   16|          0|
    |mul_ln16_53_reg_2073         |  16|   0|   16|          0|
    |mul_ln16_56_reg_2598         |  16|   0|   16|          0|
    |mul_ln16_58_reg_2078         |  16|   0|   16|          0|
    |mul_ln16_61_reg_2608         |  16|   0|   16|          0|
    |mul_ln16_63_reg_2130         |  16|   0|   16|          0|
    |mul_ln16_66_reg_2613         |  16|   0|   16|          0|
    |mul_ln16_68_reg_2135         |  16|   0|   16|          0|
    |mul_ln16_6_reg_2335          |  16|   0|   16|          0|
    |mul_ln16_71_reg_2618         |  16|   0|   16|          0|
    |mul_ln16_73_reg_2140         |  16|   0|   16|          0|
    |mul_ln16_76_reg_2667         |  16|   0|   16|          0|
    |mul_ln16_78_reg_2153         |  16|   0|   16|          0|
    |mul_ln16_81_reg_2672         |  16|   0|   16|          0|
    |mul_ln16_83_reg_2188         |  16|   0|   16|          0|
    |mul_ln16_86_reg_2677         |  16|   0|   16|          0|
    |mul_ln16_88_reg_2193         |  16|   0|   16|          0|
    |mul_ln16_8_reg_1777          |  16|   0|   16|          0|
    |mul_ln16_91_reg_2682         |  16|   0|   16|          0|
    |mul_ln16_93_reg_2198         |  16|   0|   16|          0|
    |mul_ln16_96_reg_2721         |  16|   0|   16|          0|
    |mul_ln16_98_reg_2203         |  16|   0|   16|          0|
    |reg_594                      |   8|   0|    8|          0|
    |reg_598                      |   8|   0|    8|          0|
    |reg_602                      |   8|   0|    8|          0|
    |reg_606                      |   8|   0|    8|          0|
    |reg_610                      |   8|   0|    8|          0|
    |sext_ln16_10_reg_2235        |  16|   0|   16|          0|
    |sext_ln16_11_reg_2327        |  16|   0|   16|          0|
    |sext_ln16_12_reg_1915        |  16|   0|   16|          0|
    |sext_ln16_13_reg_1770        |  16|   0|   16|          0|
    |sext_ln16_14_reg_1698        |  16|   0|   16|          0|
    |sext_ln16_15_reg_2244        |  16|   0|   16|          0|
    |sext_ln16_16_reg_2340        |  16|   0|   16|          0|
    |sext_ln16_17_reg_2021        |  16|   0|   16|          0|
    |sext_ln16_18_reg_1924        |  16|   0|   16|          0|
    |sext_ln16_19_reg_1797        |  16|   0|   16|          0|
    |sext_ln16_1_reg_2226         |  16|   0|   16|          0|
    |sext_ln16_20_reg_2353        |  16|   0|   16|          0|
    |sext_ln16_21_reg_2424        |  16|   0|   16|          0|
    |sext_ln16_22_reg_2030        |  16|   0|   16|          0|
    |sext_ln16_23_reg_1936        |  16|   0|   16|          0|
    |sext_ln16_24_reg_1821        |  16|   0|   16|          0|
    |sext_ln16_25_reg_2362        |  16|   0|   16|          0|
    |sext_ln16_26_reg_2437        |  16|   0|   16|          0|
    |sext_ln16_27_reg_2102        |  16|   0|   16|          0|
    |sext_ln16_28_reg_2039        |  16|   0|   16|          0|
    |sext_ln16_29_reg_1958        |  16|   0|   16|          0|
    |sext_ln16_2_reg_2308         |  16|   0|   16|          0|
    |sext_ln16_30_reg_2376        |  16|   0|   16|          0|
    |sext_ln16_31_reg_2450        |  16|   0|   16|          0|
    |sext_ln16_32_reg_2111        |  16|   0|   16|          0|
    |sext_ln16_33_reg_1835        |  16|   0|   16|          0|
    |sext_ln16_34_reg_1732        |  16|   0|   16|          0|
    |sext_ln16_35_reg_2477        |  16|   0|   16|          0|
    |sext_ln16_36_reg_2546        |  16|   0|   16|          0|
    |sext_ln16_37_reg_2390        |  16|   0|   16|          0|
    |sext_ln16_38_reg_2066        |  16|   0|   16|          0|
    |sext_ln16_39_reg_1977        |  16|   0|   16|          0|
    |sext_ln16_3_reg_2314         |  16|   0|   16|          0|
    |sext_ln16_40_reg_2623        |  16|   0|   16|          0|
    |sext_ln16_41_reg_2662        |  16|   0|   16|          0|
    |sext_ln16_42_reg_2559        |  16|   0|   16|          0|
    |sext_ln16_43_reg_2145        |  16|   0|   16|          0|
    |sext_ln16_44_reg_2083        |  16|   0|   16|          0|
    |sext_ln16_45_reg_2687        |  16|   0|   16|          0|
    |sext_ln16_46_reg_2726        |  16|   0|   16|          0|
    |sext_ln16_47_reg_2737        |  16|   0|   16|          0|
    |sext_ln16_48_reg_2283        |  16|   0|   16|          0|
    |sext_ln16_49_reg_2208        |  16|   0|   16|          0|
    |sext_ln16_4_reg_1897         |  16|   0|   16|          0|
    |sext_ln16_5_reg_1906         |  16|   0|   16|          0|
    |sext_ln16_6_reg_1751         |  16|   0|   16|          0|
    |sext_ln16_7_reg_1758         |  16|   0|   16|          0|
    |sext_ln16_8_reg_1670         |  16|   0|   16|          0|
    |sext_ln16_9_reg_1679         |  16|   0|   16|          0|
    |sext_ln16_reg_2217           |  16|   0|   16|          0|
    |tmp1_reg_1650                |   8|   0|    8|          0|
    |tmp_11_reg_1787              |   8|   0|    8|          0|
    |tmp_12_reg_1792              |   8|   0|    8|          0|
    |tmp_15_reg_1811              |   8|   0|    8|          0|
    |tmp_16_reg_1816              |   8|   0|    8|          0|
    |tmp_19_reg_1953              |   8|   0|    8|          0|
    |tmp_1_reg_1660               |   8|   0|    8|          0|
    |tmp_23_reg_1722              |   8|   0|    8|          0|
    |tmp_24_reg_1727              |   8|   0|    8|          0|
    |tmp_27_reg_1857              |   8|   0|    8|          0|
    |tmp_28_reg_1862              |   8|   0|    8|          0|
    |tmp_2_reg_1665               |   8|   0|    8|          0|
    |tmp_30_reg_1867              |   8|   0|    8|          0|
    |tmp_31_reg_1877              |   8|   0|    8|          0|
    |tmp_32_reg_1882              |   8|   0|    8|          0|
    |tmp_34_reg_1887              |   8|   0|    8|          0|
    |tmp_35_reg_1991              |   8|   0|    8|          0|
    |tmp_36_reg_1996              |   8|   0|    8|          0|
    |tmp_37_reg_2001              |   8|   0|    8|          0|
    |tmp_38_reg_2006              |   8|   0|    8|          0|
    |tmp_7_reg_1693               |   8|   0|    8|          0|
    |tmp_s_reg_1655               |   8|   0|    8|          0|
    |trunc_ln16_1_reg_1645        |   8|   0|    8|          0|
    |trunc_ln16_2_reg_1688        |   8|   0|    8|          0|
    |trunc_ln16_3_reg_1782        |   8|   0|    8|          0|
    |trunc_ln16_4_reg_1806        |   8|   0|    8|          0|
    |trunc_ln16_5_reg_1948        |   8|   0|    8|          0|
    |trunc_ln16_6_reg_1717        |   8|   0|    8|          0|
    |trunc_ln16_7_reg_1852        |   8|   0|    8|          0|
    |trunc_ln16_8_reg_1872        |   8|   0|    8|          0|
    |trunc_ln16_9_reg_1986        |   8|   0|    8|          0|
    |trunc_ln16_reg_1640          |   8|   0|    8|          0|
    +-----------------------------+----+----+-----+-----------+
    |Total                        |3031|   0| 3031|          0|
    +-----------------------------+----+----+-----+-----------+



================================================================
== Interface
================================================================
* Summary: 
+---------------+-----+-----+------------+--------------+--------------+
|   RTL Ports   | Dir | Bits|  Protocol  | Source Object|    C Type    |
+---------------+-----+-----+------------+--------------+--------------+
|ap_clk         |   in|    1|  ap_ctrl_hs|   matrix_mult|  return value|
|ap_rst         |   in|    1|  ap_ctrl_hs|   matrix_mult|  return value|
|ap_start       |   in|    1|  ap_ctrl_hs|   matrix_mult|  return value|
|ap_done        |  out|    1|  ap_ctrl_hs|   matrix_mult|  return value|
|ap_idle        |  out|    1|  ap_ctrl_hs|   matrix_mult|  return value|
|ap_ready       |  out|    1|  ap_ctrl_hs|   matrix_mult|  return value|
|a_address0     |  out|    3|   ap_memory|             a|         array|
|a_ce0          |  out|    1|   ap_memory|             a|         array|
|a_q0           |   in|   40|   ap_memory|             a|         array|
|a_address1     |  out|    3|   ap_memory|             a|         array|
|a_ce1          |  out|    1|   ap_memory|             a|         array|
|a_q1           |   in|   40|   ap_memory|             a|         array|
|b_address0     |  out|    3|   ap_memory|             b|         array|
|b_ce0          |  out|    1|   ap_memory|             b|         array|
|b_q0           |   in|   40|   ap_memory|             b|         array|
|b_address1     |  out|    3|   ap_memory|             b|         array|
|b_ce1          |  out|    1|   ap_memory|             b|         array|
|b_q1           |   in|   40|   ap_memory|             b|         array|
|prod_address0  |  out|    5|   ap_memory|          prod|         array|
|prod_ce0       |  out|    1|   ap_memory|          prod|         array|
|prod_we0       |  out|    1|   ap_memory|          prod|         array|
|prod_d0        |  out|   16|   ap_memory|          prod|         array|
|prod_address1  |  out|    5|   ap_memory|          prod|         array|
|prod_ce1       |  out|    1|   ap_memory|          prod|         array|
|prod_we1       |  out|    1|   ap_memory|          prod|         array|
|prod_d1        |  out|   16|   ap_memory|          prod|         array|
+---------------+-----+-----+------------+--------------+--------------+

============================================================
+ Verbose Summary: Synthesis Manager
============================================================
InlineROM: 1
ExposeGlobal: 0
============================================================
+ Verbose Summary: CDFG Model
============================================================
IsTopModel: 1
ResetActiveHigh: 1
IsCombinational: 2
IsDatapathOnly: 2
HasWiredReturn: 1
HasMFsm: 2
HasVarLatency: 0
IsPipeline: 1
IsRtlPipelined: 1
IsInstanceOverlapped: 0
IsDontTouch: 0
HasImplIP: 0
IsGatedGlobalClock: 0

+ Individual pipeline summary: 
  * Pipeline-0: initiation interval (II) = 13, depth = 24


============================================================
+ Verbose Summary: Schedule
============================================================
* Number of FSM states : 24
* Pipeline : 1
  Pipeline-0 : II = 13, D = 24, States = { 1 2 3 4 5 6 7 8 9 10 11 12 13 14 15 16 17 18 19 20 21 22 23 24 }
* Dataflow Pipeline: 0

* FSM state transitions: 
1 --> 2 
2 --> 3 
3 --> 4 
4 --> 5 
5 --> 6 
6 --> 7 
7 --> 8 
8 --> 9 
9 --> 10 
10 --> 11 
11 --> 12 
12 --> 13 
13 --> 14 
14 --> 15 
15 --> 16 
16 --> 17 
17 --> 18 
18 --> 19 
19 --> 20 
20 --> 21 
21 --> 22 
22 --> 23 
23 --> 24 
24 --> 

* FSM state operations: 

State 1 <SV = 0> <Delay = 1.42>
ST_1 : Operation 25 [1/1] (0.00ns)   --->   "%a_addr = getelementptr i40 %a, i64 0, i64 0" [matrix_mult.cpp:16]   --->   Operation 25 'getelementptr' 'a_addr' <Predicate = true> <Delay = 0.00>
ST_1 : Operation 26 [2/2] (1.42ns)   --->   "%a_load = load i3 %a_addr" [matrix_mult.cpp:16]   --->   Operation 26 'load' 'a_load' <Predicate = true> <Delay = 1.42> <CoreInst = "RAM">   --->   Core 81 'RAM' <Latency = 1> <II = 1> <Delay = 1.42> <Storage> <Opcode : 'load' 'store'> <Ports = 2> <Width = 40> <Depth = 5> <RAM>
ST_1 : Operation 27 [1/1] (0.00ns)   --->   "%b_addr = getelementptr i40 %b, i64 0, i64 0" [matrix_mult.cpp:16]   --->   Operation 27 'getelementptr' 'b_addr' <Predicate = true> <Delay = 0.00>
ST_1 : Operation 28 [2/2] (1.42ns)   --->   "%b_load = load i3 %b_addr" [matrix_mult.cpp:16]   --->   Operation 28 'load' 'b_load' <Predicate = true> <Delay = 1.42> <CoreInst = "RAM">   --->   Core 81 'RAM' <Latency = 1> <II = 1> <Delay = 1.42> <Storage> <Opcode : 'load' 'store'> <Ports = 2> <Width = 40> <Depth = 5> <RAM>
ST_1 : Operation 29 [1/1] (0.00ns)   --->   "%b_addr_1 = getelementptr i40 %b, i64 0, i64 1" [matrix_mult.cpp:16]   --->   Operation 29 'getelementptr' 'b_addr_1' <Predicate = true> <Delay = 0.00>
ST_1 : Operation 30 [2/2] (1.42ns)   --->   "%b_load_1 = load i3 %b_addr_1" [matrix_mult.cpp:16]   --->   Operation 30 'load' 'b_load_1' <Predicate = true> <Delay = 1.42> <CoreInst = "RAM">   --->   Core 81 'RAM' <Latency = 1> <II = 1> <Delay = 1.42> <Storage> <Opcode : 'load' 'store'> <Ports = 2> <Width = 40> <Depth = 5> <RAM>
ST_1 : Operation 31 [1/1] (0.00ns)   --->   "%a_addr_1 = getelementptr i40 %a, i64 0, i64 1" [matrix_mult.cpp:16]   --->   Operation 31 'getelementptr' 'a_addr_1' <Predicate = true> <Delay = 0.00>
ST_1 : Operation 32 [2/2] (1.42ns)   --->   "%a_load_1 = load i3 %a_addr_1" [matrix_mult.cpp:16]   --->   Operation 32 'load' 'a_load_1' <Predicate = true> <Delay = 1.42> <CoreInst = "RAM">   --->   Core 81 'RAM' <Latency = 1> <II = 1> <Delay = 1.42> <Storage> <Opcode : 'load' 'store'> <Ports = 2> <Width = 40> <Depth = 5> <RAM>

State 2 <SV = 1> <Delay = 2.51>
ST_2 : Operation 33 [1/2] (1.42ns)   --->   "%a_load = load i3 %a_addr" [matrix_mult.cpp:16]   --->   Operation 33 'load' 'a_load' <Predicate = true> <Delay = 1.42> <CoreInst = "RAM">   --->   Core 81 'RAM' <Latency = 1> <II = 1> <Delay = 1.42> <Storage> <Opcode : 'load' 'store'> <Ports = 2> <Width = 40> <Depth = 5> <RAM>
ST_2 : Operation 34 [1/1] (0.00ns)   --->   "%trunc_ln16 = trunc i40 %a_load" [matrix_mult.cpp:16]   --->   Operation 34 'trunc' 'trunc_ln16' <Predicate = true> <Delay = 0.00>
ST_2 : Operation 35 [1/2] (1.42ns)   --->   "%b_load = load i3 %b_addr" [matrix_mult.cpp:16]   --->   Operation 35 'load' 'b_load' <Predicate = true> <Delay = 1.42> <CoreInst = "RAM">   --->   Core 81 'RAM' <Latency = 1> <II = 1> <Delay = 1.42> <Storage> <Opcode : 'load' 'store'> <Ports = 2> <Width = 40> <Depth = 5> <RAM>
ST_2 : Operation 36 [1/1] (0.00ns)   --->   "%trunc_ln16_1 = trunc i40 %b_load" [matrix_mult.cpp:16]   --->   Operation 36 'trunc' 'trunc_ln16_1' <Predicate = true> <Delay = 0.00>
ST_2 : Operation 37 [1/1] (0.00ns)   --->   "%tmp1 = partselect i8 @_ssdm_op_PartSelect.i8.i40.i32.i32, i40 %a_load, i32 8, i32 15" [matrix_mult.cpp:16]   --->   Operation 37 'partselect' 'tmp1' <Predicate = true> <Delay = 0.00>
ST_2 : Operation 38 [1/1] (0.00ns)   --->   "%tmp_s = partselect i8 @_ssdm_op_PartSelect.i8.i40.i32.i32, i40 %b_load, i32 8, i32 15" [matrix_mult.cpp:16]   --->   Operation 38 'partselect' 'tmp_s' <Predicate = true> <Delay = 0.00>
ST_2 : Operation 39 [1/1] (0.00ns)   --->   "%tmp_1 = partselect i8 @_ssdm_op_PartSelect.i8.i40.i32.i32, i40 %a_load, i32 16, i32 23" [matrix_mult.cpp:16]   --->   Operation 39 'partselect' 'tmp_1' <Predicate = true> <Delay = 0.00>
ST_2 : Operation 40 [1/1] (0.00ns)   --->   "%tmp_2 = partselect i8 @_ssdm_op_PartSelect.i8.i40.i32.i32, i40 %b_load, i32 16, i32 23" [matrix_mult.cpp:16]   --->   Operation 40 'partselect' 'tmp_2' <Predicate = true> <Delay = 0.00>
ST_2 : Operation 41 [1/1] (0.00ns)   --->   "%tmp_3 = partselect i8 @_ssdm_op_PartSelect.i8.i40.i32.i32, i40 %a_load, i32 24, i32 31" [matrix_mult.cpp:16]   --->   Operation 41 'partselect' 'tmp_3' <Predicate = true> <Delay = 0.00>
ST_2 : Operation 42 [1/1] (0.00ns)   --->   "%tmp_4 = partselect i8 @_ssdm_op_PartSelect.i8.i40.i32.i32, i40 %b_load, i32 24, i32 31" [matrix_mult.cpp:16]   --->   Operation 42 'partselect' 'tmp_4' <Predicate = true> <Delay = 0.00>
ST_2 : Operation 43 [1/1] (0.00ns)   --->   "%tmp_5 = partselect i8 @_ssdm_op_PartSelect.i8.i40.i32.i32, i40 %a_load, i32 32, i32 39" [matrix_mult.cpp:16]   --->   Operation 43 'partselect' 'tmp_5' <Predicate = true> <Delay = 0.00>
ST_2 : Operation 44 [1/1] (0.00ns)   --->   "%sext_ln16_8 = sext i8 %tmp_5" [matrix_mult.cpp:16]   --->   Operation 44 'sext' 'sext_ln16_8' <Predicate = true> <Delay = 0.00>
ST_2 : Operation 45 [1/1] (0.00ns)   --->   "%tmp_6 = partselect i8 @_ssdm_op_PartSelect.i8.i40.i32.i32, i40 %b_load, i32 32, i32 39" [matrix_mult.cpp:16]   --->   Operation 45 'partselect' 'tmp_6' <Predicate = true> <Delay = 0.00>
ST_2 : Operation 46 [1/1] (0.00ns)   --->   "%sext_ln16_9 = sext i8 %tmp_6" [matrix_mult.cpp:16]   --->   Operation 46 'sext' 'sext_ln16_9' <Predicate = true> <Delay = 0.00>
ST_2 : Operation 47 [3/3] (1.09ns) (grouped into DSP with root node add_ln16_1)   --->   "%mul_ln16_4 = mul i16 %sext_ln16_9, i16 %sext_ln16_8" [matrix_mult.cpp:16]   --->   Operation 47 'mul' 'mul_ln16_4' <Predicate = true> <Delay = 1.09> <CoreInst = "DSP48">   --->   Core 116 'DSP48' <Latency = 3> <II = 1> <Delay = 1.82> <IPBlock> <Opcode : '' 'add' 'sub' 'mul' 'select'> <InPorts = 0> <OutPorts = 1> <Sync> <CReg>
ST_2 : Operation 48 [1/2] (1.42ns)   --->   "%b_load_1 = load i3 %b_addr_1" [matrix_mult.cpp:16]   --->   Operation 48 'load' 'b_load_1' <Predicate = true> <Delay = 1.42> <CoreInst = "RAM">   --->   Core 81 'RAM' <Latency = 1> <II = 1> <Delay = 1.42> <Storage> <Opcode : 'load' 'store'> <Ports = 2> <Width = 40> <Depth = 5> <RAM>
ST_2 : Operation 49 [1/1] (0.00ns)   --->   "%trunc_ln16_2 = trunc i40 %b_load_1" [matrix_mult.cpp:16]   --->   Operation 49 'trunc' 'trunc_ln16_2' <Predicate = true> <Delay = 0.00>
ST_2 : Operation 50 [1/1] (0.00ns)   --->   "%tmp_7 = partselect i8 @_ssdm_op_PartSelect.i8.i40.i32.i32, i40 %b_load_1, i32 8, i32 15" [matrix_mult.cpp:16]   --->   Operation 50 'partselect' 'tmp_7' <Predicate = true> <Delay = 0.00>
ST_2 : Operation 51 [1/1] (0.00ns)   --->   "%tmp_8 = partselect i8 @_ssdm_op_PartSelect.i8.i40.i32.i32, i40 %b_load_1, i32 16, i32 23" [matrix_mult.cpp:16]   --->   Operation 51 'partselect' 'tmp_8' <Predicate = true> <Delay = 0.00>
ST_2 : Operation 52 [1/1] (0.00ns)   --->   "%tmp_9 = partselect i8 @_ssdm_op_PartSelect.i8.i40.i32.i32, i40 %b_load_1, i32 24, i32 31" [matrix_mult.cpp:16]   --->   Operation 52 'partselect' 'tmp_9' <Predicate = true> <Delay = 0.00>
ST_2 : Operation 53 [1/1] (0.00ns)   --->   "%tmp_10 = partselect i8 @_ssdm_op_PartSelect.i8.i40.i32.i32, i40 %b_load_1, i32 32, i32 39" [matrix_mult.cpp:16]   --->   Operation 53 'partselect' 'tmp_10' <Predicate = true> <Delay = 0.00>
ST_2 : Operation 54 [1/1] (0.00ns)   --->   "%sext_ln16_14 = sext i8 %tmp_10" [matrix_mult.cpp:16]   --->   Operation 54 'sext' 'sext_ln16_14' <Predicate = true> <Delay = 0.00>
ST_2 : Operation 55 [3/3] (1.09ns) (grouped into DSP with root node add_ln16_5)   --->   "%mul_ln16_9 = mul i16 %sext_ln16_14, i16 %sext_ln16_8" [matrix_mult.cpp:16]   --->   Operation 55 'mul' 'mul_ln16_9' <Predicate = true> <Delay = 1.09> <CoreInst = "DSP48">   --->   Core 116 'DSP48' <Latency = 3> <II = 1> <Delay = 1.82> <IPBlock> <Opcode : '' 'add' 'sub' 'mul' 'select'> <InPorts = 0> <OutPorts = 1> <Sync> <CReg>
ST_2 : Operation 56 [1/1] (0.00ns)   --->   "%b_addr_2 = getelementptr i40 %b, i64 0, i64 2" [matrix_mult.cpp:16]   --->   Operation 56 'getelementptr' 'b_addr_2' <Predicate = true> <Delay = 0.00>
ST_2 : Operation 57 [2/2] (1.42ns)   --->   "%b_load_2 = load i3 %b_addr_2" [matrix_mult.cpp:16]   --->   Operation 57 'load' 'b_load_2' <Predicate = true> <Delay = 1.42> <CoreInst = "RAM">   --->   Core 81 'RAM' <Latency = 1> <II = 1> <Delay = 1.42> <Storage> <Opcode : 'load' 'store'> <Ports = 2> <Width = 40> <Depth = 5> <RAM>
ST_2 : Operation 58 [1/1] (0.00ns)   --->   "%b_addr_3 = getelementptr i40 %b, i64 0, i64 3" [matrix_mult.cpp:16]   --->   Operation 58 'getelementptr' 'b_addr_3' <Predicate = true> <Delay = 0.00>
ST_2 : Operation 59 [2/2] (1.42ns)   --->   "%b_load_3 = load i3 %b_addr_3" [matrix_mult.cpp:16]   --->   Operation 59 'load' 'b_load_3' <Predicate = true> <Delay = 1.42> <CoreInst = "RAM">   --->   Core 81 'RAM' <Latency = 1> <II = 1> <Delay = 1.42> <Storage> <Opcode : 'load' 'store'> <Ports = 2> <Width = 40> <Depth = 5> <RAM>
ST_2 : Operation 60 [1/2] (1.42ns)   --->   "%a_load_1 = load i3 %a_addr_1" [matrix_mult.cpp:16]   --->   Operation 60 'load' 'a_load_1' <Predicate = true> <Delay = 1.42> <CoreInst = "RAM">   --->   Core 81 'RAM' <Latency = 1> <II = 1> <Delay = 1.42> <Storage> <Opcode : 'load' 'store'> <Ports = 2> <Width = 40> <Depth = 5> <RAM>
ST_2 : Operation 61 [1/1] (0.00ns)   --->   "%trunc_ln16_6 = trunc i40 %a_load_1" [matrix_mult.cpp:16]   --->   Operation 61 'trunc' 'trunc_ln16_6' <Predicate = true> <Delay = 0.00>
ST_2 : Operation 62 [1/1] (0.00ns)   --->   "%tmp_23 = partselect i8 @_ssdm_op_PartSelect.i8.i40.i32.i32, i40 %a_load_1, i32 8, i32 15" [matrix_mult.cpp:16]   --->   Operation 62 'partselect' 'tmp_23' <Predicate = true> <Delay = 0.00>
ST_2 : Operation 63 [1/1] (0.00ns)   --->   "%tmp_24 = partselect i8 @_ssdm_op_PartSelect.i8.i40.i32.i32, i40 %a_load_1, i32 16, i32 23" [matrix_mult.cpp:16]   --->   Operation 63 'partselect' 'tmp_24' <Predicate = true> <Delay = 0.00>
ST_2 : Operation 64 [1/1] (0.00ns)   --->   "%tmp_25 = partselect i8 @_ssdm_op_PartSelect.i8.i40.i32.i32, i40 %a_load_1, i32 24, i32 31" [matrix_mult.cpp:16]   --->   Operation 64 'partselect' 'tmp_25' <Predicate = true> <Delay = 0.00>
ST_2 : Operation 65 [1/1] (0.00ns)   --->   "%tmp_26 = partselect i8 @_ssdm_op_PartSelect.i8.i40.i32.i32, i40 %a_load_1, i32 32, i32 39" [matrix_mult.cpp:16]   --->   Operation 65 'partselect' 'tmp_26' <Predicate = true> <Delay = 0.00>
ST_2 : Operation 66 [1/1] (0.00ns)   --->   "%sext_ln16_34 = sext i8 %tmp_26" [matrix_mult.cpp:16]   --->   Operation 66 'sext' 'sext_ln16_34' <Predicate = true> <Delay = 0.00>
ST_2 : Operation 67 [3/3] (1.09ns) (grouped into DSP with root node add_ln16_21)   --->   "%mul_ln16_29 = mul i16 %sext_ln16_34, i16 %sext_ln16_9" [matrix_mult.cpp:16]   --->   Operation 67 'mul' 'mul_ln16_29' <Predicate = true> <Delay = 1.09> <CoreInst = "DSP48">   --->   Core 116 'DSP48' <Latency = 3> <II = 1> <Delay = 1.82> <IPBlock> <Opcode : '' 'add' 'sub' 'mul' 'select'> <InPorts = 0> <OutPorts = 1> <Sync> <CReg>
ST_2 : Operation 68 [3/3] (1.09ns) (grouped into DSP with root node add_ln16_25)   --->   "%mul_ln16_34 = mul i16 %sext_ln16_34, i16 %sext_ln16_14" [matrix_mult.cpp:16]   --->   Operation 68 'mul' 'mul_ln16_34' <Predicate = true> <Delay = 1.09> <CoreInst = "DSP48">   --->   Core 116 'DSP48' <Latency = 3> <II = 1> <Delay = 1.82> <IPBlock> <Opcode : '' 'add' 'sub' 'mul' 'select'> <InPorts = 0> <OutPorts = 1> <Sync> <CReg>
ST_2 : Operation 69 [1/1] (0.00ns)   --->   "%a_addr_2 = getelementptr i40 %a, i64 0, i64 2" [matrix_mult.cpp:16]   --->   Operation 69 'getelementptr' 'a_addr_2' <Predicate = true> <Delay = 0.00>
ST_2 : Operation 70 [2/2] (1.42ns)   --->   "%a_load_2 = load i3 %a_addr_2" [matrix_mult.cpp:16]   --->   Operation 70 'load' 'a_load_2' <Predicate = true> <Delay = 1.42> <CoreInst = "RAM">   --->   Core 81 'RAM' <Latency = 1> <II = 1> <Delay = 1.42> <Storage> <Opcode : 'load' 'store'> <Ports = 2> <Width = 40> <Depth = 5> <RAM>
ST_2 : Operation 71 [1/1] (0.00ns)   --->   "%a_addr_3 = getelementptr i40 %a, i64 0, i64 3" [matrix_mult.cpp:16]   --->   Operation 71 'getelementptr' 'a_addr_3' <Predicate = true> <Delay = 0.00>
ST_2 : Operation 72 [2/2] (1.42ns)   --->   "%a_load_3 = load i3 %a_addr_3" [matrix_mult.cpp:16]   --->   Operation 72 'load' 'a_load_3' <Predicate = true> <Delay = 1.42> <CoreInst = "RAM">   --->   Core 81 'RAM' <Latency = 1> <II = 1> <Delay = 1.42> <Storage> <Opcode : 'load' 'store'> <Ports = 2> <Width = 40> <Depth = 5> <RAM>

State 3 <SV = 2> <Delay = 3.29>
ST_3 : Operation 73 [1/1] (0.00ns)   --->   "%sext_ln16_6 = sext i8 %tmp_3" [matrix_mult.cpp:16]   --->   Operation 73 'sext' 'sext_ln16_6' <Predicate = true> <Delay = 0.00>
ST_3 : Operation 74 [1/1] (0.00ns)   --->   "%sext_ln16_7 = sext i8 %tmp_4" [matrix_mult.cpp:16]   --->   Operation 74 'sext' 'sext_ln16_7' <Predicate = true> <Delay = 0.00>
ST_3 : Operation 75 [1/1] (3.29ns)   --->   "%mul_ln16_3 = mul i16 %sext_ln16_7, i16 %sext_ln16_6" [matrix_mult.cpp:16]   --->   Operation 75 'mul' 'mul_ln16_3' <Predicate = true> <Delay = 3.29> <CoreInst = "Multiplier">   --->   Core 3 'Multiplier' <Latency = 0> <II = 1> <Delay = 3.29> <FuncUnit> <Opcode : 'mul'> <InPorts = 2> <OutPorts = 1>
ST_3 : Operation 76 [2/3] (1.09ns) (grouped into DSP with root node add_ln16_1)   --->   "%mul_ln16_4 = mul i16 %sext_ln16_9, i16 %sext_ln16_8" [matrix_mult.cpp:16]   --->   Operation 76 'mul' 'mul_ln16_4' <Predicate = true> <Delay = 1.09> <CoreInst = "DSP48">   --->   Core 116 'DSP48' <Latency = 3> <II = 1> <Delay = 1.82> <IPBlock> <Opcode : '' 'add' 'sub' 'mul' 'select'> <InPorts = 0> <OutPorts = 1> <Sync> <CReg>
ST_3 : Operation 77 [1/1] (0.00ns)   --->   "%sext_ln16_13 = sext i8 %tmp_9" [matrix_mult.cpp:16]   --->   Operation 77 'sext' 'sext_ln16_13' <Predicate = true> <Delay = 0.00>
ST_3 : Operation 78 [1/1] (3.29ns)   --->   "%mul_ln16_8 = mul i16 %sext_ln16_13, i16 %sext_ln16_6" [matrix_mult.cpp:16]   --->   Operation 78 'mul' 'mul_ln16_8' <Predicate = true> <Delay = 3.29> <CoreInst = "Multiplier">   --->   Core 3 'Multiplier' <Latency = 0> <II = 1> <Delay = 3.29> <FuncUnit> <Opcode : 'mul'> <InPorts = 2> <OutPorts = 1>
ST_3 : Operation 79 [2/3] (1.09ns) (grouped into DSP with root node add_ln16_5)   --->   "%mul_ln16_9 = mul i16 %sext_ln16_14, i16 %sext_ln16_8" [matrix_mult.cpp:16]   --->   Operation 79 'mul' 'mul_ln16_9' <Predicate = true> <Delay = 1.09> <CoreInst = "DSP48">   --->   Core 116 'DSP48' <Latency = 3> <II = 1> <Delay = 1.82> <IPBlock> <Opcode : '' 'add' 'sub' 'mul' 'select'> <InPorts = 0> <OutPorts = 1> <Sync> <CReg>
ST_3 : Operation 80 [1/2] (1.42ns)   --->   "%b_load_2 = load i3 %b_addr_2" [matrix_mult.cpp:16]   --->   Operation 80 'load' 'b_load_2' <Predicate = true> <Delay = 1.42> <CoreInst = "RAM">   --->   Core 81 'RAM' <Latency = 1> <II = 1> <Delay = 1.42> <Storage> <Opcode : 'load' 'store'> <Ports = 2> <Width = 40> <Depth = 5> <RAM>
ST_3 : Operation 81 [1/1] (0.00ns)   --->   "%trunc_ln16_3 = trunc i40 %b_load_2" [matrix_mult.cpp:16]   --->   Operation 81 'trunc' 'trunc_ln16_3' <Predicate = true> <Delay = 0.00>
ST_3 : Operation 82 [1/1] (0.00ns)   --->   "%tmp_11 = partselect i8 @_ssdm_op_PartSelect.i8.i40.i32.i32, i40 %b_load_2, i32 8, i32 15" [matrix_mult.cpp:16]   --->   Operation 82 'partselect' 'tmp_11' <Predicate = true> <Delay = 0.00>
ST_3 : Operation 83 [1/1] (0.00ns)   --->   "%tmp_12 = partselect i8 @_ssdm_op_PartSelect.i8.i40.i32.i32, i40 %b_load_2, i32 16, i32 23" [matrix_mult.cpp:16]   --->   Operation 83 'partselect' 'tmp_12' <Predicate = true> <Delay = 0.00>
ST_3 : Operation 84 [1/1] (0.00ns)   --->   "%tmp_13 = partselect i8 @_ssdm_op_PartSelect.i8.i40.i32.i32, i40 %b_load_2, i32 24, i32 31" [matrix_mult.cpp:16]   --->   Operation 84 'partselect' 'tmp_13' <Predicate = true> <Delay = 0.00>
ST_3 : Operation 85 [1/1] (0.00ns)   --->   "%tmp_14 = partselect i8 @_ssdm_op_PartSelect.i8.i40.i32.i32, i40 %b_load_2, i32 32, i32 39" [matrix_mult.cpp:16]   --->   Operation 85 'partselect' 'tmp_14' <Predicate = true> <Delay = 0.00>
ST_3 : Operation 86 [1/1] (0.00ns)   --->   "%sext_ln16_19 = sext i8 %tmp_14" [matrix_mult.cpp:16]   --->   Operation 86 'sext' 'sext_ln16_19' <Predicate = true> <Delay = 0.00>
ST_3 : Operation 87 [3/3] (1.09ns) (grouped into DSP with root node add_ln16_9)   --->   "%mul_ln16_14 = mul i16 %sext_ln16_19, i16 %sext_ln16_8" [matrix_mult.cpp:16]   --->   Operation 87 'mul' 'mul_ln16_14' <Predicate = true> <Delay = 1.09> <CoreInst = "DSP48">   --->   Core 116 'DSP48' <Latency = 3> <II = 1> <Delay = 1.82> <IPBlock> <Opcode : '' 'add' 'sub' 'mul' 'select'> <InPorts = 0> <OutPorts = 1> <Sync> <CReg>
ST_3 : Operation 88 [1/2] (1.42ns)   --->   "%b_load_3 = load i3 %b_addr_3" [matrix_mult.cpp:16]   --->   Operation 88 'load' 'b_load_3' <Predicate = true> <Delay = 1.42> <CoreInst = "RAM">   --->   Core 81 'RAM' <Latency = 1> <II = 1> <Delay = 1.42> <Storage> <Opcode : 'load' 'store'> <Ports = 2> <Width = 40> <Depth = 5> <RAM>
ST_3 : Operation 89 [1/1] (0.00ns)   --->   "%trunc_ln16_4 = trunc i40 %b_load_3" [matrix_mult.cpp:16]   --->   Operation 89 'trunc' 'trunc_ln16_4' <Predicate = true> <Delay = 0.00>
ST_3 : Operation 90 [1/1] (0.00ns)   --->   "%tmp_15 = partselect i8 @_ssdm_op_PartSelect.i8.i40.i32.i32, i40 %b_load_3, i32 8, i32 15" [matrix_mult.cpp:16]   --->   Operation 90 'partselect' 'tmp_15' <Predicate = true> <Delay = 0.00>
ST_3 : Operation 91 [1/1] (0.00ns)   --->   "%tmp_16 = partselect i8 @_ssdm_op_PartSelect.i8.i40.i32.i32, i40 %b_load_3, i32 16, i32 23" [matrix_mult.cpp:16]   --->   Operation 91 'partselect' 'tmp_16' <Predicate = true> <Delay = 0.00>
ST_3 : Operation 92 [1/1] (0.00ns)   --->   "%tmp_17 = partselect i8 @_ssdm_op_PartSelect.i8.i40.i32.i32, i40 %b_load_3, i32 24, i32 31" [matrix_mult.cpp:16]   --->   Operation 92 'partselect' 'tmp_17' <Predicate = true> <Delay = 0.00>
ST_3 : Operation 93 [1/1] (0.00ns)   --->   "%tmp_18 = partselect i8 @_ssdm_op_PartSelect.i8.i40.i32.i32, i40 %b_load_3, i32 32, i32 39" [matrix_mult.cpp:16]   --->   Operation 93 'partselect' 'tmp_18' <Predicate = true> <Delay = 0.00>
ST_3 : Operation 94 [1/1] (0.00ns)   --->   "%sext_ln16_24 = sext i8 %tmp_18" [matrix_mult.cpp:16]   --->   Operation 94 'sext' 'sext_ln16_24' <Predicate = true> <Delay = 0.00>
ST_3 : Operation 95 [3/3] (1.09ns) (grouped into DSP with root node add_ln16_13)   --->   "%mul_ln16_19 = mul i16 %sext_ln16_24, i16 %sext_ln16_8" [matrix_mult.cpp:16]   --->   Operation 95 'mul' 'mul_ln16_19' <Predicate = true> <Delay = 1.09> <CoreInst = "DSP48">   --->   Core 116 'DSP48' <Latency = 3> <II = 1> <Delay = 1.82> <IPBlock> <Opcode : '' 'add' 'sub' 'mul' 'select'> <InPorts = 0> <OutPorts = 1> <Sync> <CReg>
ST_3 : Operation 96 [1/1] (0.00ns)   --->   "%b_addr_4 = getelementptr i40 %b, i64 0, i64 4" [matrix_mult.cpp:16]   --->   Operation 96 'getelementptr' 'b_addr_4' <Predicate = true> <Delay = 0.00>
ST_3 : Operation 97 [2/2] (1.42ns)   --->   "%b_load_4 = load i3 %b_addr_4" [matrix_mult.cpp:16]   --->   Operation 97 'load' 'b_load_4' <Predicate = true> <Delay = 1.42> <CoreInst = "RAM">   --->   Core 81 'RAM' <Latency = 1> <II = 1> <Delay = 1.42> <Storage> <Opcode : 'load' 'store'> <Ports = 2> <Width = 40> <Depth = 5> <RAM>
ST_3 : Operation 98 [1/1] (0.00ns)   --->   "%sext_ln16_33 = sext i8 %tmp_25" [matrix_mult.cpp:16]   --->   Operation 98 'sext' 'sext_ln16_33' <Predicate = true> <Delay = 0.00>
ST_3 : Operation 99 [1/1] (3.29ns)   --->   "%mul_ln16_28 = mul i16 %sext_ln16_33, i16 %sext_ln16_7" [matrix_mult.cpp:16]   --->   Operation 99 'mul' 'mul_ln16_28' <Predicate = true> <Delay = 3.29> <CoreInst = "Multiplier">   --->   Core 3 'Multiplier' <Latency = 0> <II = 1> <Delay = 3.29> <FuncUnit> <Opcode : 'mul'> <InPorts = 2> <OutPorts = 1>
ST_3 : Operation 100 [2/3] (1.09ns) (grouped into DSP with root node add_ln16_21)   --->   "%mul_ln16_29 = mul i16 %sext_ln16_34, i16 %sext_ln16_9" [matrix_mult.cpp:16]   --->   Operation 100 'mul' 'mul_ln16_29' <Predicate = true> <Delay = 1.09> <CoreInst = "DSP48">   --->   Core 116 'DSP48' <Latency = 3> <II = 1> <Delay = 1.82> <IPBlock> <Opcode : '' 'add' 'sub' 'mul' 'select'> <InPorts = 0> <OutPorts = 1> <Sync> <CReg>
ST_3 : Operation 101 [1/1] (3.29ns)   --->   "%mul_ln16_33 = mul i16 %sext_ln16_33, i16 %sext_ln16_13" [matrix_mult.cpp:16]   --->   Operation 101 'mul' 'mul_ln16_33' <Predicate = true> <Delay = 3.29> <CoreInst = "Multiplier">   --->   Core 3 'Multiplier' <Latency = 0> <II = 1> <Delay = 3.29> <FuncUnit> <Opcode : 'mul'> <InPorts = 2> <OutPorts = 1>
ST_3 : Operation 102 [2/3] (1.09ns) (grouped into DSP with root node add_ln16_25)   --->   "%mul_ln16_34 = mul i16 %sext_ln16_34, i16 %sext_ln16_14" [matrix_mult.cpp:16]   --->   Operation 102 'mul' 'mul_ln16_34' <Predicate = true> <Delay = 1.09> <CoreInst = "DSP48">   --->   Core 116 'DSP48' <Latency = 3> <II = 1> <Delay = 1.82> <IPBlock> <Opcode : '' 'add' 'sub' 'mul' 'select'> <InPorts = 0> <OutPorts = 1> <Sync> <CReg>
ST_3 : Operation 103 [3/3] (1.09ns) (grouped into DSP with root node add_ln16_29)   --->   "%mul_ln16_39 = mul i16 %sext_ln16_34, i16 %sext_ln16_19" [matrix_mult.cpp:16]   --->   Operation 103 'mul' 'mul_ln16_39' <Predicate = true> <Delay = 1.09> <CoreInst = "DSP48">   --->   Core 116 'DSP48' <Latency = 3> <II = 1> <Delay = 1.82> <IPBlock> <Opcode : '' 'add' 'sub' 'mul' 'select'> <InPorts = 0> <OutPorts = 1> <Sync> <CReg>
ST_3 : Operation 104 [3/3] (1.09ns) (grouped into DSP with root node add_ln16_33)   --->   "%mul_ln16_44 = mul i16 %sext_ln16_34, i16 %sext_ln16_24" [matrix_mult.cpp:16]   --->   Operation 104 'mul' 'mul_ln16_44' <Predicate = true> <Delay = 1.09> <CoreInst = "DSP48">   --->   Core 116 'DSP48' <Latency = 3> <II = 1> <Delay = 1.82> <IPBlock> <Opcode : '' 'add' 'sub' 'mul' 'select'> <InPorts = 0> <OutPorts = 1> <Sync> <CReg>
ST_3 : Operation 105 [1/2] (1.42ns)   --->   "%a_load_2 = load i3 %a_addr_2" [matrix_mult.cpp:16]   --->   Operation 105 'load' 'a_load_2' <Predicate = true> <Delay = 1.42> <CoreInst = "RAM">   --->   Core 81 'RAM' <Latency = 1> <II = 1> <Delay = 1.42> <Storage> <Opcode : 'load' 'store'> <Ports = 2> <Width = 40> <Depth = 5> <RAM>
ST_3 : Operation 106 [1/1] (0.00ns)   --->   "%trunc_ln16_7 = trunc i40 %a_load_2" [matrix_mult.cpp:16]   --->   Operation 106 'trunc' 'trunc_ln16_7' <Predicate = true> <Delay = 0.00>
ST_3 : Operation 107 [1/1] (0.00ns)   --->   "%tmp_27 = partselect i8 @_ssdm_op_PartSelect.i8.i40.i32.i32, i40 %a_load_2, i32 8, i32 15" [matrix_mult.cpp:16]   --->   Operation 107 'partselect' 'tmp_27' <Predicate = true> <Delay = 0.00>
ST_3 : Operation 108 [1/1] (0.00ns)   --->   "%tmp_28 = partselect i8 @_ssdm_op_PartSelect.i8.i40.i32.i32, i40 %a_load_2, i32 16, i32 23" [matrix_mult.cpp:16]   --->   Operation 108 'partselect' 'tmp_28' <Predicate = true> <Delay = 0.00>
ST_3 : Operation 109 [1/1] (0.00ns)   --->   "%tmp_29 = partselect i8 @_ssdm_op_PartSelect.i8.i40.i32.i32, i40 %a_load_2, i32 24, i32 31" [matrix_mult.cpp:16]   --->   Operation 109 'partselect' 'tmp_29' <Predicate = true> <Delay = 0.00>
ST_3 : Operation 110 [1/1] (0.00ns)   --->   "%tmp_30 = partselect i8 @_ssdm_op_PartSelect.i8.i40.i32.i32, i40 %a_load_2, i32 32, i32 39" [matrix_mult.cpp:16]   --->   Operation 110 'partselect' 'tmp_30' <Predicate = true> <Delay = 0.00>
ST_3 : Operation 111 [1/2] (1.42ns)   --->   "%a_load_3 = load i3 %a_addr_3" [matrix_mult.cpp:16]   --->   Operation 111 'load' 'a_load_3' <Predicate = true> <Delay = 1.42> <CoreInst = "RAM">   --->   Core 81 'RAM' <Latency = 1> <II = 1> <Delay = 1.42> <Storage> <Opcode : 'load' 'store'> <Ports = 2> <Width = 40> <Depth = 5> <RAM>
ST_3 : Operation 112 [1/1] (0.00ns)   --->   "%trunc_ln16_8 = trunc i40 %a_load_3" [matrix_mult.cpp:16]   --->   Operation 112 'trunc' 'trunc_ln16_8' <Predicate = true> <Delay = 0.00>
ST_3 : Operation 113 [1/1] (0.00ns)   --->   "%tmp_31 = partselect i8 @_ssdm_op_PartSelect.i8.i40.i32.i32, i40 %a_load_3, i32 8, i32 15" [matrix_mult.cpp:16]   --->   Operation 113 'partselect' 'tmp_31' <Predicate = true> <Delay = 0.00>
ST_3 : Operation 114 [1/1] (0.00ns)   --->   "%tmp_32 = partselect i8 @_ssdm_op_PartSelect.i8.i40.i32.i32, i40 %a_load_3, i32 16, i32 23" [matrix_mult.cpp:16]   --->   Operation 114 'partselect' 'tmp_32' <Predicate = true> <Delay = 0.00>
ST_3 : Operation 115 [1/1] (0.00ns)   --->   "%tmp_33 = partselect i8 @_ssdm_op_PartSelect.i8.i40.i32.i32, i40 %a_load_3, i32 24, i32 31" [matrix_mult.cpp:16]   --->   Operation 115 'partselect' 'tmp_33' <Predicate = true> <Delay = 0.00>
ST_3 : Operation 116 [1/1] (0.00ns)   --->   "%tmp_34 = partselect i8 @_ssdm_op_PartSelect.i8.i40.i32.i32, i40 %a_load_3, i32 32, i32 39" [matrix_mult.cpp:16]   --->   Operation 116 'partselect' 'tmp_34' <Predicate = true> <Delay = 0.00>
ST_3 : Operation 117 [1/1] (0.00ns)   --->   "%a_addr_4 = getelementptr i40 %a, i64 0, i64 4" [matrix_mult.cpp:16]   --->   Operation 117 'getelementptr' 'a_addr_4' <Predicate = true> <Delay = 0.00>
ST_3 : Operation 118 [2/2] (1.42ns)   --->   "%a_load_4 = load i3 %a_addr_4" [matrix_mult.cpp:16]   --->   Operation 118 'load' 'a_load_4' <Predicate = true> <Delay = 1.42> <CoreInst = "RAM">   --->   Core 81 'RAM' <Latency = 1> <II = 1> <Delay = 1.42> <Storage> <Opcode : 'load' 'store'> <Ports = 2> <Width = 40> <Depth = 5> <RAM>

State 4 <SV = 3> <Delay = 3.29>
ST_4 : Operation 119 [1/1] (0.00ns)   --->   "%sext_ln16_4 = sext i8 %tmp_1" [matrix_mult.cpp:16]   --->   Operation 119 'sext' 'sext_ln16_4' <Predicate = true> <Delay = 0.00>
ST_4 : Operation 120 [1/1] (0.00ns)   --->   "%sext_ln16_5 = sext i8 %tmp_2" [matrix_mult.cpp:16]   --->   Operation 120 'sext' 'sext_ln16_5' <Predicate = true> <Delay = 0.00>
ST_4 : Operation 121 [3/3] (1.09ns) (grouped into DSP with root node add_ln16_2)   --->   "%mul_ln16_2 = mul i16 %sext_ln16_5, i16 %sext_ln16_4" [matrix_mult.cpp:16]   --->   Operation 121 'mul' 'mul_ln16_2' <Predicate = true> <Delay = 1.09> <CoreInst = "DSP48">   --->   Core 116 'DSP48' <Latency = 3> <II = 1> <Delay = 1.82> <IPBlock> <Opcode : '' 'add' 'sub' 'mul' 'select'> <InPorts = 0> <OutPorts = 1> <Sync> <CReg>
ST_4 : Operation 122 [1/3] (0.00ns) (grouped into DSP with root node add_ln16_1)   --->   "%mul_ln16_4 = mul i16 %sext_ln16_9, i16 %sext_ln16_8" [matrix_mult.cpp:16]   --->   Operation 122 'mul' 'mul_ln16_4' <Predicate = true> <Delay = 0.00> <CoreInst = "DSP48">   --->   Core 116 'DSP48' <Latency = 3> <II = 1> <Delay = 1.82> <IPBlock> <Opcode : '' 'add' 'sub' 'mul' 'select'> <InPorts = 0> <OutPorts = 1> <Sync> <CReg>
ST_4 : Operation 123 [2/2] (1.78ns) (root node of the DSP)   --->   "%add_ln16_1 = add i16 %mul_ln16_3, i16 %mul_ln16_4" [matrix_mult.cpp:16]   --->   Operation 123 'add' 'add_ln16_1' <Predicate = true> <Delay = 1.78> <CoreInst = "DSP48">   --->   Core 116 'DSP48' <Latency = 3> <II = 1> <Delay = 1.82> <IPBlock> <Opcode : '' 'add' 'sub' 'mul' 'select'> <InPorts = 0> <OutPorts = 1> <Sync> <CReg>
ST_4 : Operation 124 [1/1] (0.00ns)   --->   "%sext_ln16_12 = sext i8 %tmp_8" [matrix_mult.cpp:16]   --->   Operation 124 'sext' 'sext_ln16_12' <Predicate = true> <Delay = 0.00>
ST_4 : Operation 125 [3/3] (1.09ns) (grouped into DSP with root node add_ln16_6)   --->   "%mul_ln16_7 = mul i16 %sext_ln16_12, i16 %sext_ln16_4" [matrix_mult.cpp:16]   --->   Operation 125 'mul' 'mul_ln16_7' <Predicate = true> <Delay = 1.09> <CoreInst = "DSP48">   --->   Core 116 'DSP48' <Latency = 3> <II = 1> <Delay = 1.82> <IPBlock> <Opcode : '' 'add' 'sub' 'mul' 'select'> <InPorts = 0> <OutPorts = 1> <Sync> <CReg>
ST_4 : Operation 126 [1/3] (0.00ns) (grouped into DSP with root node add_ln16_5)   --->   "%mul_ln16_9 = mul i16 %sext_ln16_14, i16 %sext_ln16_8" [matrix_mult.cpp:16]   --->   Operation 126 'mul' 'mul_ln16_9' <Predicate = true> <Delay = 0.00> <CoreInst = "DSP48">   --->   Core 116 'DSP48' <Latency = 3> <II = 1> <Delay = 1.82> <IPBlock> <Opcode : '' 'add' 'sub' 'mul' 'select'> <InPorts = 0> <OutPorts = 1> <Sync> <CReg>
ST_4 : Operation 127 [2/2] (1.78ns) (root node of the DSP)   --->   "%add_ln16_5 = add i16 %mul_ln16_8, i16 %mul_ln16_9" [matrix_mult.cpp:16]   --->   Operation 127 'add' 'add_ln16_5' <Predicate = true> <Delay = 1.78> <CoreInst = "DSP48">   --->   Core 116 'DSP48' <Latency = 3> <II = 1> <Delay = 1.82> <IPBlock> <Opcode : '' 'add' 'sub' 'mul' 'select'> <InPorts = 0> <OutPorts = 1> <Sync> <CReg>
ST_4 : Operation 128 [1/1] (0.00ns)   --->   "%sext_ln16_18 = sext i8 %tmp_13" [matrix_mult.cpp:16]   --->   Operation 128 'sext' 'sext_ln16_18' <Predicate = true> <Delay = 0.00>
ST_4 : Operation 129 [1/1] (3.29ns)   --->   "%mul_ln16_13 = mul i16 %sext_ln16_18, i16 %sext_ln16_6" [matrix_mult.cpp:16]   --->   Operation 129 'mul' 'mul_ln16_13' <Predicate = true> <Delay = 3.29> <CoreInst = "Multiplier">   --->   Core 3 'Multiplier' <Latency = 0> <II = 1> <Delay = 3.29> <FuncUnit> <Opcode : 'mul'> <InPorts = 2> <OutPorts = 1>
ST_4 : Operation 130 [2/3] (1.09ns) (grouped into DSP with root node add_ln16_9)   --->   "%mul_ln16_14 = mul i16 %sext_ln16_19, i16 %sext_ln16_8" [matrix_mult.cpp:16]   --->   Operation 130 'mul' 'mul_ln16_14' <Predicate = true> <Delay = 1.09> <CoreInst = "DSP48">   --->   Core 116 'DSP48' <Latency = 3> <II = 1> <Delay = 1.82> <IPBlock> <Opcode : '' 'add' 'sub' 'mul' 'select'> <InPorts = 0> <OutPorts = 1> <Sync> <CReg>
ST_4 : Operation 131 [1/1] (0.00ns)   --->   "%sext_ln16_23 = sext i8 %tmp_17" [matrix_mult.cpp:16]   --->   Operation 131 'sext' 'sext_ln16_23' <Predicate = true> <Delay = 0.00>
ST_4 : Operation 132 [1/1] (3.29ns)   --->   "%mul_ln16_18 = mul i16 %sext_ln16_23, i16 %sext_ln16_6" [matrix_mult.cpp:16]   --->   Operation 132 'mul' 'mul_ln16_18' <Predicate = true> <Delay = 3.29> <CoreInst = "Multiplier">   --->   Core 3 'Multiplier' <Latency = 0> <II = 1> <Delay = 3.29> <FuncUnit> <Opcode : 'mul'> <InPorts = 2> <OutPorts = 1>
ST_4 : Operation 133 [2/3] (1.09ns) (grouped into DSP with root node add_ln16_13)   --->   "%mul_ln16_19 = mul i16 %sext_ln16_24, i16 %sext_ln16_8" [matrix_mult.cpp:16]   --->   Operation 133 'mul' 'mul_ln16_19' <Predicate = true> <Delay = 1.09> <CoreInst = "DSP48">   --->   Core 116 'DSP48' <Latency = 3> <II = 1> <Delay = 1.82> <IPBlock> <Opcode : '' 'add' 'sub' 'mul' 'select'> <InPorts = 0> <OutPorts = 1> <Sync> <CReg>
ST_4 : Operation 134 [1/2] (1.42ns)   --->   "%b_load_4 = load i3 %b_addr_4" [matrix_mult.cpp:16]   --->   Operation 134 'load' 'b_load_4' <Predicate = true> <Delay = 1.42> <CoreInst = "RAM">   --->   Core 81 'RAM' <Latency = 1> <II = 1> <Delay = 1.42> <Storage> <Opcode : 'load' 'store'> <Ports = 2> <Width = 40> <Depth = 5> <RAM>
ST_4 : Operation 135 [1/1] (0.00ns)   --->   "%trunc_ln16_5 = trunc i40 %b_load_4" [matrix_mult.cpp:16]   --->   Operation 135 'trunc' 'trunc_ln16_5' <Predicate = true> <Delay = 0.00>
ST_4 : Operation 136 [1/1] (0.00ns)   --->   "%tmp_19 = partselect i8 @_ssdm_op_PartSelect.i8.i40.i32.i32, i40 %b_load_4, i32 8, i32 15" [matrix_mult.cpp:16]   --->   Operation 136 'partselect' 'tmp_19' <Predicate = true> <Delay = 0.00>
ST_4 : Operation 137 [1/1] (0.00ns)   --->   "%tmp_20 = partselect i8 @_ssdm_op_PartSelect.i8.i40.i32.i32, i40 %b_load_4, i32 16, i32 23" [matrix_mult.cpp:16]   --->   Operation 137 'partselect' 'tmp_20' <Predicate = true> <Delay = 0.00>
ST_4 : Operation 138 [1/1] (0.00ns)   --->   "%tmp_21 = partselect i8 @_ssdm_op_PartSelect.i8.i40.i32.i32, i40 %b_load_4, i32 24, i32 31" [matrix_mult.cpp:16]   --->   Operation 138 'partselect' 'tmp_21' <Predicate = true> <Delay = 0.00>
ST_4 : Operation 139 [1/1] (0.00ns)   --->   "%tmp_22 = partselect i8 @_ssdm_op_PartSelect.i8.i40.i32.i32, i40 %b_load_4, i32 32, i32 39" [matrix_mult.cpp:16]   --->   Operation 139 'partselect' 'tmp_22' <Predicate = true> <Delay = 0.00>
ST_4 : Operation 140 [1/1] (0.00ns)   --->   "%sext_ln16_29 = sext i8 %tmp_22" [matrix_mult.cpp:16]   --->   Operation 140 'sext' 'sext_ln16_29' <Predicate = true> <Delay = 0.00>
ST_4 : Operation 141 [3/3] (1.09ns) (grouped into DSP with root node add_ln16_17)   --->   "%mul_ln16_24 = mul i16 %sext_ln16_29, i16 %sext_ln16_8" [matrix_mult.cpp:16]   --->   Operation 141 'mul' 'mul_ln16_24' <Predicate = true> <Delay = 1.09> <CoreInst = "DSP48">   --->   Core 116 'DSP48' <Latency = 3> <II = 1> <Delay = 1.82> <IPBlock> <Opcode : '' 'add' 'sub' 'mul' 'select'> <InPorts = 0> <OutPorts = 1> <Sync> <CReg>
ST_4 : Operation 142 [1/3] (0.00ns) (grouped into DSP with root node add_ln16_21)   --->   "%mul_ln16_29 = mul i16 %sext_ln16_34, i16 %sext_ln16_9" [matrix_mult.cpp:16]   --->   Operation 142 'mul' 'mul_ln16_29' <Predicate = true> <Delay = 0.00> <CoreInst = "DSP48">   --->   Core 116 'DSP48' <Latency = 3> <II = 1> <Delay = 1.82> <IPBlock> <Opcode : '' 'add' 'sub' 'mul' 'select'> <InPorts = 0> <OutPorts = 1> <Sync> <CReg>
ST_4 : Operation 143 [2/2] (1.78ns) (root node of the DSP)   --->   "%add_ln16_21 = add i16 %mul_ln16_28, i16 %mul_ln16_29" [matrix_mult.cpp:16]   --->   Operation 143 'add' 'add_ln16_21' <Predicate = true> <Delay = 1.78> <CoreInst = "DSP48">   --->   Core 116 'DSP48' <Latency = 3> <II = 1> <Delay = 1.82> <IPBlock> <Opcode : '' 'add' 'sub' 'mul' 'select'> <InPorts = 0> <OutPorts = 1> <Sync> <CReg>
ST_4 : Operation 144 [1/3] (0.00ns) (grouped into DSP with root node add_ln16_25)   --->   "%mul_ln16_34 = mul i16 %sext_ln16_34, i16 %sext_ln16_14" [matrix_mult.cpp:16]   --->   Operation 144 'mul' 'mul_ln16_34' <Predicate = true> <Delay = 0.00> <CoreInst = "DSP48">   --->   Core 116 'DSP48' <Latency = 3> <II = 1> <Delay = 1.82> <IPBlock> <Opcode : '' 'add' 'sub' 'mul' 'select'> <InPorts = 0> <OutPorts = 1> <Sync> <CReg>
ST_4 : Operation 145 [2/2] (1.78ns) (root node of the DSP)   --->   "%add_ln16_25 = add i16 %mul_ln16_33, i16 %mul_ln16_34" [matrix_mult.cpp:16]   --->   Operation 145 'add' 'add_ln16_25' <Predicate = true> <Delay = 1.78> <CoreInst = "DSP48">   --->   Core 116 'DSP48' <Latency = 3> <II = 1> <Delay = 1.82> <IPBlock> <Opcode : '' 'add' 'sub' 'mul' 'select'> <InPorts = 0> <OutPorts = 1> <Sync> <CReg>
ST_4 : Operation 146 [1/1] (3.29ns)   --->   "%mul_ln16_38 = mul i16 %sext_ln16_33, i16 %sext_ln16_18" [matrix_mult.cpp:16]   --->   Operation 146 'mul' 'mul_ln16_38' <Predicate = true> <Delay = 3.29> <CoreInst = "Multiplier">   --->   Core 3 'Multiplier' <Latency = 0> <II = 1> <Delay = 3.29> <FuncUnit> <Opcode : 'mul'> <InPorts = 2> <OutPorts = 1>
ST_4 : Operation 147 [2/3] (1.09ns) (grouped into DSP with root node add_ln16_29)   --->   "%mul_ln16_39 = mul i16 %sext_ln16_34, i16 %sext_ln16_19" [matrix_mult.cpp:16]   --->   Operation 147 'mul' 'mul_ln16_39' <Predicate = true> <Delay = 1.09> <CoreInst = "DSP48">   --->   Core 116 'DSP48' <Latency = 3> <II = 1> <Delay = 1.82> <IPBlock> <Opcode : '' 'add' 'sub' 'mul' 'select'> <InPorts = 0> <OutPorts = 1> <Sync> <CReg>
ST_4 : Operation 148 [1/1] (3.29ns)   --->   "%mul_ln16_43 = mul i16 %sext_ln16_33, i16 %sext_ln16_23" [matrix_mult.cpp:16]   --->   Operation 148 'mul' 'mul_ln16_43' <Predicate = true> <Delay = 3.29> <CoreInst = "Multiplier">   --->   Core 3 'Multiplier' <Latency = 0> <II = 1> <Delay = 3.29> <FuncUnit> <Opcode : 'mul'> <InPorts = 2> <OutPorts = 1>
ST_4 : Operation 149 [2/3] (1.09ns) (grouped into DSP with root node add_ln16_33)   --->   "%mul_ln16_44 = mul i16 %sext_ln16_34, i16 %sext_ln16_24" [matrix_mult.cpp:16]   --->   Operation 149 'mul' 'mul_ln16_44' <Predicate = true> <Delay = 1.09> <CoreInst = "DSP48">   --->   Core 116 'DSP48' <Latency = 3> <II = 1> <Delay = 1.82> <IPBlock> <Opcode : '' 'add' 'sub' 'mul' 'select'> <InPorts = 0> <OutPorts = 1> <Sync> <CReg>
ST_4 : Operation 150 [3/3] (1.09ns) (grouped into DSP with root node add_ln16_37)   --->   "%mul_ln16_49 = mul i16 %sext_ln16_34, i16 %sext_ln16_29" [matrix_mult.cpp:16]   --->   Operation 150 'mul' 'mul_ln16_49' <Predicate = true> <Delay = 1.09> <CoreInst = "DSP48">   --->   Core 116 'DSP48' <Latency = 3> <II = 1> <Delay = 1.82> <IPBlock> <Opcode : '' 'add' 'sub' 'mul' 'select'> <InPorts = 0> <OutPorts = 1> <Sync> <CReg>
ST_4 : Operation 151 [1/1] (0.00ns)   --->   "%sext_ln16_39 = sext i8 %tmp_30" [matrix_mult.cpp:16]   --->   Operation 151 'sext' 'sext_ln16_39' <Predicate = true> <Delay = 0.00>
ST_4 : Operation 152 [3/3] (1.09ns) (grouped into DSP with root node add_ln16_41)   --->   "%mul_ln16_54 = mul i16 %sext_ln16_39, i16 %sext_ln16_9" [matrix_mult.cpp:16]   --->   Operation 152 'mul' 'mul_ln16_54' <Predicate = true> <Delay = 1.09> <CoreInst = "DSP48">   --->   Core 116 'DSP48' <Latency = 3> <II = 1> <Delay = 1.82> <IPBlock> <Opcode : '' 'add' 'sub' 'mul' 'select'> <InPorts = 0> <OutPorts = 1> <Sync> <CReg>
ST_4 : Operation 153 [3/3] (1.09ns) (grouped into DSP with root node add_ln16_45)   --->   "%mul_ln16_59 = mul i16 %sext_ln16_39, i16 %sext_ln16_14" [matrix_mult.cpp:16]   --->   Operation 153 'mul' 'mul_ln16_59' <Predicate = true> <Delay = 1.09> <CoreInst = "DSP48">   --->   Core 116 'DSP48' <Latency = 3> <II = 1> <Delay = 1.82> <IPBlock> <Opcode : '' 'add' 'sub' 'mul' 'select'> <InPorts = 0> <OutPorts = 1> <Sync> <CReg>
ST_4 : Operation 154 [1/2] (1.42ns)   --->   "%a_load_4 = load i3 %a_addr_4" [matrix_mult.cpp:16]   --->   Operation 154 'load' 'a_load_4' <Predicate = true> <Delay = 1.42> <CoreInst = "RAM">   --->   Core 81 'RAM' <Latency = 1> <II = 1> <Delay = 1.42> <Storage> <Opcode : 'load' 'store'> <Ports = 2> <Width = 40> <Depth = 5> <RAM>
ST_4 : Operation 155 [1/1] (0.00ns)   --->   "%trunc_ln16_9 = trunc i40 %a_load_4" [matrix_mult.cpp:16]   --->   Operation 155 'trunc' 'trunc_ln16_9' <Predicate = true> <Delay = 0.00>
ST_4 : Operation 156 [1/1] (0.00ns)   --->   "%tmp_35 = partselect i8 @_ssdm_op_PartSelect.i8.i40.i32.i32, i40 %a_load_4, i32 8, i32 15" [matrix_mult.cpp:16]   --->   Operation 156 'partselect' 'tmp_35' <Predicate = true> <Delay = 0.00>
ST_4 : Operation 157 [1/1] (0.00ns)   --->   "%tmp_36 = partselect i8 @_ssdm_op_PartSelect.i8.i40.i32.i32, i40 %a_load_4, i32 16, i32 23" [matrix_mult.cpp:16]   --->   Operation 157 'partselect' 'tmp_36' <Predicate = true> <Delay = 0.00>
ST_4 : Operation 158 [1/1] (0.00ns)   --->   "%tmp_37 = partselect i8 @_ssdm_op_PartSelect.i8.i40.i32.i32, i40 %a_load_4, i32 24, i32 31" [matrix_mult.cpp:16]   --->   Operation 158 'partselect' 'tmp_37' <Predicate = true> <Delay = 0.00>
ST_4 : Operation 159 [1/1] (0.00ns)   --->   "%tmp_38 = partselect i8 @_ssdm_op_PartSelect.i8.i40.i32.i32, i40 %a_load_4, i32 32, i32 39" [matrix_mult.cpp:16]   --->   Operation 159 'partselect' 'tmp_38' <Predicate = true> <Delay = 0.00>

State 5 <SV = 4> <Delay = 3.29>
ST_5 : Operation 160 [2/3] (1.09ns) (grouped into DSP with root node add_ln16_2)   --->   "%mul_ln16_2 = mul i16 %sext_ln16_5, i16 %sext_ln16_4" [matrix_mult.cpp:16]   --->   Operation 160 'mul' 'mul_ln16_2' <Predicate = true> <Delay = 1.09> <CoreInst = "DSP48">   --->   Core 116 'DSP48' <Latency = 3> <II = 1> <Delay = 1.82> <IPBlock> <Opcode : '' 'add' 'sub' 'mul' 'select'> <InPorts = 0> <OutPorts = 1> <Sync> <CReg>
ST_5 : Operation 161 [1/2] (1.78ns) (root node of the DSP)   --->   "%add_ln16_1 = add i16 %mul_ln16_3, i16 %mul_ln16_4" [matrix_mult.cpp:16]   --->   Operation 161 'add' 'add_ln16_1' <Predicate = true> <Delay = 1.78> <CoreInst = "DSP48">   --->   Core 116 'DSP48' <Latency = 3> <II = 1> <Delay = 1.82> <IPBlock> <Opcode : '' 'add' 'sub' 'mul' 'select'> <InPorts = 0> <OutPorts = 1> <Sync> <CReg>
ST_5 : Operation 162 [2/3] (1.09ns) (grouped into DSP with root node add_ln16_6)   --->   "%mul_ln16_7 = mul i16 %sext_ln16_12, i16 %sext_ln16_4" [matrix_mult.cpp:16]   --->   Operation 162 'mul' 'mul_ln16_7' <Predicate = true> <Delay = 1.09> <CoreInst = "DSP48">   --->   Core 116 'DSP48' <Latency = 3> <II = 1> <Delay = 1.82> <IPBlock> <Opcode : '' 'add' 'sub' 'mul' 'select'> <InPorts = 0> <OutPorts = 1> <Sync> <CReg>
ST_5 : Operation 163 [1/2] (1.78ns) (root node of the DSP)   --->   "%add_ln16_5 = add i16 %mul_ln16_8, i16 %mul_ln16_9" [matrix_mult.cpp:16]   --->   Operation 163 'add' 'add_ln16_5' <Predicate = true> <Delay = 1.78> <CoreInst = "DSP48">   --->   Core 116 'DSP48' <Latency = 3> <II = 1> <Delay = 1.82> <IPBlock> <Opcode : '' 'add' 'sub' 'mul' 'select'> <InPorts = 0> <OutPorts = 1> <Sync> <CReg>
ST_5 : Operation 164 [1/1] (0.00ns)   --->   "%sext_ln16_17 = sext i8 %tmp_12" [matrix_mult.cpp:16]   --->   Operation 164 'sext' 'sext_ln16_17' <Predicate = true> <Delay = 0.00>
ST_5 : Operation 165 [3/3] (1.09ns) (grouped into DSP with root node add_ln16_10)   --->   "%mul_ln16_12 = mul i16 %sext_ln16_17, i16 %sext_ln16_4" [matrix_mult.cpp:16]   --->   Operation 165 'mul' 'mul_ln16_12' <Predicate = true> <Delay = 1.09> <CoreInst = "DSP48">   --->   Core 116 'DSP48' <Latency = 3> <II = 1> <Delay = 1.82> <IPBlock> <Opcode : '' 'add' 'sub' 'mul' 'select'> <InPorts = 0> <OutPorts = 1> <Sync> <CReg>
ST_5 : Operation 166 [1/3] (0.00ns) (grouped into DSP with root node add_ln16_9)   --->   "%mul_ln16_14 = mul i16 %sext_ln16_19, i16 %sext_ln16_8" [matrix_mult.cpp:16]   --->   Operation 166 'mul' 'mul_ln16_14' <Predicate = true> <Delay = 0.00> <CoreInst = "DSP48">   --->   Core 116 'DSP48' <Latency = 3> <II = 1> <Delay = 1.82> <IPBlock> <Opcode : '' 'add' 'sub' 'mul' 'select'> <InPorts = 0> <OutPorts = 1> <Sync> <CReg>
ST_5 : Operation 167 [2/2] (1.78ns) (root node of the DSP)   --->   "%add_ln16_9 = add i16 %mul_ln16_13, i16 %mul_ln16_14" [matrix_mult.cpp:16]   --->   Operation 167 'add' 'add_ln16_9' <Predicate = true> <Delay = 1.78> <CoreInst = "DSP48">   --->   Core 116 'DSP48' <Latency = 3> <II = 1> <Delay = 1.82> <IPBlock> <Opcode : '' 'add' 'sub' 'mul' 'select'> <InPorts = 0> <OutPorts = 1> <Sync> <CReg>
ST_5 : Operation 168 [1/1] (0.00ns)   --->   "%sext_ln16_22 = sext i8 %tmp_16" [matrix_mult.cpp:16]   --->   Operation 168 'sext' 'sext_ln16_22' <Predicate = true> <Delay = 0.00>
ST_5 : Operation 169 [3/3] (1.09ns) (grouped into DSP with root node add_ln16_14)   --->   "%mul_ln16_17 = mul i16 %sext_ln16_22, i16 %sext_ln16_4" [matrix_mult.cpp:16]   --->   Operation 169 'mul' 'mul_ln16_17' <Predicate = true> <Delay = 1.09> <CoreInst = "DSP48">   --->   Core 116 'DSP48' <Latency = 3> <II = 1> <Delay = 1.82> <IPBlock> <Opcode : '' 'add' 'sub' 'mul' 'select'> <InPorts = 0> <OutPorts = 1> <Sync> <CReg>
ST_5 : Operation 170 [1/3] (0.00ns) (grouped into DSP with root node add_ln16_13)   --->   "%mul_ln16_19 = mul i16 %sext_ln16_24, i16 %sext_ln16_8" [matrix_mult.cpp:16]   --->   Operation 170 'mul' 'mul_ln16_19' <Predicate = true> <Delay = 0.00> <CoreInst = "DSP48">   --->   Core 116 'DSP48' <Latency = 3> <II = 1> <Delay = 1.82> <IPBlock> <Opcode : '' 'add' 'sub' 'mul' 'select'> <InPorts = 0> <OutPorts = 1> <Sync> <CReg>
ST_5 : Operation 171 [2/2] (1.78ns) (root node of the DSP)   --->   "%add_ln16_13 = add i16 %mul_ln16_18, i16 %mul_ln16_19" [matrix_mult.cpp:16]   --->   Operation 171 'add' 'add_ln16_13' <Predicate = true> <Delay = 1.78> <CoreInst = "DSP48">   --->   Core 116 'DSP48' <Latency = 3> <II = 1> <Delay = 1.82> <IPBlock> <Opcode : '' 'add' 'sub' 'mul' 'select'> <InPorts = 0> <OutPorts = 1> <Sync> <CReg>
ST_5 : Operation 172 [1/1] (0.00ns)   --->   "%sext_ln16_28 = sext i8 %tmp_21" [matrix_mult.cpp:16]   --->   Operation 172 'sext' 'sext_ln16_28' <Predicate = true> <Delay = 0.00>
ST_5 : Operation 173 [1/1] (3.29ns)   --->   "%mul_ln16_23 = mul i16 %sext_ln16_28, i16 %sext_ln16_6" [matrix_mult.cpp:16]   --->   Operation 173 'mul' 'mul_ln16_23' <Predicate = true> <Delay = 3.29> <CoreInst = "Multiplier">   --->   Core 3 'Multiplier' <Latency = 0> <II = 1> <Delay = 3.29> <FuncUnit> <Opcode : 'mul'> <InPorts = 2> <OutPorts = 1>
ST_5 : Operation 174 [2/3] (1.09ns) (grouped into DSP with root node add_ln16_17)   --->   "%mul_ln16_24 = mul i16 %sext_ln16_29, i16 %sext_ln16_8" [matrix_mult.cpp:16]   --->   Operation 174 'mul' 'mul_ln16_24' <Predicate = true> <Delay = 1.09> <CoreInst = "DSP48">   --->   Core 116 'DSP48' <Latency = 3> <II = 1> <Delay = 1.82> <IPBlock> <Opcode : '' 'add' 'sub' 'mul' 'select'> <InPorts = 0> <OutPorts = 1> <Sync> <CReg>
ST_5 : Operation 175 [1/2] (1.78ns) (root node of the DSP)   --->   "%add_ln16_21 = add i16 %mul_ln16_28, i16 %mul_ln16_29" [matrix_mult.cpp:16]   --->   Operation 175 'add' 'add_ln16_21' <Predicate = true> <Delay = 1.78> <CoreInst = "DSP48">   --->   Core 116 'DSP48' <Latency = 3> <II = 1> <Delay = 1.82> <IPBlock> <Opcode : '' 'add' 'sub' 'mul' 'select'> <InPorts = 0> <OutPorts = 1> <Sync> <CReg>
ST_5 : Operation 176 [1/2] (1.78ns) (root node of the DSP)   --->   "%add_ln16_25 = add i16 %mul_ln16_33, i16 %mul_ln16_34" [matrix_mult.cpp:16]   --->   Operation 176 'add' 'add_ln16_25' <Predicate = true> <Delay = 1.78> <CoreInst = "DSP48">   --->   Core 116 'DSP48' <Latency = 3> <II = 1> <Delay = 1.82> <IPBlock> <Opcode : '' 'add' 'sub' 'mul' 'select'> <InPorts = 0> <OutPorts = 1> <Sync> <CReg>
ST_5 : Operation 177 [1/3] (0.00ns) (grouped into DSP with root node add_ln16_29)   --->   "%mul_ln16_39 = mul i16 %sext_ln16_34, i16 %sext_ln16_19" [matrix_mult.cpp:16]   --->   Operation 177 'mul' 'mul_ln16_39' <Predicate = true> <Delay = 0.00> <CoreInst = "DSP48">   --->   Core 116 'DSP48' <Latency = 3> <II = 1> <Delay = 1.82> <IPBlock> <Opcode : '' 'add' 'sub' 'mul' 'select'> <InPorts = 0> <OutPorts = 1> <Sync> <CReg>
ST_5 : Operation 178 [2/2] (1.78ns) (root node of the DSP)   --->   "%add_ln16_29 = add i16 %mul_ln16_38, i16 %mul_ln16_39" [matrix_mult.cpp:16]   --->   Operation 178 'add' 'add_ln16_29' <Predicate = true> <Delay = 1.78> <CoreInst = "DSP48">   --->   Core 116 'DSP48' <Latency = 3> <II = 1> <Delay = 1.82> <IPBlock> <Opcode : '' 'add' 'sub' 'mul' 'select'> <InPorts = 0> <OutPorts = 1> <Sync> <CReg>
ST_5 : Operation 179 [1/3] (0.00ns) (grouped into DSP with root node add_ln16_33)   --->   "%mul_ln16_44 = mul i16 %sext_ln16_34, i16 %sext_ln16_24" [matrix_mult.cpp:16]   --->   Operation 179 'mul' 'mul_ln16_44' <Predicate = true> <Delay = 0.00> <CoreInst = "DSP48">   --->   Core 116 'DSP48' <Latency = 3> <II = 1> <Delay = 1.82> <IPBlock> <Opcode : '' 'add' 'sub' 'mul' 'select'> <InPorts = 0> <OutPorts = 1> <Sync> <CReg>
ST_5 : Operation 180 [2/2] (1.78ns) (root node of the DSP)   --->   "%add_ln16_33 = add i16 %mul_ln16_43, i16 %mul_ln16_44" [matrix_mult.cpp:16]   --->   Operation 180 'add' 'add_ln16_33' <Predicate = true> <Delay = 1.78> <CoreInst = "DSP48">   --->   Core 116 'DSP48' <Latency = 3> <II = 1> <Delay = 1.82> <IPBlock> <Opcode : '' 'add' 'sub' 'mul' 'select'> <InPorts = 0> <OutPorts = 1> <Sync> <CReg>
ST_5 : Operation 181 [1/1] (3.29ns)   --->   "%mul_ln16_48 = mul i16 %sext_ln16_33, i16 %sext_ln16_28" [matrix_mult.cpp:16]   --->   Operation 181 'mul' 'mul_ln16_48' <Predicate = true> <Delay = 3.29> <CoreInst = "Multiplier">   --->   Core 3 'Multiplier' <Latency = 0> <II = 1> <Delay = 3.29> <FuncUnit> <Opcode : 'mul'> <InPorts = 2> <OutPorts = 1>
ST_5 : Operation 182 [2/3] (1.09ns) (grouped into DSP with root node add_ln16_37)   --->   "%mul_ln16_49 = mul i16 %sext_ln16_34, i16 %sext_ln16_29" [matrix_mult.cpp:16]   --->   Operation 182 'mul' 'mul_ln16_49' <Predicate = true> <Delay = 1.09> <CoreInst = "DSP48">   --->   Core 116 'DSP48' <Latency = 3> <II = 1> <Delay = 1.82> <IPBlock> <Opcode : '' 'add' 'sub' 'mul' 'select'> <InPorts = 0> <OutPorts = 1> <Sync> <CReg>
ST_5 : Operation 183 [1/1] (0.00ns)   --->   "%sext_ln16_38 = sext i8 %tmp_29" [matrix_mult.cpp:16]   --->   Operation 183 'sext' 'sext_ln16_38' <Predicate = true> <Delay = 0.00>
ST_5 : Operation 184 [1/1] (3.29ns)   --->   "%mul_ln16_53 = mul i16 %sext_ln16_38, i16 %sext_ln16_7" [matrix_mult.cpp:16]   --->   Operation 184 'mul' 'mul_ln16_53' <Predicate = true> <Delay = 3.29> <CoreInst = "Multiplier">   --->   Core 3 'Multiplier' <Latency = 0> <II = 1> <Delay = 3.29> <FuncUnit> <Opcode : 'mul'> <InPorts = 2> <OutPorts = 1>
ST_5 : Operation 185 [2/3] (1.09ns) (grouped into DSP with root node add_ln16_41)   --->   "%mul_ln16_54 = mul i16 %sext_ln16_39, i16 %sext_ln16_9" [matrix_mult.cpp:16]   --->   Operation 185 'mul' 'mul_ln16_54' <Predicate = true> <Delay = 1.09> <CoreInst = "DSP48">   --->   Core 116 'DSP48' <Latency = 3> <II = 1> <Delay = 1.82> <IPBlock> <Opcode : '' 'add' 'sub' 'mul' 'select'> <InPorts = 0> <OutPorts = 1> <Sync> <CReg>
ST_5 : Operation 186 [1/1] (3.29ns)   --->   "%mul_ln16_58 = mul i16 %sext_ln16_38, i16 %sext_ln16_13" [matrix_mult.cpp:16]   --->   Operation 186 'mul' 'mul_ln16_58' <Predicate = true> <Delay = 3.29> <CoreInst = "Multiplier">   --->   Core 3 'Multiplier' <Latency = 0> <II = 1> <Delay = 3.29> <FuncUnit> <Opcode : 'mul'> <InPorts = 2> <OutPorts = 1>
ST_5 : Operation 187 [2/3] (1.09ns) (grouped into DSP with root node add_ln16_45)   --->   "%mul_ln16_59 = mul i16 %sext_ln16_39, i16 %sext_ln16_14" [matrix_mult.cpp:16]   --->   Operation 187 'mul' 'mul_ln16_59' <Predicate = true> <Delay = 1.09> <CoreInst = "DSP48">   --->   Core 116 'DSP48' <Latency = 3> <II = 1> <Delay = 1.82> <IPBlock> <Opcode : '' 'add' 'sub' 'mul' 'select'> <InPorts = 0> <OutPorts = 1> <Sync> <CReg>
ST_5 : Operation 188 [3/3] (1.09ns) (grouped into DSP with root node add_ln16_49)   --->   "%mul_ln16_64 = mul i16 %sext_ln16_39, i16 %sext_ln16_19" [matrix_mult.cpp:16]   --->   Operation 188 'mul' 'mul_ln16_64' <Predicate = true> <Delay = 1.09> <CoreInst = "DSP48">   --->   Core 116 'DSP48' <Latency = 3> <II = 1> <Delay = 1.82> <IPBlock> <Opcode : '' 'add' 'sub' 'mul' 'select'> <InPorts = 0> <OutPorts = 1> <Sync> <CReg>
ST_5 : Operation 189 [3/3] (1.09ns) (grouped into DSP with root node add_ln16_53)   --->   "%mul_ln16_69 = mul i16 %sext_ln16_39, i16 %sext_ln16_24" [matrix_mult.cpp:16]   --->   Operation 189 'mul' 'mul_ln16_69' <Predicate = true> <Delay = 1.09> <CoreInst = "DSP48">   --->   Core 116 'DSP48' <Latency = 3> <II = 1> <Delay = 1.82> <IPBlock> <Opcode : '' 'add' 'sub' 'mul' 'select'> <InPorts = 0> <OutPorts = 1> <Sync> <CReg>
ST_5 : Operation 190 [3/3] (1.09ns) (grouped into DSP with root node add_ln16_57)   --->   "%mul_ln16_74 = mul i16 %sext_ln16_39, i16 %sext_ln16_29" [matrix_mult.cpp:16]   --->   Operation 190 'mul' 'mul_ln16_74' <Predicate = true> <Delay = 1.09> <CoreInst = "DSP48">   --->   Core 116 'DSP48' <Latency = 3> <II = 1> <Delay = 1.82> <IPBlock> <Opcode : '' 'add' 'sub' 'mul' 'select'> <InPorts = 0> <OutPorts = 1> <Sync> <CReg>
ST_5 : Operation 191 [1/1] (0.00ns)   --->   "%sext_ln16_44 = sext i8 %tmp_34" [matrix_mult.cpp:16]   --->   Operation 191 'sext' 'sext_ln16_44' <Predicate = true> <Delay = 0.00>
ST_5 : Operation 192 [3/3] (1.09ns) (grouped into DSP with root node add_ln16_61)   --->   "%mul_ln16_79 = mul i16 %sext_ln16_44, i16 %sext_ln16_9" [matrix_mult.cpp:16]   --->   Operation 192 'mul' 'mul_ln16_79' <Predicate = true> <Delay = 1.09> <CoreInst = "DSP48">   --->   Core 116 'DSP48' <Latency = 3> <II = 1> <Delay = 1.82> <IPBlock> <Opcode : '' 'add' 'sub' 'mul' 'select'> <InPorts = 0> <OutPorts = 1> <Sync> <CReg>

State 6 <SV = 5> <Delay = 3.29>
ST_6 : Operation 193 [1/3] (0.00ns) (grouped into DSP with root node add_ln16_2)   --->   "%mul_ln16_2 = mul i16 %sext_ln16_5, i16 %sext_ln16_4" [matrix_mult.cpp:16]   --->   Operation 193 'mul' 'mul_ln16_2' <Predicate = true> <Delay = 0.00> <CoreInst = "DSP48">   --->   Core 116 'DSP48' <Latency = 3> <II = 1> <Delay = 1.82> <IPBlock> <Opcode : '' 'add' 'sub' 'mul' 'select'> <InPorts = 0> <OutPorts = 1> <Sync> <CReg>
ST_6 : Operation 194 [2/2] (1.78ns) (root node of the DSP)   --->   "%add_ln16_2 = add i16 %add_ln16_1, i16 %mul_ln16_2" [matrix_mult.cpp:16]   --->   Operation 194 'add' 'add_ln16_2' <Predicate = true> <Delay = 1.78> <CoreInst = "DSP48">   --->   Core 116 'DSP48' <Latency = 3> <II = 1> <Delay = 1.82> <IPBlock> <Opcode : '' 'add' 'sub' 'mul' 'select'> <InPorts = 0> <OutPorts = 1> <Sync> <CReg>
ST_6 : Operation 195 [1/3] (0.00ns) (grouped into DSP with root node add_ln16_6)   --->   "%mul_ln16_7 = mul i16 %sext_ln16_12, i16 %sext_ln16_4" [matrix_mult.cpp:16]   --->   Operation 195 'mul' 'mul_ln16_7' <Predicate = true> <Delay = 0.00> <CoreInst = "DSP48">   --->   Core 116 'DSP48' <Latency = 3> <II = 1> <Delay = 1.82> <IPBlock> <Opcode : '' 'add' 'sub' 'mul' 'select'> <InPorts = 0> <OutPorts = 1> <Sync> <CReg>
ST_6 : Operation 196 [2/2] (1.78ns) (root node of the DSP)   --->   "%add_ln16_6 = add i16 %add_ln16_5, i16 %mul_ln16_7" [matrix_mult.cpp:16]   --->   Operation 196 'add' 'add_ln16_6' <Predicate = true> <Delay = 1.78> <CoreInst = "DSP48">   --->   Core 116 'DSP48' <Latency = 3> <II = 1> <Delay = 1.82> <IPBlock> <Opcode : '' 'add' 'sub' 'mul' 'select'> <InPorts = 0> <OutPorts = 1> <Sync> <CReg>
ST_6 : Operation 197 [2/3] (1.09ns) (grouped into DSP with root node add_ln16_10)   --->   "%mul_ln16_12 = mul i16 %sext_ln16_17, i16 %sext_ln16_4" [matrix_mult.cpp:16]   --->   Operation 197 'mul' 'mul_ln16_12' <Predicate = true> <Delay = 1.09> <CoreInst = "DSP48">   --->   Core 116 'DSP48' <Latency = 3> <II = 1> <Delay = 1.82> <IPBlock> <Opcode : '' 'add' 'sub' 'mul' 'select'> <InPorts = 0> <OutPorts = 1> <Sync> <CReg>
ST_6 : Operation 198 [1/2] (1.78ns) (root node of the DSP)   --->   "%add_ln16_9 = add i16 %mul_ln16_13, i16 %mul_ln16_14" [matrix_mult.cpp:16]   --->   Operation 198 'add' 'add_ln16_9' <Predicate = true> <Delay = 1.78> <CoreInst = "DSP48">   --->   Core 116 'DSP48' <Latency = 3> <II = 1> <Delay = 1.82> <IPBlock> <Opcode : '' 'add' 'sub' 'mul' 'select'> <InPorts = 0> <OutPorts = 1> <Sync> <CReg>
ST_6 : Operation 199 [2/3] (1.09ns) (grouped into DSP with root node add_ln16_14)   --->   "%mul_ln16_17 = mul i16 %sext_ln16_22, i16 %sext_ln16_4" [matrix_mult.cpp:16]   --->   Operation 199 'mul' 'mul_ln16_17' <Predicate = true> <Delay = 1.09> <CoreInst = "DSP48">   --->   Core 116 'DSP48' <Latency = 3> <II = 1> <Delay = 1.82> <IPBlock> <Opcode : '' 'add' 'sub' 'mul' 'select'> <InPorts = 0> <OutPorts = 1> <Sync> <CReg>
ST_6 : Operation 200 [1/2] (1.78ns) (root node of the DSP)   --->   "%add_ln16_13 = add i16 %mul_ln16_18, i16 %mul_ln16_19" [matrix_mult.cpp:16]   --->   Operation 200 'add' 'add_ln16_13' <Predicate = true> <Delay = 1.78> <CoreInst = "DSP48">   --->   Core 116 'DSP48' <Latency = 3> <II = 1> <Delay = 1.82> <IPBlock> <Opcode : '' 'add' 'sub' 'mul' 'select'> <InPorts = 0> <OutPorts = 1> <Sync> <CReg>
ST_6 : Operation 201 [1/1] (0.00ns)   --->   "%sext_ln16_27 = sext i8 %tmp_20" [matrix_mult.cpp:16]   --->   Operation 201 'sext' 'sext_ln16_27' <Predicate = true> <Delay = 0.00>
ST_6 : Operation 202 [3/3] (1.09ns) (grouped into DSP with root node add_ln16_18)   --->   "%mul_ln16_22 = mul i16 %sext_ln16_27, i16 %sext_ln16_4" [matrix_mult.cpp:16]   --->   Operation 202 'mul' 'mul_ln16_22' <Predicate = true> <Delay = 1.09> <CoreInst = "DSP48">   --->   Core 116 'DSP48' <Latency = 3> <II = 1> <Delay = 1.82> <IPBlock> <Opcode : '' 'add' 'sub' 'mul' 'select'> <InPorts = 0> <OutPorts = 1> <Sync> <CReg>
ST_6 : Operation 203 [1/3] (0.00ns) (grouped into DSP with root node add_ln16_17)   --->   "%mul_ln16_24 = mul i16 %sext_ln16_29, i16 %sext_ln16_8" [matrix_mult.cpp:16]   --->   Operation 203 'mul' 'mul_ln16_24' <Predicate = true> <Delay = 0.00> <CoreInst = "DSP48">   --->   Core 116 'DSP48' <Latency = 3> <II = 1> <Delay = 1.82> <IPBlock> <Opcode : '' 'add' 'sub' 'mul' 'select'> <InPorts = 0> <OutPorts = 1> <Sync> <CReg>
ST_6 : Operation 204 [2/2] (1.78ns) (root node of the DSP)   --->   "%add_ln16_17 = add i16 %mul_ln16_23, i16 %mul_ln16_24" [matrix_mult.cpp:16]   --->   Operation 204 'add' 'add_ln16_17' <Predicate = true> <Delay = 1.78> <CoreInst = "DSP48">   --->   Core 116 'DSP48' <Latency = 3> <II = 1> <Delay = 1.82> <IPBlock> <Opcode : '' 'add' 'sub' 'mul' 'select'> <InPorts = 0> <OutPorts = 1> <Sync> <CReg>
ST_6 : Operation 205 [1/1] (0.00ns)   --->   "%sext_ln16_32 = sext i8 %tmp_24" [matrix_mult.cpp:16]   --->   Operation 205 'sext' 'sext_ln16_32' <Predicate = true> <Delay = 0.00>
ST_6 : Operation 206 [3/3] (1.09ns) (grouped into DSP with root node add_ln16_22)   --->   "%mul_ln16_27 = mul i16 %sext_ln16_32, i16 %sext_ln16_5" [matrix_mult.cpp:16]   --->   Operation 206 'mul' 'mul_ln16_27' <Predicate = true> <Delay = 1.09> <CoreInst = "DSP48">   --->   Core 116 'DSP48' <Latency = 3> <II = 1> <Delay = 1.82> <IPBlock> <Opcode : '' 'add' 'sub' 'mul' 'select'> <InPorts = 0> <OutPorts = 1> <Sync> <CReg>
ST_6 : Operation 207 [1/2] (1.78ns) (root node of the DSP)   --->   "%add_ln16_29 = add i16 %mul_ln16_38, i16 %mul_ln16_39" [matrix_mult.cpp:16]   --->   Operation 207 'add' 'add_ln16_29' <Predicate = true> <Delay = 1.78> <CoreInst = "DSP48">   --->   Core 116 'DSP48' <Latency = 3> <II = 1> <Delay = 1.82> <IPBlock> <Opcode : '' 'add' 'sub' 'mul' 'select'> <InPorts = 0> <OutPorts = 1> <Sync> <CReg>
ST_6 : Operation 208 [1/2] (1.78ns) (root node of the DSP)   --->   "%add_ln16_33 = add i16 %mul_ln16_43, i16 %mul_ln16_44" [matrix_mult.cpp:16]   --->   Operation 208 'add' 'add_ln16_33' <Predicate = true> <Delay = 1.78> <CoreInst = "DSP48">   --->   Core 116 'DSP48' <Latency = 3> <II = 1> <Delay = 1.82> <IPBlock> <Opcode : '' 'add' 'sub' 'mul' 'select'> <InPorts = 0> <OutPorts = 1> <Sync> <CReg>
ST_6 : Operation 209 [1/3] (0.00ns) (grouped into DSP with root node add_ln16_37)   --->   "%mul_ln16_49 = mul i16 %sext_ln16_34, i16 %sext_ln16_29" [matrix_mult.cpp:16]   --->   Operation 209 'mul' 'mul_ln16_49' <Predicate = true> <Delay = 0.00> <CoreInst = "DSP48">   --->   Core 116 'DSP48' <Latency = 3> <II = 1> <Delay = 1.82> <IPBlock> <Opcode : '' 'add' 'sub' 'mul' 'select'> <InPorts = 0> <OutPorts = 1> <Sync> <CReg>
ST_6 : Operation 210 [2/2] (1.78ns) (root node of the DSP)   --->   "%add_ln16_37 = add i16 %mul_ln16_48, i16 %mul_ln16_49" [matrix_mult.cpp:16]   --->   Operation 210 'add' 'add_ln16_37' <Predicate = true> <Delay = 1.78> <CoreInst = "DSP48">   --->   Core 116 'DSP48' <Latency = 3> <II = 1> <Delay = 1.82> <IPBlock> <Opcode : '' 'add' 'sub' 'mul' 'select'> <InPorts = 0> <OutPorts = 1> <Sync> <CReg>
ST_6 : Operation 211 [1/3] (0.00ns) (grouped into DSP with root node add_ln16_41)   --->   "%mul_ln16_54 = mul i16 %sext_ln16_39, i16 %sext_ln16_9" [matrix_mult.cpp:16]   --->   Operation 211 'mul' 'mul_ln16_54' <Predicate = true> <Delay = 0.00> <CoreInst = "DSP48">   --->   Core 116 'DSP48' <Latency = 3> <II = 1> <Delay = 1.82> <IPBlock> <Opcode : '' 'add' 'sub' 'mul' 'select'> <InPorts = 0> <OutPorts = 1> <Sync> <CReg>
ST_6 : Operation 212 [2/2] (1.78ns) (root node of the DSP)   --->   "%add_ln16_41 = add i16 %mul_ln16_53, i16 %mul_ln16_54" [matrix_mult.cpp:16]   --->   Operation 212 'add' 'add_ln16_41' <Predicate = true> <Delay = 1.78> <CoreInst = "DSP48">   --->   Core 116 'DSP48' <Latency = 3> <II = 1> <Delay = 1.82> <IPBlock> <Opcode : '' 'add' 'sub' 'mul' 'select'> <InPorts = 0> <OutPorts = 1> <Sync> <CReg>
ST_6 : Operation 213 [1/3] (0.00ns) (grouped into DSP with root node add_ln16_45)   --->   "%mul_ln16_59 = mul i16 %sext_ln16_39, i16 %sext_ln16_14" [matrix_mult.cpp:16]   --->   Operation 213 'mul' 'mul_ln16_59' <Predicate = true> <Delay = 0.00> <CoreInst = "DSP48">   --->   Core 116 'DSP48' <Latency = 3> <II = 1> <Delay = 1.82> <IPBlock> <Opcode : '' 'add' 'sub' 'mul' 'select'> <InPorts = 0> <OutPorts = 1> <Sync> <CReg>
ST_6 : Operation 214 [2/2] (1.78ns) (root node of the DSP)   --->   "%add_ln16_45 = add i16 %mul_ln16_58, i16 %mul_ln16_59" [matrix_mult.cpp:16]   --->   Operation 214 'add' 'add_ln16_45' <Predicate = true> <Delay = 1.78> <CoreInst = "DSP48">   --->   Core 116 'DSP48' <Latency = 3> <II = 1> <Delay = 1.82> <IPBlock> <Opcode : '' 'add' 'sub' 'mul' 'select'> <InPorts = 0> <OutPorts = 1> <Sync> <CReg>
ST_6 : Operation 215 [1/1] (3.29ns)   --->   "%mul_ln16_63 = mul i16 %sext_ln16_38, i16 %sext_ln16_18" [matrix_mult.cpp:16]   --->   Operation 215 'mul' 'mul_ln16_63' <Predicate = true> <Delay = 3.29> <CoreInst = "Multiplier">   --->   Core 3 'Multiplier' <Latency = 0> <II = 1> <Delay = 3.29> <FuncUnit> <Opcode : 'mul'> <InPorts = 2> <OutPorts = 1>
ST_6 : Operation 216 [2/3] (1.09ns) (grouped into DSP with root node add_ln16_49)   --->   "%mul_ln16_64 = mul i16 %sext_ln16_39, i16 %sext_ln16_19" [matrix_mult.cpp:16]   --->   Operation 216 'mul' 'mul_ln16_64' <Predicate = true> <Delay = 1.09> <CoreInst = "DSP48">   --->   Core 116 'DSP48' <Latency = 3> <II = 1> <Delay = 1.82> <IPBlock> <Opcode : '' 'add' 'sub' 'mul' 'select'> <InPorts = 0> <OutPorts = 1> <Sync> <CReg>
ST_6 : Operation 217 [1/1] (3.29ns)   --->   "%mul_ln16_68 = mul i16 %sext_ln16_38, i16 %sext_ln16_23" [matrix_mult.cpp:16]   --->   Operation 217 'mul' 'mul_ln16_68' <Predicate = true> <Delay = 3.29> <CoreInst = "Multiplier">   --->   Core 3 'Multiplier' <Latency = 0> <II = 1> <Delay = 3.29> <FuncUnit> <Opcode : 'mul'> <InPorts = 2> <OutPorts = 1>
ST_6 : Operation 218 [2/3] (1.09ns) (grouped into DSP with root node add_ln16_53)   --->   "%mul_ln16_69 = mul i16 %sext_ln16_39, i16 %sext_ln16_24" [matrix_mult.cpp:16]   --->   Operation 218 'mul' 'mul_ln16_69' <Predicate = true> <Delay = 1.09> <CoreInst = "DSP48">   --->   Core 116 'DSP48' <Latency = 3> <II = 1> <Delay = 1.82> <IPBlock> <Opcode : '' 'add' 'sub' 'mul' 'select'> <InPorts = 0> <OutPorts = 1> <Sync> <CReg>
ST_6 : Operation 219 [1/1] (3.29ns)   --->   "%mul_ln16_73 = mul i16 %sext_ln16_38, i16 %sext_ln16_28" [matrix_mult.cpp:16]   --->   Operation 219 'mul' 'mul_ln16_73' <Predicate = true> <Delay = 3.29> <CoreInst = "Multiplier">   --->   Core 3 'Multiplier' <Latency = 0> <II = 1> <Delay = 3.29> <FuncUnit> <Opcode : 'mul'> <InPorts = 2> <OutPorts = 1>
ST_6 : Operation 220 [2/3] (1.09ns) (grouped into DSP with root node add_ln16_57)   --->   "%mul_ln16_74 = mul i16 %sext_ln16_39, i16 %sext_ln16_29" [matrix_mult.cpp:16]   --->   Operation 220 'mul' 'mul_ln16_74' <Predicate = true> <Delay = 1.09> <CoreInst = "DSP48">   --->   Core 116 'DSP48' <Latency = 3> <II = 1> <Delay = 1.82> <IPBlock> <Opcode : '' 'add' 'sub' 'mul' 'select'> <InPorts = 0> <OutPorts = 1> <Sync> <CReg>
ST_6 : Operation 221 [1/1] (0.00ns)   --->   "%sext_ln16_43 = sext i8 %tmp_33" [matrix_mult.cpp:16]   --->   Operation 221 'sext' 'sext_ln16_43' <Predicate = true> <Delay = 0.00>
ST_6 : Operation 222 [1/1] (3.29ns)   --->   "%mul_ln16_78 = mul i16 %sext_ln16_43, i16 %sext_ln16_7" [matrix_mult.cpp:16]   --->   Operation 222 'mul' 'mul_ln16_78' <Predicate = true> <Delay = 3.29> <CoreInst = "Multiplier">   --->   Core 3 'Multiplier' <Latency = 0> <II = 1> <Delay = 3.29> <FuncUnit> <Opcode : 'mul'> <InPorts = 2> <OutPorts = 1>
ST_6 : Operation 223 [2/3] (1.09ns) (grouped into DSP with root node add_ln16_61)   --->   "%mul_ln16_79 = mul i16 %sext_ln16_44, i16 %sext_ln16_9" [matrix_mult.cpp:16]   --->   Operation 223 'mul' 'mul_ln16_79' <Predicate = true> <Delay = 1.09> <CoreInst = "DSP48">   --->   Core 116 'DSP48' <Latency = 3> <II = 1> <Delay = 1.82> <IPBlock> <Opcode : '' 'add' 'sub' 'mul' 'select'> <InPorts = 0> <OutPorts = 1> <Sync> <CReg>
ST_6 : Operation 224 [3/3] (1.09ns) (grouped into DSP with root node add_ln16_65)   --->   "%mul_ln16_84 = mul i16 %sext_ln16_44, i16 %sext_ln16_14" [matrix_mult.cpp:16]   --->   Operation 224 'mul' 'mul_ln16_84' <Predicate = true> <Delay = 1.09> <CoreInst = "DSP48">   --->   Core 116 'DSP48' <Latency = 3> <II = 1> <Delay = 1.82> <IPBlock> <Opcode : '' 'add' 'sub' 'mul' 'select'> <InPorts = 0> <OutPorts = 1> <Sync> <CReg>
ST_6 : Operation 225 [3/3] (1.09ns) (grouped into DSP with root node add_ln16_69)   --->   "%mul_ln16_89 = mul i16 %sext_ln16_44, i16 %sext_ln16_19" [matrix_mult.cpp:16]   --->   Operation 225 'mul' 'mul_ln16_89' <Predicate = true> <Delay = 1.09> <CoreInst = "DSP48">   --->   Core 116 'DSP48' <Latency = 3> <II = 1> <Delay = 1.82> <IPBlock> <Opcode : '' 'add' 'sub' 'mul' 'select'> <InPorts = 0> <OutPorts = 1> <Sync> <CReg>
ST_6 : Operation 226 [3/3] (1.09ns) (grouped into DSP with root node add_ln16_73)   --->   "%mul_ln16_94 = mul i16 %sext_ln16_44, i16 %sext_ln16_24" [matrix_mult.cpp:16]   --->   Operation 226 'mul' 'mul_ln16_94' <Predicate = true> <Delay = 1.09> <CoreInst = "DSP48">   --->   Core 116 'DSP48' <Latency = 3> <II = 1> <Delay = 1.82> <IPBlock> <Opcode : '' 'add' 'sub' 'mul' 'select'> <InPorts = 0> <OutPorts = 1> <Sync> <CReg>
ST_6 : Operation 227 [3/3] (1.09ns) (grouped into DSP with root node add_ln16_77)   --->   "%mul_ln16_99 = mul i16 %sext_ln16_44, i16 %sext_ln16_29" [matrix_mult.cpp:16]   --->   Operation 227 'mul' 'mul_ln16_99' <Predicate = true> <Delay = 1.09> <CoreInst = "DSP48">   --->   Core 116 'DSP48' <Latency = 3> <II = 1> <Delay = 1.82> <IPBlock> <Opcode : '' 'add' 'sub' 'mul' 'select'> <InPorts = 0> <OutPorts = 1> <Sync> <CReg>

State 7 <SV = 6> <Delay = 3.29>
ST_7 : Operation 228 [1/2] (1.78ns) (root node of the DSP)   --->   "%add_ln16_2 = add i16 %add_ln16_1, i16 %mul_ln16_2" [matrix_mult.cpp:16]   --->   Operation 228 'add' 'add_ln16_2' <Predicate = true> <Delay = 1.78> <CoreInst = "DSP48">   --->   Core 116 'DSP48' <Latency = 3> <II = 1> <Delay = 1.82> <IPBlock> <Opcode : '' 'add' 'sub' 'mul' 'select'> <InPorts = 0> <OutPorts = 1> <Sync> <CReg>
ST_7 : Operation 229 [1/2] (1.78ns) (root node of the DSP)   --->   "%add_ln16_6 = add i16 %add_ln16_5, i16 %mul_ln16_7" [matrix_mult.cpp:16]   --->   Operation 229 'add' 'add_ln16_6' <Predicate = true> <Delay = 1.78> <CoreInst = "DSP48">   --->   Core 116 'DSP48' <Latency = 3> <II = 1> <Delay = 1.82> <IPBlock> <Opcode : '' 'add' 'sub' 'mul' 'select'> <InPorts = 0> <OutPorts = 1> <Sync> <CReg>
ST_7 : Operation 230 [1/3] (0.00ns) (grouped into DSP with root node add_ln16_10)   --->   "%mul_ln16_12 = mul i16 %sext_ln16_17, i16 %sext_ln16_4" [matrix_mult.cpp:16]   --->   Operation 230 'mul' 'mul_ln16_12' <Predicate = true> <Delay = 0.00> <CoreInst = "DSP48">   --->   Core 116 'DSP48' <Latency = 3> <II = 1> <Delay = 1.82> <IPBlock> <Opcode : '' 'add' 'sub' 'mul' 'select'> <InPorts = 0> <OutPorts = 1> <Sync> <CReg>
ST_7 : Operation 231 [2/2] (1.78ns) (root node of the DSP)   --->   "%add_ln16_10 = add i16 %add_ln16_9, i16 %mul_ln16_12" [matrix_mult.cpp:16]   --->   Operation 231 'add' 'add_ln16_10' <Predicate = true> <Delay = 1.78> <CoreInst = "DSP48">   --->   Core 116 'DSP48' <Latency = 3> <II = 1> <Delay = 1.82> <IPBlock> <Opcode : '' 'add' 'sub' 'mul' 'select'> <InPorts = 0> <OutPorts = 1> <Sync> <CReg>
ST_7 : Operation 232 [1/3] (0.00ns) (grouped into DSP with root node add_ln16_14)   --->   "%mul_ln16_17 = mul i16 %sext_ln16_22, i16 %sext_ln16_4" [matrix_mult.cpp:16]   --->   Operation 232 'mul' 'mul_ln16_17' <Predicate = true> <Delay = 0.00> <CoreInst = "DSP48">   --->   Core 116 'DSP48' <Latency = 3> <II = 1> <Delay = 1.82> <IPBlock> <Opcode : '' 'add' 'sub' 'mul' 'select'> <InPorts = 0> <OutPorts = 1> <Sync> <CReg>
ST_7 : Operation 233 [2/2] (1.78ns) (root node of the DSP)   --->   "%add_ln16_14 = add i16 %add_ln16_13, i16 %mul_ln16_17" [matrix_mult.cpp:16]   --->   Operation 233 'add' 'add_ln16_14' <Predicate = true> <Delay = 1.78> <CoreInst = "DSP48">   --->   Core 116 'DSP48' <Latency = 3> <II = 1> <Delay = 1.82> <IPBlock> <Opcode : '' 'add' 'sub' 'mul' 'select'> <InPorts = 0> <OutPorts = 1> <Sync> <CReg>
ST_7 : Operation 234 [2/3] (1.09ns) (grouped into DSP with root node add_ln16_18)   --->   "%mul_ln16_22 = mul i16 %sext_ln16_27, i16 %sext_ln16_4" [matrix_mult.cpp:16]   --->   Operation 234 'mul' 'mul_ln16_22' <Predicate = true> <Delay = 1.09> <CoreInst = "DSP48">   --->   Core 116 'DSP48' <Latency = 3> <II = 1> <Delay = 1.82> <IPBlock> <Opcode : '' 'add' 'sub' 'mul' 'select'> <InPorts = 0> <OutPorts = 1> <Sync> <CReg>
ST_7 : Operation 235 [1/2] (1.78ns) (root node of the DSP)   --->   "%add_ln16_17 = add i16 %mul_ln16_23, i16 %mul_ln16_24" [matrix_mult.cpp:16]   --->   Operation 235 'add' 'add_ln16_17' <Predicate = true> <Delay = 1.78> <CoreInst = "DSP48">   --->   Core 116 'DSP48' <Latency = 3> <II = 1> <Delay = 1.82> <IPBlock> <Opcode : '' 'add' 'sub' 'mul' 'select'> <InPorts = 0> <OutPorts = 1> <Sync> <CReg>
ST_7 : Operation 236 [2/3] (1.09ns) (grouped into DSP with root node add_ln16_22)   --->   "%mul_ln16_27 = mul i16 %sext_ln16_32, i16 %sext_ln16_5" [matrix_mult.cpp:16]   --->   Operation 236 'mul' 'mul_ln16_27' <Predicate = true> <Delay = 1.09> <CoreInst = "DSP48">   --->   Core 116 'DSP48' <Latency = 3> <II = 1> <Delay = 1.82> <IPBlock> <Opcode : '' 'add' 'sub' 'mul' 'select'> <InPorts = 0> <OutPorts = 1> <Sync> <CReg>
ST_7 : Operation 237 [3/3] (1.09ns) (grouped into DSP with root node add_ln16_26)   --->   "%mul_ln16_32 = mul i16 %sext_ln16_32, i16 %sext_ln16_12" [matrix_mult.cpp:16]   --->   Operation 237 'mul' 'mul_ln16_32' <Predicate = true> <Delay = 1.09> <CoreInst = "DSP48">   --->   Core 116 'DSP48' <Latency = 3> <II = 1> <Delay = 1.82> <IPBlock> <Opcode : '' 'add' 'sub' 'mul' 'select'> <InPorts = 0> <OutPorts = 1> <Sync> <CReg>
ST_7 : Operation 238 [3/3] (1.09ns) (grouped into DSP with root node add_ln16_30)   --->   "%mul_ln16_37 = mul i16 %sext_ln16_32, i16 %sext_ln16_17" [matrix_mult.cpp:16]   --->   Operation 238 'mul' 'mul_ln16_37' <Predicate = true> <Delay = 1.09> <CoreInst = "DSP48">   --->   Core 116 'DSP48' <Latency = 3> <II = 1> <Delay = 1.82> <IPBlock> <Opcode : '' 'add' 'sub' 'mul' 'select'> <InPorts = 0> <OutPorts = 1> <Sync> <CReg>
ST_7 : Operation 239 [1/2] (1.78ns) (root node of the DSP)   --->   "%add_ln16_37 = add i16 %mul_ln16_48, i16 %mul_ln16_49" [matrix_mult.cpp:16]   --->   Operation 239 'add' 'add_ln16_37' <Predicate = true> <Delay = 1.78> <CoreInst = "DSP48">   --->   Core 116 'DSP48' <Latency = 3> <II = 1> <Delay = 1.82> <IPBlock> <Opcode : '' 'add' 'sub' 'mul' 'select'> <InPorts = 0> <OutPorts = 1> <Sync> <CReg>
ST_7 : Operation 240 [1/2] (1.78ns) (root node of the DSP)   --->   "%add_ln16_41 = add i16 %mul_ln16_53, i16 %mul_ln16_54" [matrix_mult.cpp:16]   --->   Operation 240 'add' 'add_ln16_41' <Predicate = true> <Delay = 1.78> <CoreInst = "DSP48">   --->   Core 116 'DSP48' <Latency = 3> <II = 1> <Delay = 1.82> <IPBlock> <Opcode : '' 'add' 'sub' 'mul' 'select'> <InPorts = 0> <OutPorts = 1> <Sync> <CReg>
ST_7 : Operation 241 [1/2] (1.78ns) (root node of the DSP)   --->   "%add_ln16_45 = add i16 %mul_ln16_58, i16 %mul_ln16_59" [matrix_mult.cpp:16]   --->   Operation 241 'add' 'add_ln16_45' <Predicate = true> <Delay = 1.78> <CoreInst = "DSP48">   --->   Core 116 'DSP48' <Latency = 3> <II = 1> <Delay = 1.82> <IPBlock> <Opcode : '' 'add' 'sub' 'mul' 'select'> <InPorts = 0> <OutPorts = 1> <Sync> <CReg>
ST_7 : Operation 242 [1/3] (0.00ns) (grouped into DSP with root node add_ln16_49)   --->   "%mul_ln16_64 = mul i16 %sext_ln16_39, i16 %sext_ln16_19" [matrix_mult.cpp:16]   --->   Operation 242 'mul' 'mul_ln16_64' <Predicate = true> <Delay = 0.00> <CoreInst = "DSP48">   --->   Core 116 'DSP48' <Latency = 3> <II = 1> <Delay = 1.82> <IPBlock> <Opcode : '' 'add' 'sub' 'mul' 'select'> <InPorts = 0> <OutPorts = 1> <Sync> <CReg>
ST_7 : Operation 243 [2/2] (1.78ns) (root node of the DSP)   --->   "%add_ln16_49 = add i16 %mul_ln16_63, i16 %mul_ln16_64" [matrix_mult.cpp:16]   --->   Operation 243 'add' 'add_ln16_49' <Predicate = true> <Delay = 1.78> <CoreInst = "DSP48">   --->   Core 116 'DSP48' <Latency = 3> <II = 1> <Delay = 1.82> <IPBlock> <Opcode : '' 'add' 'sub' 'mul' 'select'> <InPorts = 0> <OutPorts = 1> <Sync> <CReg>
ST_7 : Operation 244 [1/3] (0.00ns) (grouped into DSP with root node add_ln16_53)   --->   "%mul_ln16_69 = mul i16 %sext_ln16_39, i16 %sext_ln16_24" [matrix_mult.cpp:16]   --->   Operation 244 'mul' 'mul_ln16_69' <Predicate = true> <Delay = 0.00> <CoreInst = "DSP48">   --->   Core 116 'DSP48' <Latency = 3> <II = 1> <Delay = 1.82> <IPBlock> <Opcode : '' 'add' 'sub' 'mul' 'select'> <InPorts = 0> <OutPorts = 1> <Sync> <CReg>
ST_7 : Operation 245 [2/2] (1.78ns) (root node of the DSP)   --->   "%add_ln16_53 = add i16 %mul_ln16_68, i16 %mul_ln16_69" [matrix_mult.cpp:16]   --->   Operation 245 'add' 'add_ln16_53' <Predicate = true> <Delay = 1.78> <CoreInst = "DSP48">   --->   Core 116 'DSP48' <Latency = 3> <II = 1> <Delay = 1.82> <IPBlock> <Opcode : '' 'add' 'sub' 'mul' 'select'> <InPorts = 0> <OutPorts = 1> <Sync> <CReg>
ST_7 : Operation 246 [1/3] (0.00ns) (grouped into DSP with root node add_ln16_57)   --->   "%mul_ln16_74 = mul i16 %sext_ln16_39, i16 %sext_ln16_29" [matrix_mult.cpp:16]   --->   Operation 246 'mul' 'mul_ln16_74' <Predicate = true> <Delay = 0.00> <CoreInst = "DSP48">   --->   Core 116 'DSP48' <Latency = 3> <II = 1> <Delay = 1.82> <IPBlock> <Opcode : '' 'add' 'sub' 'mul' 'select'> <InPorts = 0> <OutPorts = 1> <Sync> <CReg>
ST_7 : Operation 247 [2/2] (1.78ns) (root node of the DSP)   --->   "%add_ln16_57 = add i16 %mul_ln16_73, i16 %mul_ln16_74" [matrix_mult.cpp:16]   --->   Operation 247 'add' 'add_ln16_57' <Predicate = true> <Delay = 1.78> <CoreInst = "DSP48">   --->   Core 116 'DSP48' <Latency = 3> <II = 1> <Delay = 1.82> <IPBlock> <Opcode : '' 'add' 'sub' 'mul' 'select'> <InPorts = 0> <OutPorts = 1> <Sync> <CReg>
ST_7 : Operation 248 [1/3] (0.00ns) (grouped into DSP with root node add_ln16_61)   --->   "%mul_ln16_79 = mul i16 %sext_ln16_44, i16 %sext_ln16_9" [matrix_mult.cpp:16]   --->   Operation 248 'mul' 'mul_ln16_79' <Predicate = true> <Delay = 0.00> <CoreInst = "DSP48">   --->   Core 116 'DSP48' <Latency = 3> <II = 1> <Delay = 1.82> <IPBlock> <Opcode : '' 'add' 'sub' 'mul' 'select'> <InPorts = 0> <OutPorts = 1> <Sync> <CReg>
ST_7 : Operation 249 [2/2] (1.78ns) (root node of the DSP)   --->   "%add_ln16_61 = add i16 %mul_ln16_78, i16 %mul_ln16_79" [matrix_mult.cpp:16]   --->   Operation 249 'add' 'add_ln16_61' <Predicate = true> <Delay = 1.78> <CoreInst = "DSP48">   --->   Core 116 'DSP48' <Latency = 3> <II = 1> <Delay = 1.82> <IPBlock> <Opcode : '' 'add' 'sub' 'mul' 'select'> <InPorts = 0> <OutPorts = 1> <Sync> <CReg>
ST_7 : Operation 250 [1/1] (3.29ns)   --->   "%mul_ln16_83 = mul i16 %sext_ln16_43, i16 %sext_ln16_13" [matrix_mult.cpp:16]   --->   Operation 250 'mul' 'mul_ln16_83' <Predicate = true> <Delay = 3.29> <CoreInst = "Multiplier">   --->   Core 3 'Multiplier' <Latency = 0> <II = 1> <Delay = 3.29> <FuncUnit> <Opcode : 'mul'> <InPorts = 2> <OutPorts = 1>
ST_7 : Operation 251 [2/3] (1.09ns) (grouped into DSP with root node add_ln16_65)   --->   "%mul_ln16_84 = mul i16 %sext_ln16_44, i16 %sext_ln16_14" [matrix_mult.cpp:16]   --->   Operation 251 'mul' 'mul_ln16_84' <Predicate = true> <Delay = 1.09> <CoreInst = "DSP48">   --->   Core 116 'DSP48' <Latency = 3> <II = 1> <Delay = 1.82> <IPBlock> <Opcode : '' 'add' 'sub' 'mul' 'select'> <InPorts = 0> <OutPorts = 1> <Sync> <CReg>
ST_7 : Operation 252 [1/1] (3.29ns)   --->   "%mul_ln16_88 = mul i16 %sext_ln16_43, i16 %sext_ln16_18" [matrix_mult.cpp:16]   --->   Operation 252 'mul' 'mul_ln16_88' <Predicate = true> <Delay = 3.29> <CoreInst = "Multiplier">   --->   Core 3 'Multiplier' <Latency = 0> <II = 1> <Delay = 3.29> <FuncUnit> <Opcode : 'mul'> <InPorts = 2> <OutPorts = 1>
ST_7 : Operation 253 [2/3] (1.09ns) (grouped into DSP with root node add_ln16_69)   --->   "%mul_ln16_89 = mul i16 %sext_ln16_44, i16 %sext_ln16_19" [matrix_mult.cpp:16]   --->   Operation 253 'mul' 'mul_ln16_89' <Predicate = true> <Delay = 1.09> <CoreInst = "DSP48">   --->   Core 116 'DSP48' <Latency = 3> <II = 1> <Delay = 1.82> <IPBlock> <Opcode : '' 'add' 'sub' 'mul' 'select'> <InPorts = 0> <OutPorts = 1> <Sync> <CReg>
ST_7 : Operation 254 [1/1] (3.29ns)   --->   "%mul_ln16_93 = mul i16 %sext_ln16_43, i16 %sext_ln16_23" [matrix_mult.cpp:16]   --->   Operation 254 'mul' 'mul_ln16_93' <Predicate = true> <Delay = 3.29> <CoreInst = "Multiplier">   --->   Core 3 'Multiplier' <Latency = 0> <II = 1> <Delay = 3.29> <FuncUnit> <Opcode : 'mul'> <InPorts = 2> <OutPorts = 1>
ST_7 : Operation 255 [2/3] (1.09ns) (grouped into DSP with root node add_ln16_73)   --->   "%mul_ln16_94 = mul i16 %sext_ln16_44, i16 %sext_ln16_24" [matrix_mult.cpp:16]   --->   Operation 255 'mul' 'mul_ln16_94' <Predicate = true> <Delay = 1.09> <CoreInst = "DSP48">   --->   Core 116 'DSP48' <Latency = 3> <II = 1> <Delay = 1.82> <IPBlock> <Opcode : '' 'add' 'sub' 'mul' 'select'> <InPorts = 0> <OutPorts = 1> <Sync> <CReg>
ST_7 : Operation 256 [1/1] (3.29ns)   --->   "%mul_ln16_98 = mul i16 %sext_ln16_43, i16 %sext_ln16_28" [matrix_mult.cpp:16]   --->   Operation 256 'mul' 'mul_ln16_98' <Predicate = true> <Delay = 3.29> <CoreInst = "Multiplier">   --->   Core 3 'Multiplier' <Latency = 0> <II = 1> <Delay = 3.29> <FuncUnit> <Opcode : 'mul'> <InPorts = 2> <OutPorts = 1>
ST_7 : Operation 257 [2/3] (1.09ns) (grouped into DSP with root node add_ln16_77)   --->   "%mul_ln16_99 = mul i16 %sext_ln16_44, i16 %sext_ln16_29" [matrix_mult.cpp:16]   --->   Operation 257 'mul' 'mul_ln16_99' <Predicate = true> <Delay = 1.09> <CoreInst = "DSP48">   --->   Core 116 'DSP48' <Latency = 3> <II = 1> <Delay = 1.82> <IPBlock> <Opcode : '' 'add' 'sub' 'mul' 'select'> <InPorts = 0> <OutPorts = 1> <Sync> <CReg>
ST_7 : Operation 258 [1/1] (0.00ns)   --->   "%sext_ln16_49 = sext i8 %tmp_38" [matrix_mult.cpp:16]   --->   Operation 258 'sext' 'sext_ln16_49' <Predicate = true> <Delay = 0.00>
ST_7 : Operation 259 [3/3] (1.09ns) (grouped into DSP with root node add_ln16_81)   --->   "%mul_ln16_104 = mul i16 %sext_ln16_49, i16 %sext_ln16_9" [matrix_mult.cpp:16]   --->   Operation 259 'mul' 'mul_ln16_104' <Predicate = true> <Delay = 1.09> <CoreInst = "DSP48">   --->   Core 116 'DSP48' <Latency = 3> <II = 1> <Delay = 1.82> <IPBlock> <Opcode : '' 'add' 'sub' 'mul' 'select'> <InPorts = 0> <OutPorts = 1> <Sync> <CReg>
ST_7 : Operation 260 [3/3] (1.09ns) (grouped into DSP with root node add_ln16_85)   --->   "%mul_ln16_109 = mul i16 %sext_ln16_49, i16 %sext_ln16_14" [matrix_mult.cpp:16]   --->   Operation 260 'mul' 'mul_ln16_109' <Predicate = true> <Delay = 1.09> <CoreInst = "DSP48">   --->   Core 116 'DSP48' <Latency = 3> <II = 1> <Delay = 1.82> <IPBlock> <Opcode : '' 'add' 'sub' 'mul' 'select'> <InPorts = 0> <OutPorts = 1> <Sync> <CReg>
ST_7 : Operation 261 [3/3] (1.09ns) (grouped into DSP with root node add_ln16_89)   --->   "%mul_ln16_114 = mul i16 %sext_ln16_49, i16 %sext_ln16_19" [matrix_mult.cpp:16]   --->   Operation 261 'mul' 'mul_ln16_114' <Predicate = true> <Delay = 1.09> <CoreInst = "DSP48">   --->   Core 116 'DSP48' <Latency = 3> <II = 1> <Delay = 1.82> <IPBlock> <Opcode : '' 'add' 'sub' 'mul' 'select'> <InPorts = 0> <OutPorts = 1> <Sync> <CReg>
ST_7 : Operation 262 [3/3] (1.09ns) (grouped into DSP with root node add_ln16_93)   --->   "%mul_ln16_119 = mul i16 %sext_ln16_49, i16 %sext_ln16_24" [matrix_mult.cpp:16]   --->   Operation 262 'mul' 'mul_ln16_119' <Predicate = true> <Delay = 1.09> <CoreInst = "DSP48">   --->   Core 116 'DSP48' <Latency = 3> <II = 1> <Delay = 1.82> <IPBlock> <Opcode : '' 'add' 'sub' 'mul' 'select'> <InPorts = 0> <OutPorts = 1> <Sync> <CReg>

State 8 <SV = 7> <Delay = 3.29>
ST_8 : Operation 263 [1/1] (0.00ns)   --->   "%sext_ln16 = sext i8 %trunc_ln16" [matrix_mult.cpp:16]   --->   Operation 263 'sext' 'sext_ln16' <Predicate = true> <Delay = 0.00>
ST_8 : Operation 264 [1/1] (0.00ns)   --->   "%sext_ln16_1 = sext i8 %trunc_ln16_1" [matrix_mult.cpp:16]   --->   Operation 264 'sext' 'sext_ln16_1' <Predicate = true> <Delay = 0.00>
ST_8 : Operation 265 [3/3] (1.09ns) (grouped into DSP with root node add_ln16)   --->   "%mul_ln16 = mul i16 %sext_ln16_1, i16 %sext_ln16" [matrix_mult.cpp:16]   --->   Operation 265 'mul' 'mul_ln16' <Predicate = true> <Delay = 1.09> <CoreInst = "DSP48">   --->   Core 116 'DSP48' <Latency = 3> <II = 1> <Delay = 1.82> <IPBlock> <Opcode : '' 'add' 'sub' 'mul' 'select'> <InPorts = 0> <OutPorts = 1> <Sync> <CReg>
ST_8 : Operation 266 [1/1] (0.00ns)   --->   "%sext_ln16_10 = sext i8 %trunc_ln16_2" [matrix_mult.cpp:16]   --->   Operation 266 'sext' 'sext_ln16_10' <Predicate = true> <Delay = 0.00>
ST_8 : Operation 267 [3/3] (1.09ns) (grouped into DSP with root node add_ln16_4)   --->   "%mul_ln16_5 = mul i16 %sext_ln16_10, i16 %sext_ln16" [matrix_mult.cpp:16]   --->   Operation 267 'mul' 'mul_ln16_5' <Predicate = true> <Delay = 1.09> <CoreInst = "DSP48">   --->   Core 116 'DSP48' <Latency = 3> <II = 1> <Delay = 1.82> <IPBlock> <Opcode : '' 'add' 'sub' 'mul' 'select'> <InPorts = 0> <OutPorts = 1> <Sync> <CReg>
ST_8 : Operation 268 [1/1] (0.00ns)   --->   "%sext_ln16_15 = sext i8 %trunc_ln16_3" [matrix_mult.cpp:16]   --->   Operation 268 'sext' 'sext_ln16_15' <Predicate = true> <Delay = 0.00>
ST_8 : Operation 269 [3/3] (1.09ns) (grouped into DSP with root node add_ln16_8)   --->   "%mul_ln16_10 = mul i16 %sext_ln16_15, i16 %sext_ln16" [matrix_mult.cpp:16]   --->   Operation 269 'mul' 'mul_ln16_10' <Predicate = true> <Delay = 1.09> <CoreInst = "DSP48">   --->   Core 116 'DSP48' <Latency = 3> <II = 1> <Delay = 1.82> <IPBlock> <Opcode : '' 'add' 'sub' 'mul' 'select'> <InPorts = 0> <OutPorts = 1> <Sync> <CReg>
ST_8 : Operation 270 [1/2] (1.78ns) (root node of the DSP)   --->   "%add_ln16_10 = add i16 %add_ln16_9, i16 %mul_ln16_12" [matrix_mult.cpp:16]   --->   Operation 270 'add' 'add_ln16_10' <Predicate = true> <Delay = 1.78> <CoreInst = "DSP48">   --->   Core 116 'DSP48' <Latency = 3> <II = 1> <Delay = 1.82> <IPBlock> <Opcode : '' 'add' 'sub' 'mul' 'select'> <InPorts = 0> <OutPorts = 1> <Sync> <CReg>
ST_8 : Operation 271 [1/2] (1.78ns) (root node of the DSP)   --->   "%add_ln16_14 = add i16 %add_ln16_13, i16 %mul_ln16_17" [matrix_mult.cpp:16]   --->   Operation 271 'add' 'add_ln16_14' <Predicate = true> <Delay = 1.78> <CoreInst = "DSP48">   --->   Core 116 'DSP48' <Latency = 3> <II = 1> <Delay = 1.82> <IPBlock> <Opcode : '' 'add' 'sub' 'mul' 'select'> <InPorts = 0> <OutPorts = 1> <Sync> <CReg>
ST_8 : Operation 272 [1/3] (0.00ns) (grouped into DSP with root node add_ln16_18)   --->   "%mul_ln16_22 = mul i16 %sext_ln16_27, i16 %sext_ln16_4" [matrix_mult.cpp:16]   --->   Operation 272 'mul' 'mul_ln16_22' <Predicate = true> <Delay = 0.00> <CoreInst = "DSP48">   --->   Core 116 'DSP48' <Latency = 3> <II = 1> <Delay = 1.82> <IPBlock> <Opcode : '' 'add' 'sub' 'mul' 'select'> <InPorts = 0> <OutPorts = 1> <Sync> <CReg>
ST_8 : Operation 273 [2/2] (1.78ns) (root node of the DSP)   --->   "%add_ln16_18 = add i16 %add_ln16_17, i16 %mul_ln16_22" [matrix_mult.cpp:16]   --->   Operation 273 'add' 'add_ln16_18' <Predicate = true> <Delay = 1.78> <CoreInst = "DSP48">   --->   Core 116 'DSP48' <Latency = 3> <II = 1> <Delay = 1.82> <IPBlock> <Opcode : '' 'add' 'sub' 'mul' 'select'> <InPorts = 0> <OutPorts = 1> <Sync> <CReg>
ST_8 : Operation 274 [1/3] (0.00ns) (grouped into DSP with root node add_ln16_22)   --->   "%mul_ln16_27 = mul i16 %sext_ln16_32, i16 %sext_ln16_5" [matrix_mult.cpp:16]   --->   Operation 274 'mul' 'mul_ln16_27' <Predicate = true> <Delay = 0.00> <CoreInst = "DSP48">   --->   Core 116 'DSP48' <Latency = 3> <II = 1> <Delay = 1.82> <IPBlock> <Opcode : '' 'add' 'sub' 'mul' 'select'> <InPorts = 0> <OutPorts = 1> <Sync> <CReg>
ST_8 : Operation 275 [2/2] (1.78ns) (root node of the DSP)   --->   "%add_ln16_22 = add i16 %add_ln16_21, i16 %mul_ln16_27" [matrix_mult.cpp:16]   --->   Operation 275 'add' 'add_ln16_22' <Predicate = true> <Delay = 1.78> <CoreInst = "DSP48">   --->   Core 116 'DSP48' <Latency = 3> <II = 1> <Delay = 1.82> <IPBlock> <Opcode : '' 'add' 'sub' 'mul' 'select'> <InPorts = 0> <OutPorts = 1> <Sync> <CReg>
ST_8 : Operation 276 [2/3] (1.09ns) (grouped into DSP with root node add_ln16_26)   --->   "%mul_ln16_32 = mul i16 %sext_ln16_32, i16 %sext_ln16_12" [matrix_mult.cpp:16]   --->   Operation 276 'mul' 'mul_ln16_32' <Predicate = true> <Delay = 1.09> <CoreInst = "DSP48">   --->   Core 116 'DSP48' <Latency = 3> <II = 1> <Delay = 1.82> <IPBlock> <Opcode : '' 'add' 'sub' 'mul' 'select'> <InPorts = 0> <OutPorts = 1> <Sync> <CReg>
ST_8 : Operation 277 [2/3] (1.09ns) (grouped into DSP with root node add_ln16_30)   --->   "%mul_ln16_37 = mul i16 %sext_ln16_32, i16 %sext_ln16_17" [matrix_mult.cpp:16]   --->   Operation 277 'mul' 'mul_ln16_37' <Predicate = true> <Delay = 1.09> <CoreInst = "DSP48">   --->   Core 116 'DSP48' <Latency = 3> <II = 1> <Delay = 1.82> <IPBlock> <Opcode : '' 'add' 'sub' 'mul' 'select'> <InPorts = 0> <OutPorts = 1> <Sync> <CReg>
ST_8 : Operation 278 [3/3] (1.09ns) (grouped into DSP with root node add_ln16_34)   --->   "%mul_ln16_42 = mul i16 %sext_ln16_32, i16 %sext_ln16_22" [matrix_mult.cpp:16]   --->   Operation 278 'mul' 'mul_ln16_42' <Predicate = true> <Delay = 1.09> <CoreInst = "DSP48">   --->   Core 116 'DSP48' <Latency = 3> <II = 1> <Delay = 1.82> <IPBlock> <Opcode : '' 'add' 'sub' 'mul' 'select'> <InPorts = 0> <OutPorts = 1> <Sync> <CReg>
ST_8 : Operation 279 [3/3] (1.09ns) (grouped into DSP with root node add_ln16_38)   --->   "%mul_ln16_47 = mul i16 %sext_ln16_32, i16 %sext_ln16_27" [matrix_mult.cpp:16]   --->   Operation 279 'mul' 'mul_ln16_47' <Predicate = true> <Delay = 1.09> <CoreInst = "DSP48">   --->   Core 116 'DSP48' <Latency = 3> <II = 1> <Delay = 1.82> <IPBlock> <Opcode : '' 'add' 'sub' 'mul' 'select'> <InPorts = 0> <OutPorts = 1> <Sync> <CReg>
ST_8 : Operation 280 [1/2] (1.78ns) (root node of the DSP)   --->   "%add_ln16_49 = add i16 %mul_ln16_63, i16 %mul_ln16_64" [matrix_mult.cpp:16]   --->   Operation 280 'add' 'add_ln16_49' <Predicate = true> <Delay = 1.78> <CoreInst = "DSP48">   --->   Core 116 'DSP48' <Latency = 3> <II = 1> <Delay = 1.82> <IPBlock> <Opcode : '' 'add' 'sub' 'mul' 'select'> <InPorts = 0> <OutPorts = 1> <Sync> <CReg>
ST_8 : Operation 281 [1/2] (1.78ns) (root node of the DSP)   --->   "%add_ln16_53 = add i16 %mul_ln16_68, i16 %mul_ln16_69" [matrix_mult.cpp:16]   --->   Operation 281 'add' 'add_ln16_53' <Predicate = true> <Delay = 1.78> <CoreInst = "DSP48">   --->   Core 116 'DSP48' <Latency = 3> <II = 1> <Delay = 1.82> <IPBlock> <Opcode : '' 'add' 'sub' 'mul' 'select'> <InPorts = 0> <OutPorts = 1> <Sync> <CReg>
ST_8 : Operation 282 [1/2] (1.78ns) (root node of the DSP)   --->   "%add_ln16_57 = add i16 %mul_ln16_73, i16 %mul_ln16_74" [matrix_mult.cpp:16]   --->   Operation 282 'add' 'add_ln16_57' <Predicate = true> <Delay = 1.78> <CoreInst = "DSP48">   --->   Core 116 'DSP48' <Latency = 3> <II = 1> <Delay = 1.82> <IPBlock> <Opcode : '' 'add' 'sub' 'mul' 'select'> <InPorts = 0> <OutPorts = 1> <Sync> <CReg>
ST_8 : Operation 283 [1/2] (1.78ns) (root node of the DSP)   --->   "%add_ln16_61 = add i16 %mul_ln16_78, i16 %mul_ln16_79" [matrix_mult.cpp:16]   --->   Operation 283 'add' 'add_ln16_61' <Predicate = true> <Delay = 1.78> <CoreInst = "DSP48">   --->   Core 116 'DSP48' <Latency = 3> <II = 1> <Delay = 1.82> <IPBlock> <Opcode : '' 'add' 'sub' 'mul' 'select'> <InPorts = 0> <OutPorts = 1> <Sync> <CReg>
ST_8 : Operation 284 [1/3] (0.00ns) (grouped into DSP with root node add_ln16_65)   --->   "%mul_ln16_84 = mul i16 %sext_ln16_44, i16 %sext_ln16_14" [matrix_mult.cpp:16]   --->   Operation 284 'mul' 'mul_ln16_84' <Predicate = true> <Delay = 0.00> <CoreInst = "DSP48">   --->   Core 116 'DSP48' <Latency = 3> <II = 1> <Delay = 1.82> <IPBlock> <Opcode : '' 'add' 'sub' 'mul' 'select'> <InPorts = 0> <OutPorts = 1> <Sync> <CReg>
ST_8 : Operation 285 [2/2] (1.78ns) (root node of the DSP)   --->   "%add_ln16_65 = add i16 %mul_ln16_83, i16 %mul_ln16_84" [matrix_mult.cpp:16]   --->   Operation 285 'add' 'add_ln16_65' <Predicate = true> <Delay = 1.78> <CoreInst = "DSP48">   --->   Core 116 'DSP48' <Latency = 3> <II = 1> <Delay = 1.82> <IPBlock> <Opcode : '' 'add' 'sub' 'mul' 'select'> <InPorts = 0> <OutPorts = 1> <Sync> <CReg>
ST_8 : Operation 286 [1/3] (0.00ns) (grouped into DSP with root node add_ln16_69)   --->   "%mul_ln16_89 = mul i16 %sext_ln16_44, i16 %sext_ln16_19" [matrix_mult.cpp:16]   --->   Operation 286 'mul' 'mul_ln16_89' <Predicate = true> <Delay = 0.00> <CoreInst = "DSP48">   --->   Core 116 'DSP48' <Latency = 3> <II = 1> <Delay = 1.82> <IPBlock> <Opcode : '' 'add' 'sub' 'mul' 'select'> <InPorts = 0> <OutPorts = 1> <Sync> <CReg>
ST_8 : Operation 287 [2/2] (1.78ns) (root node of the DSP)   --->   "%add_ln16_69 = add i16 %mul_ln16_88, i16 %mul_ln16_89" [matrix_mult.cpp:16]   --->   Operation 287 'add' 'add_ln16_69' <Predicate = true> <Delay = 1.78> <CoreInst = "DSP48">   --->   Core 116 'DSP48' <Latency = 3> <II = 1> <Delay = 1.82> <IPBlock> <Opcode : '' 'add' 'sub' 'mul' 'select'> <InPorts = 0> <OutPorts = 1> <Sync> <CReg>
ST_8 : Operation 288 [1/3] (0.00ns) (grouped into DSP with root node add_ln16_73)   --->   "%mul_ln16_94 = mul i16 %sext_ln16_44, i16 %sext_ln16_24" [matrix_mult.cpp:16]   --->   Operation 288 'mul' 'mul_ln16_94' <Predicate = true> <Delay = 0.00> <CoreInst = "DSP48">   --->   Core 116 'DSP48' <Latency = 3> <II = 1> <Delay = 1.82> <IPBlock> <Opcode : '' 'add' 'sub' 'mul' 'select'> <InPorts = 0> <OutPorts = 1> <Sync> <CReg>
ST_8 : Operation 289 [2/2] (1.78ns) (root node of the DSP)   --->   "%add_ln16_73 = add i16 %mul_ln16_93, i16 %mul_ln16_94" [matrix_mult.cpp:16]   --->   Operation 289 'add' 'add_ln16_73' <Predicate = true> <Delay = 1.78> <CoreInst = "DSP48">   --->   Core 116 'DSP48' <Latency = 3> <II = 1> <Delay = 1.82> <IPBlock> <Opcode : '' 'add' 'sub' 'mul' 'select'> <InPorts = 0> <OutPorts = 1> <Sync> <CReg>
ST_8 : Operation 290 [1/3] (0.00ns) (grouped into DSP with root node add_ln16_77)   --->   "%mul_ln16_99 = mul i16 %sext_ln16_44, i16 %sext_ln16_29" [matrix_mult.cpp:16]   --->   Operation 290 'mul' 'mul_ln16_99' <Predicate = true> <Delay = 0.00> <CoreInst = "DSP48">   --->   Core 116 'DSP48' <Latency = 3> <II = 1> <Delay = 1.82> <IPBlock> <Opcode : '' 'add' 'sub' 'mul' 'select'> <InPorts = 0> <OutPorts = 1> <Sync> <CReg>
ST_8 : Operation 291 [2/2] (1.78ns) (root node of the DSP)   --->   "%add_ln16_77 = add i16 %mul_ln16_98, i16 %mul_ln16_99" [matrix_mult.cpp:16]   --->   Operation 291 'add' 'add_ln16_77' <Predicate = true> <Delay = 1.78> <CoreInst = "DSP48">   --->   Core 116 'DSP48' <Latency = 3> <II = 1> <Delay = 1.82> <IPBlock> <Opcode : '' 'add' 'sub' 'mul' 'select'> <InPorts = 0> <OutPorts = 1> <Sync> <CReg>
ST_8 : Operation 292 [1/1] (0.00ns)   --->   "%sext_ln16_48 = sext i8 %tmp_37" [matrix_mult.cpp:16]   --->   Operation 292 'sext' 'sext_ln16_48' <Predicate = true> <Delay = 0.00>
ST_8 : Operation 293 [1/1] (3.29ns)   --->   "%mul_ln16_103 = mul i16 %sext_ln16_48, i16 %sext_ln16_7" [matrix_mult.cpp:16]   --->   Operation 293 'mul' 'mul_ln16_103' <Predicate = true> <Delay = 3.29> <CoreInst = "Multiplier">   --->   Core 3 'Multiplier' <Latency = 0> <II = 1> <Delay = 3.29> <FuncUnit> <Opcode : 'mul'> <InPorts = 2> <OutPorts = 1>
ST_8 : Operation 294 [2/3] (1.09ns) (grouped into DSP with root node add_ln16_81)   --->   "%mul_ln16_104 = mul i16 %sext_ln16_49, i16 %sext_ln16_9" [matrix_mult.cpp:16]   --->   Operation 294 'mul' 'mul_ln16_104' <Predicate = true> <Delay = 1.09> <CoreInst = "DSP48">   --->   Core 116 'DSP48' <Latency = 3> <II = 1> <Delay = 1.82> <IPBlock> <Opcode : '' 'add' 'sub' 'mul' 'select'> <InPorts = 0> <OutPorts = 1> <Sync> <CReg>
ST_8 : Operation 295 [1/1] (3.29ns)   --->   "%mul_ln16_108 = mul i16 %sext_ln16_48, i16 %sext_ln16_13" [matrix_mult.cpp:16]   --->   Operation 295 'mul' 'mul_ln16_108' <Predicate = true> <Delay = 3.29> <CoreInst = "Multiplier">   --->   Core 3 'Multiplier' <Latency = 0> <II = 1> <Delay = 3.29> <FuncUnit> <Opcode : 'mul'> <InPorts = 2> <OutPorts = 1>
ST_8 : Operation 296 [2/3] (1.09ns) (grouped into DSP with root node add_ln16_85)   --->   "%mul_ln16_109 = mul i16 %sext_ln16_49, i16 %sext_ln16_14" [matrix_mult.cpp:16]   --->   Operation 296 'mul' 'mul_ln16_109' <Predicate = true> <Delay = 1.09> <CoreInst = "DSP48">   --->   Core 116 'DSP48' <Latency = 3> <II = 1> <Delay = 1.82> <IPBlock> <Opcode : '' 'add' 'sub' 'mul' 'select'> <InPorts = 0> <OutPorts = 1> <Sync> <CReg>
ST_8 : Operation 297 [1/1] (3.29ns)   --->   "%mul_ln16_113 = mul i16 %sext_ln16_48, i16 %sext_ln16_18" [matrix_mult.cpp:16]   --->   Operation 297 'mul' 'mul_ln16_113' <Predicate = true> <Delay = 3.29> <CoreInst = "Multiplier">   --->   Core 3 'Multiplier' <Latency = 0> <II = 1> <Delay = 3.29> <FuncUnit> <Opcode : 'mul'> <InPorts = 2> <OutPorts = 1>
ST_8 : Operation 298 [2/3] (1.09ns) (grouped into DSP with root node add_ln16_89)   --->   "%mul_ln16_114 = mul i16 %sext_ln16_49, i16 %sext_ln16_19" [matrix_mult.cpp:16]   --->   Operation 298 'mul' 'mul_ln16_114' <Predicate = true> <Delay = 1.09> <CoreInst = "DSP48">   --->   Core 116 'DSP48' <Latency = 3> <II = 1> <Delay = 1.82> <IPBlock> <Opcode : '' 'add' 'sub' 'mul' 'select'> <InPorts = 0> <OutPorts = 1> <Sync> <CReg>
ST_8 : Operation 299 [1/1] (3.29ns)   --->   "%mul_ln16_118 = mul i16 %sext_ln16_48, i16 %sext_ln16_23" [matrix_mult.cpp:16]   --->   Operation 299 'mul' 'mul_ln16_118' <Predicate = true> <Delay = 3.29> <CoreInst = "Multiplier">   --->   Core 3 'Multiplier' <Latency = 0> <II = 1> <Delay = 3.29> <FuncUnit> <Opcode : 'mul'> <InPorts = 2> <OutPorts = 1>
ST_8 : Operation 300 [2/3] (1.09ns) (grouped into DSP with root node add_ln16_93)   --->   "%mul_ln16_119 = mul i16 %sext_ln16_49, i16 %sext_ln16_24" [matrix_mult.cpp:16]   --->   Operation 300 'mul' 'mul_ln16_119' <Predicate = true> <Delay = 1.09> <CoreInst = "DSP48">   --->   Core 116 'DSP48' <Latency = 3> <II = 1> <Delay = 1.82> <IPBlock> <Opcode : '' 'add' 'sub' 'mul' 'select'> <InPorts = 0> <OutPorts = 1> <Sync> <CReg>
ST_8 : Operation 301 [3/3] (1.09ns) (grouped into DSP with root node add_ln16_97)   --->   "%mul_ln16_124 = mul i16 %sext_ln16_49, i16 %sext_ln16_29" [matrix_mult.cpp:16]   --->   Operation 301 'mul' 'mul_ln16_124' <Predicate = true> <Delay = 1.09> <CoreInst = "DSP48">   --->   Core 116 'DSP48' <Latency = 3> <II = 1> <Delay = 1.82> <IPBlock> <Opcode : '' 'add' 'sub' 'mul' 'select'> <InPorts = 0> <OutPorts = 1> <Sync> <CReg>

State 9 <SV = 8> <Delay = 3.29>
ST_9 : Operation 302 [2/3] (1.09ns) (grouped into DSP with root node add_ln16)   --->   "%mul_ln16 = mul i16 %sext_ln16_1, i16 %sext_ln16" [matrix_mult.cpp:16]   --->   Operation 302 'mul' 'mul_ln16' <Predicate = true> <Delay = 1.09> <CoreInst = "DSP48">   --->   Core 116 'DSP48' <Latency = 3> <II = 1> <Delay = 1.82> <IPBlock> <Opcode : '' 'add' 'sub' 'mul' 'select'> <InPorts = 0> <OutPorts = 1> <Sync> <CReg>
ST_9 : Operation 303 [1/1] (0.00ns)   --->   "%sext_ln16_2 = sext i8 %tmp1" [matrix_mult.cpp:16]   --->   Operation 303 'sext' 'sext_ln16_2' <Predicate = true> <Delay = 0.00>
ST_9 : Operation 304 [1/1] (0.00ns)   --->   "%sext_ln16_3 = sext i8 %tmp_s" [matrix_mult.cpp:16]   --->   Operation 304 'sext' 'sext_ln16_3' <Predicate = true> <Delay = 0.00>
ST_9 : Operation 305 [1/1] (3.29ns)   --->   "%mul_ln16_1 = mul i16 %sext_ln16_3, i16 %sext_ln16_2" [matrix_mult.cpp:16]   --->   Operation 305 'mul' 'mul_ln16_1' <Predicate = true> <Delay = 3.29> <CoreInst = "Multiplier">   --->   Core 3 'Multiplier' <Latency = 0> <II = 1> <Delay = 3.29> <FuncUnit> <Opcode : 'mul'> <InPorts = 2> <OutPorts = 1>
ST_9 : Operation 306 [2/3] (1.09ns) (grouped into DSP with root node add_ln16_4)   --->   "%mul_ln16_5 = mul i16 %sext_ln16_10, i16 %sext_ln16" [matrix_mult.cpp:16]   --->   Operation 306 'mul' 'mul_ln16_5' <Predicate = true> <Delay = 1.09> <CoreInst = "DSP48">   --->   Core 116 'DSP48' <Latency = 3> <II = 1> <Delay = 1.82> <IPBlock> <Opcode : '' 'add' 'sub' 'mul' 'select'> <InPorts = 0> <OutPorts = 1> <Sync> <CReg>
ST_9 : Operation 307 [1/1] (0.00ns)   --->   "%sext_ln16_11 = sext i8 %tmp_7" [matrix_mult.cpp:16]   --->   Operation 307 'sext' 'sext_ln16_11' <Predicate = true> <Delay = 0.00>
ST_9 : Operation 308 [1/1] (3.29ns)   --->   "%mul_ln16_6 = mul i16 %sext_ln16_11, i16 %sext_ln16_2" [matrix_mult.cpp:16]   --->   Operation 308 'mul' 'mul_ln16_6' <Predicate = true> <Delay = 3.29> <CoreInst = "Multiplier">   --->   Core 3 'Multiplier' <Latency = 0> <II = 1> <Delay = 3.29> <FuncUnit> <Opcode : 'mul'> <InPorts = 2> <OutPorts = 1>
ST_9 : Operation 309 [2/3] (1.09ns) (grouped into DSP with root node add_ln16_8)   --->   "%mul_ln16_10 = mul i16 %sext_ln16_15, i16 %sext_ln16" [matrix_mult.cpp:16]   --->   Operation 309 'mul' 'mul_ln16_10' <Predicate = true> <Delay = 1.09> <CoreInst = "DSP48">   --->   Core 116 'DSP48' <Latency = 3> <II = 1> <Delay = 1.82> <IPBlock> <Opcode : '' 'add' 'sub' 'mul' 'select'> <InPorts = 0> <OutPorts = 1> <Sync> <CReg>
ST_9 : Operation 310 [1/1] (0.00ns)   --->   "%sext_ln16_16 = sext i8 %tmp_11" [matrix_mult.cpp:16]   --->   Operation 310 'sext' 'sext_ln16_16' <Predicate = true> <Delay = 0.00>
ST_9 : Operation 311 [1/1] (3.29ns)   --->   "%mul_ln16_11 = mul i16 %sext_ln16_16, i16 %sext_ln16_2" [matrix_mult.cpp:16]   --->   Operation 311 'mul' 'mul_ln16_11' <Predicate = true> <Delay = 3.29> <CoreInst = "Multiplier">   --->   Core 3 'Multiplier' <Latency = 0> <II = 1> <Delay = 3.29> <FuncUnit> <Opcode : 'mul'> <InPorts = 2> <OutPorts = 1>
ST_9 : Operation 312 [1/1] (0.00ns)   --->   "%sext_ln16_20 = sext i8 %trunc_ln16_4" [matrix_mult.cpp:16]   --->   Operation 312 'sext' 'sext_ln16_20' <Predicate = true> <Delay = 0.00>
ST_9 : Operation 313 [3/3] (1.09ns) (grouped into DSP with root node add_ln16_12)   --->   "%mul_ln16_15 = mul i16 %sext_ln16_20, i16 %sext_ln16" [matrix_mult.cpp:16]   --->   Operation 313 'mul' 'mul_ln16_15' <Predicate = true> <Delay = 1.09> <CoreInst = "DSP48">   --->   Core 116 'DSP48' <Latency = 3> <II = 1> <Delay = 1.82> <IPBlock> <Opcode : '' 'add' 'sub' 'mul' 'select'> <InPorts = 0> <OutPorts = 1> <Sync> <CReg>
ST_9 : Operation 314 [1/1] (0.00ns)   --->   "%sext_ln16_25 = sext i8 %trunc_ln16_5" [matrix_mult.cpp:16]   --->   Operation 314 'sext' 'sext_ln16_25' <Predicate = true> <Delay = 0.00>
ST_9 : Operation 315 [3/3] (1.09ns) (grouped into DSP with root node add_ln16_16)   --->   "%mul_ln16_20 = mul i16 %sext_ln16_25, i16 %sext_ln16" [matrix_mult.cpp:16]   --->   Operation 315 'mul' 'mul_ln16_20' <Predicate = true> <Delay = 1.09> <CoreInst = "DSP48">   --->   Core 116 'DSP48' <Latency = 3> <II = 1> <Delay = 1.82> <IPBlock> <Opcode : '' 'add' 'sub' 'mul' 'select'> <InPorts = 0> <OutPorts = 1> <Sync> <CReg>
ST_9 : Operation 316 [1/2] (1.78ns) (root node of the DSP)   --->   "%add_ln16_18 = add i16 %add_ln16_17, i16 %mul_ln16_22" [matrix_mult.cpp:16]   --->   Operation 316 'add' 'add_ln16_18' <Predicate = true> <Delay = 1.78> <CoreInst = "DSP48">   --->   Core 116 'DSP48' <Latency = 3> <II = 1> <Delay = 1.82> <IPBlock> <Opcode : '' 'add' 'sub' 'mul' 'select'> <InPorts = 0> <OutPorts = 1> <Sync> <CReg>
ST_9 : Operation 317 [1/1] (0.00ns)   --->   "%sext_ln16_30 = sext i8 %trunc_ln16_6" [matrix_mult.cpp:16]   --->   Operation 317 'sext' 'sext_ln16_30' <Predicate = true> <Delay = 0.00>
ST_9 : Operation 318 [3/3] (1.09ns) (grouped into DSP with root node add_ln16_20)   --->   "%mul_ln16_25 = mul i16 %sext_ln16_30, i16 %sext_ln16_1" [matrix_mult.cpp:16]   --->   Operation 318 'mul' 'mul_ln16_25' <Predicate = true> <Delay = 1.09> <CoreInst = "DSP48">   --->   Core 116 'DSP48' <Latency = 3> <II = 1> <Delay = 1.82> <IPBlock> <Opcode : '' 'add' 'sub' 'mul' 'select'> <InPorts = 0> <OutPorts = 1> <Sync> <CReg>
ST_9 : Operation 319 [1/2] (1.78ns) (root node of the DSP)   --->   "%add_ln16_22 = add i16 %add_ln16_21, i16 %mul_ln16_27" [matrix_mult.cpp:16]   --->   Operation 319 'add' 'add_ln16_22' <Predicate = true> <Delay = 1.78> <CoreInst = "DSP48">   --->   Core 116 'DSP48' <Latency = 3> <II = 1> <Delay = 1.82> <IPBlock> <Opcode : '' 'add' 'sub' 'mul' 'select'> <InPorts = 0> <OutPorts = 1> <Sync> <CReg>
ST_9 : Operation 320 [3/3] (1.09ns) (grouped into DSP with root node add_ln16_24)   --->   "%mul_ln16_30 = mul i16 %sext_ln16_30, i16 %sext_ln16_10" [matrix_mult.cpp:16]   --->   Operation 320 'mul' 'mul_ln16_30' <Predicate = true> <Delay = 1.09> <CoreInst = "DSP48">   --->   Core 116 'DSP48' <Latency = 3> <II = 1> <Delay = 1.82> <IPBlock> <Opcode : '' 'add' 'sub' 'mul' 'select'> <InPorts = 0> <OutPorts = 1> <Sync> <CReg>
ST_9 : Operation 321 [1/3] (0.00ns) (grouped into DSP with root node add_ln16_26)   --->   "%mul_ln16_32 = mul i16 %sext_ln16_32, i16 %sext_ln16_12" [matrix_mult.cpp:16]   --->   Operation 321 'mul' 'mul_ln16_32' <Predicate = true> <Delay = 0.00> <CoreInst = "DSP48">   --->   Core 116 'DSP48' <Latency = 3> <II = 1> <Delay = 1.82> <IPBlock> <Opcode : '' 'add' 'sub' 'mul' 'select'> <InPorts = 0> <OutPorts = 1> <Sync> <CReg>
ST_9 : Operation 322 [2/2] (1.78ns) (root node of the DSP)   --->   "%add_ln16_26 = add i16 %add_ln16_25, i16 %mul_ln16_32" [matrix_mult.cpp:16]   --->   Operation 322 'add' 'add_ln16_26' <Predicate = true> <Delay = 1.78> <CoreInst = "DSP48">   --->   Core 116 'DSP48' <Latency = 3> <II = 1> <Delay = 1.82> <IPBlock> <Opcode : '' 'add' 'sub' 'mul' 'select'> <InPorts = 0> <OutPorts = 1> <Sync> <CReg>
ST_9 : Operation 323 [1/3] (0.00ns) (grouped into DSP with root node add_ln16_30)   --->   "%mul_ln16_37 = mul i16 %sext_ln16_32, i16 %sext_ln16_17" [matrix_mult.cpp:16]   --->   Operation 323 'mul' 'mul_ln16_37' <Predicate = true> <Delay = 0.00> <CoreInst = "DSP48">   --->   Core 116 'DSP48' <Latency = 3> <II = 1> <Delay = 1.82> <IPBlock> <Opcode : '' 'add' 'sub' 'mul' 'select'> <InPorts = 0> <OutPorts = 1> <Sync> <CReg>
ST_9 : Operation 324 [2/2] (1.78ns) (root node of the DSP)   --->   "%add_ln16_30 = add i16 %add_ln16_29, i16 %mul_ln16_37" [matrix_mult.cpp:16]   --->   Operation 324 'add' 'add_ln16_30' <Predicate = true> <Delay = 1.78> <CoreInst = "DSP48">   --->   Core 116 'DSP48' <Latency = 3> <II = 1> <Delay = 1.82> <IPBlock> <Opcode : '' 'add' 'sub' 'mul' 'select'> <InPorts = 0> <OutPorts = 1> <Sync> <CReg>
ST_9 : Operation 325 [2/3] (1.09ns) (grouped into DSP with root node add_ln16_34)   --->   "%mul_ln16_42 = mul i16 %sext_ln16_32, i16 %sext_ln16_22" [matrix_mult.cpp:16]   --->   Operation 325 'mul' 'mul_ln16_42' <Predicate = true> <Delay = 1.09> <CoreInst = "DSP48">   --->   Core 116 'DSP48' <Latency = 3> <II = 1> <Delay = 1.82> <IPBlock> <Opcode : '' 'add' 'sub' 'mul' 'select'> <InPorts = 0> <OutPorts = 1> <Sync> <CReg>
ST_9 : Operation 326 [2/3] (1.09ns) (grouped into DSP with root node add_ln16_38)   --->   "%mul_ln16_47 = mul i16 %sext_ln16_32, i16 %sext_ln16_27" [matrix_mult.cpp:16]   --->   Operation 326 'mul' 'mul_ln16_47' <Predicate = true> <Delay = 1.09> <CoreInst = "DSP48">   --->   Core 116 'DSP48' <Latency = 3> <II = 1> <Delay = 1.82> <IPBlock> <Opcode : '' 'add' 'sub' 'mul' 'select'> <InPorts = 0> <OutPorts = 1> <Sync> <CReg>
ST_9 : Operation 327 [1/1] (0.00ns)   --->   "%sext_ln16_37 = sext i8 %tmp_28" [matrix_mult.cpp:16]   --->   Operation 327 'sext' 'sext_ln16_37' <Predicate = true> <Delay = 0.00>
ST_9 : Operation 328 [3/3] (1.09ns) (grouped into DSP with root node add_ln16_42)   --->   "%mul_ln16_52 = mul i16 %sext_ln16_37, i16 %sext_ln16_5" [matrix_mult.cpp:16]   --->   Operation 328 'mul' 'mul_ln16_52' <Predicate = true> <Delay = 1.09> <CoreInst = "DSP48">   --->   Core 116 'DSP48' <Latency = 3> <II = 1> <Delay = 1.82> <IPBlock> <Opcode : '' 'add' 'sub' 'mul' 'select'> <InPorts = 0> <OutPorts = 1> <Sync> <CReg>
ST_9 : Operation 329 [3/3] (1.09ns) (grouped into DSP with root node add_ln16_46)   --->   "%mul_ln16_57 = mul i16 %sext_ln16_37, i16 %sext_ln16_12" [matrix_mult.cpp:16]   --->   Operation 329 'mul' 'mul_ln16_57' <Predicate = true> <Delay = 1.09> <CoreInst = "DSP48">   --->   Core 116 'DSP48' <Latency = 3> <II = 1> <Delay = 1.82> <IPBlock> <Opcode : '' 'add' 'sub' 'mul' 'select'> <InPorts = 0> <OutPorts = 1> <Sync> <CReg>
ST_9 : Operation 330 [1/2] (1.78ns) (root node of the DSP)   --->   "%add_ln16_65 = add i16 %mul_ln16_83, i16 %mul_ln16_84" [matrix_mult.cpp:16]   --->   Operation 330 'add' 'add_ln16_65' <Predicate = true> <Delay = 1.78> <CoreInst = "DSP48">   --->   Core 116 'DSP48' <Latency = 3> <II = 1> <Delay = 1.82> <IPBlock> <Opcode : '' 'add' 'sub' 'mul' 'select'> <InPorts = 0> <OutPorts = 1> <Sync> <CReg>
ST_9 : Operation 331 [1/2] (1.78ns) (root node of the DSP)   --->   "%add_ln16_69 = add i16 %mul_ln16_88, i16 %mul_ln16_89" [matrix_mult.cpp:16]   --->   Operation 331 'add' 'add_ln16_69' <Predicate = true> <Delay = 1.78> <CoreInst = "DSP48">   --->   Core 116 'DSP48' <Latency = 3> <II = 1> <Delay = 1.82> <IPBlock> <Opcode : '' 'add' 'sub' 'mul' 'select'> <InPorts = 0> <OutPorts = 1> <Sync> <CReg>
ST_9 : Operation 332 [1/2] (1.78ns) (root node of the DSP)   --->   "%add_ln16_73 = add i16 %mul_ln16_93, i16 %mul_ln16_94" [matrix_mult.cpp:16]   --->   Operation 332 'add' 'add_ln16_73' <Predicate = true> <Delay = 1.78> <CoreInst = "DSP48">   --->   Core 116 'DSP48' <Latency = 3> <II = 1> <Delay = 1.82> <IPBlock> <Opcode : '' 'add' 'sub' 'mul' 'select'> <InPorts = 0> <OutPorts = 1> <Sync> <CReg>
ST_9 : Operation 333 [1/2] (1.78ns) (root node of the DSP)   --->   "%add_ln16_77 = add i16 %mul_ln16_98, i16 %mul_ln16_99" [matrix_mult.cpp:16]   --->   Operation 333 'add' 'add_ln16_77' <Predicate = true> <Delay = 1.78> <CoreInst = "DSP48">   --->   Core 116 'DSP48' <Latency = 3> <II = 1> <Delay = 1.82> <IPBlock> <Opcode : '' 'add' 'sub' 'mul' 'select'> <InPorts = 0> <OutPorts = 1> <Sync> <CReg>
ST_9 : Operation 334 [1/3] (0.00ns) (grouped into DSP with root node add_ln16_81)   --->   "%mul_ln16_104 = mul i16 %sext_ln16_49, i16 %sext_ln16_9" [matrix_mult.cpp:16]   --->   Operation 334 'mul' 'mul_ln16_104' <Predicate = true> <Delay = 0.00> <CoreInst = "DSP48">   --->   Core 116 'DSP48' <Latency = 3> <II = 1> <Delay = 1.82> <IPBlock> <Opcode : '' 'add' 'sub' 'mul' 'select'> <InPorts = 0> <OutPorts = 1> <Sync> <CReg>
ST_9 : Operation 335 [2/2] (1.78ns) (root node of the DSP)   --->   "%add_ln16_81 = add i16 %mul_ln16_103, i16 %mul_ln16_104" [matrix_mult.cpp:16]   --->   Operation 335 'add' 'add_ln16_81' <Predicate = true> <Delay = 1.78> <CoreInst = "DSP48">   --->   Core 116 'DSP48' <Latency = 3> <II = 1> <Delay = 1.82> <IPBlock> <Opcode : '' 'add' 'sub' 'mul' 'select'> <InPorts = 0> <OutPorts = 1> <Sync> <CReg>
ST_9 : Operation 336 [1/3] (0.00ns) (grouped into DSP with root node add_ln16_85)   --->   "%mul_ln16_109 = mul i16 %sext_ln16_49, i16 %sext_ln16_14" [matrix_mult.cpp:16]   --->   Operation 336 'mul' 'mul_ln16_109' <Predicate = true> <Delay = 0.00> <CoreInst = "DSP48">   --->   Core 116 'DSP48' <Latency = 3> <II = 1> <Delay = 1.82> <IPBlock> <Opcode : '' 'add' 'sub' 'mul' 'select'> <InPorts = 0> <OutPorts = 1> <Sync> <CReg>
ST_9 : Operation 337 [2/2] (1.78ns) (root node of the DSP)   --->   "%add_ln16_85 = add i16 %mul_ln16_108, i16 %mul_ln16_109" [matrix_mult.cpp:16]   --->   Operation 337 'add' 'add_ln16_85' <Predicate = true> <Delay = 1.78> <CoreInst = "DSP48">   --->   Core 116 'DSP48' <Latency = 3> <II = 1> <Delay = 1.82> <IPBlock> <Opcode : '' 'add' 'sub' 'mul' 'select'> <InPorts = 0> <OutPorts = 1> <Sync> <CReg>
ST_9 : Operation 338 [1/3] (0.00ns) (grouped into DSP with root node add_ln16_89)   --->   "%mul_ln16_114 = mul i16 %sext_ln16_49, i16 %sext_ln16_19" [matrix_mult.cpp:16]   --->   Operation 338 'mul' 'mul_ln16_114' <Predicate = true> <Delay = 0.00> <CoreInst = "DSP48">   --->   Core 116 'DSP48' <Latency = 3> <II = 1> <Delay = 1.82> <IPBlock> <Opcode : '' 'add' 'sub' 'mul' 'select'> <InPorts = 0> <OutPorts = 1> <Sync> <CReg>
ST_9 : Operation 339 [2/2] (1.78ns) (root node of the DSP)   --->   "%add_ln16_89 = add i16 %mul_ln16_113, i16 %mul_ln16_114" [matrix_mult.cpp:16]   --->   Operation 339 'add' 'add_ln16_89' <Predicate = true> <Delay = 1.78> <CoreInst = "DSP48">   --->   Core 116 'DSP48' <Latency = 3> <II = 1> <Delay = 1.82> <IPBlock> <Opcode : '' 'add' 'sub' 'mul' 'select'> <InPorts = 0> <OutPorts = 1> <Sync> <CReg>
ST_9 : Operation 340 [1/3] (0.00ns) (grouped into DSP with root node add_ln16_93)   --->   "%mul_ln16_119 = mul i16 %sext_ln16_49, i16 %sext_ln16_24" [matrix_mult.cpp:16]   --->   Operation 340 'mul' 'mul_ln16_119' <Predicate = true> <Delay = 0.00> <CoreInst = "DSP48">   --->   Core 116 'DSP48' <Latency = 3> <II = 1> <Delay = 1.82> <IPBlock> <Opcode : '' 'add' 'sub' 'mul' 'select'> <InPorts = 0> <OutPorts = 1> <Sync> <CReg>
ST_9 : Operation 341 [2/2] (1.78ns) (root node of the DSP)   --->   "%add_ln16_93 = add i16 %mul_ln16_118, i16 %mul_ln16_119" [matrix_mult.cpp:16]   --->   Operation 341 'add' 'add_ln16_93' <Predicate = true> <Delay = 1.78> <CoreInst = "DSP48">   --->   Core 116 'DSP48' <Latency = 3> <II = 1> <Delay = 1.82> <IPBlock> <Opcode : '' 'add' 'sub' 'mul' 'select'> <InPorts = 0> <OutPorts = 1> <Sync> <CReg>
ST_9 : Operation 342 [1/1] (3.29ns)   --->   "%mul_ln16_123 = mul i16 %sext_ln16_48, i16 %sext_ln16_28" [matrix_mult.cpp:16]   --->   Operation 342 'mul' 'mul_ln16_123' <Predicate = true> <Delay = 3.29> <CoreInst = "Multiplier">   --->   Core 3 'Multiplier' <Latency = 0> <II = 1> <Delay = 3.29> <FuncUnit> <Opcode : 'mul'> <InPorts = 2> <OutPorts = 1>
ST_9 : Operation 343 [2/3] (1.09ns) (grouped into DSP with root node add_ln16_97)   --->   "%mul_ln16_124 = mul i16 %sext_ln16_49, i16 %sext_ln16_29" [matrix_mult.cpp:16]   --->   Operation 343 'mul' 'mul_ln16_124' <Predicate = true> <Delay = 1.09> <CoreInst = "DSP48">   --->   Core 116 'DSP48' <Latency = 3> <II = 1> <Delay = 1.82> <IPBlock> <Opcode : '' 'add' 'sub' 'mul' 'select'> <InPorts = 0> <OutPorts = 1> <Sync> <CReg>

State 10 <SV = 9> <Delay = 3.29>
ST_10 : Operation 344 [1/3] (0.00ns) (grouped into DSP with root node add_ln16)   --->   "%mul_ln16 = mul i16 %sext_ln16_1, i16 %sext_ln16" [matrix_mult.cpp:16]   --->   Operation 344 'mul' 'mul_ln16' <Predicate = true> <Delay = 0.00> <CoreInst = "DSP48">   --->   Core 116 'DSP48' <Latency = 3> <II = 1> <Delay = 1.82> <IPBlock> <Opcode : '' 'add' 'sub' 'mul' 'select'> <InPorts = 0> <OutPorts = 1> <Sync> <CReg>
ST_10 : Operation 345 [2/2] (1.78ns) (root node of the DSP)   --->   "%add_ln16 = add i16 %mul_ln16_1, i16 %mul_ln16" [matrix_mult.cpp:16]   --->   Operation 345 'add' 'add_ln16' <Predicate = true> <Delay = 1.78> <CoreInst = "DSP48">   --->   Core 116 'DSP48' <Latency = 3> <II = 1> <Delay = 1.82> <IPBlock> <Opcode : '' 'add' 'sub' 'mul' 'select'> <InPorts = 0> <OutPorts = 1> <Sync> <CReg>
ST_10 : Operation 346 [1/3] (0.00ns) (grouped into DSP with root node add_ln16_4)   --->   "%mul_ln16_5 = mul i16 %sext_ln16_10, i16 %sext_ln16" [matrix_mult.cpp:16]   --->   Operation 346 'mul' 'mul_ln16_5' <Predicate = true> <Delay = 0.00> <CoreInst = "DSP48">   --->   Core 116 'DSP48' <Latency = 3> <II = 1> <Delay = 1.82> <IPBlock> <Opcode : '' 'add' 'sub' 'mul' 'select'> <InPorts = 0> <OutPorts = 1> <Sync> <CReg>
ST_10 : Operation 347 [2/2] (1.78ns) (root node of the DSP)   --->   "%add_ln16_4 = add i16 %mul_ln16_6, i16 %mul_ln16_5" [matrix_mult.cpp:16]   --->   Operation 347 'add' 'add_ln16_4' <Predicate = true> <Delay = 1.78> <CoreInst = "DSP48">   --->   Core 116 'DSP48' <Latency = 3> <II = 1> <Delay = 1.82> <IPBlock> <Opcode : '' 'add' 'sub' 'mul' 'select'> <InPorts = 0> <OutPorts = 1> <Sync> <CReg>
ST_10 : Operation 348 [1/3] (0.00ns) (grouped into DSP with root node add_ln16_8)   --->   "%mul_ln16_10 = mul i16 %sext_ln16_15, i16 %sext_ln16" [matrix_mult.cpp:16]   --->   Operation 348 'mul' 'mul_ln16_10' <Predicate = true> <Delay = 0.00> <CoreInst = "DSP48">   --->   Core 116 'DSP48' <Latency = 3> <II = 1> <Delay = 1.82> <IPBlock> <Opcode : '' 'add' 'sub' 'mul' 'select'> <InPorts = 0> <OutPorts = 1> <Sync> <CReg>
ST_10 : Operation 349 [2/2] (1.78ns) (root node of the DSP)   --->   "%add_ln16_8 = add i16 %mul_ln16_11, i16 %mul_ln16_10" [matrix_mult.cpp:16]   --->   Operation 349 'add' 'add_ln16_8' <Predicate = true> <Delay = 1.78> <CoreInst = "DSP48">   --->   Core 116 'DSP48' <Latency = 3> <II = 1> <Delay = 1.82> <IPBlock> <Opcode : '' 'add' 'sub' 'mul' 'select'> <InPorts = 0> <OutPorts = 1> <Sync> <CReg>
ST_10 : Operation 350 [2/3] (1.09ns) (grouped into DSP with root node add_ln16_12)   --->   "%mul_ln16_15 = mul i16 %sext_ln16_20, i16 %sext_ln16" [matrix_mult.cpp:16]   --->   Operation 350 'mul' 'mul_ln16_15' <Predicate = true> <Delay = 1.09> <CoreInst = "DSP48">   --->   Core 116 'DSP48' <Latency = 3> <II = 1> <Delay = 1.82> <IPBlock> <Opcode : '' 'add' 'sub' 'mul' 'select'> <InPorts = 0> <OutPorts = 1> <Sync> <CReg>
ST_10 : Operation 351 [1/1] (0.00ns)   --->   "%sext_ln16_21 = sext i8 %tmp_15" [matrix_mult.cpp:16]   --->   Operation 351 'sext' 'sext_ln16_21' <Predicate = true> <Delay = 0.00>
ST_10 : Operation 352 [1/1] (3.29ns)   --->   "%mul_ln16_16 = mul i16 %sext_ln16_21, i16 %sext_ln16_2" [matrix_mult.cpp:16]   --->   Operation 352 'mul' 'mul_ln16_16' <Predicate = true> <Delay = 3.29> <CoreInst = "Multiplier">   --->   Core 3 'Multiplier' <Latency = 0> <II = 1> <Delay = 3.29> <FuncUnit> <Opcode : 'mul'> <InPorts = 2> <OutPorts = 1>
ST_10 : Operation 353 [2/3] (1.09ns) (grouped into DSP with root node add_ln16_16)   --->   "%mul_ln16_20 = mul i16 %sext_ln16_25, i16 %sext_ln16" [matrix_mult.cpp:16]   --->   Operation 353 'mul' 'mul_ln16_20' <Predicate = true> <Delay = 1.09> <CoreInst = "DSP48">   --->   Core 116 'DSP48' <Latency = 3> <II = 1> <Delay = 1.82> <IPBlock> <Opcode : '' 'add' 'sub' 'mul' 'select'> <InPorts = 0> <OutPorts = 1> <Sync> <CReg>
ST_10 : Operation 354 [1/1] (0.00ns)   --->   "%sext_ln16_26 = sext i8 %tmp_19" [matrix_mult.cpp:16]   --->   Operation 354 'sext' 'sext_ln16_26' <Predicate = true> <Delay = 0.00>
ST_10 : Operation 355 [1/1] (3.29ns)   --->   "%mul_ln16_21 = mul i16 %sext_ln16_26, i16 %sext_ln16_2" [matrix_mult.cpp:16]   --->   Operation 355 'mul' 'mul_ln16_21' <Predicate = true> <Delay = 3.29> <CoreInst = "Multiplier">   --->   Core 3 'Multiplier' <Latency = 0> <II = 1> <Delay = 3.29> <FuncUnit> <Opcode : 'mul'> <InPorts = 2> <OutPorts = 1>
ST_10 : Operation 356 [2/3] (1.09ns) (grouped into DSP with root node add_ln16_20)   --->   "%mul_ln16_25 = mul i16 %sext_ln16_30, i16 %sext_ln16_1" [matrix_mult.cpp:16]   --->   Operation 356 'mul' 'mul_ln16_25' <Predicate = true> <Delay = 1.09> <CoreInst = "DSP48">   --->   Core 116 'DSP48' <Latency = 3> <II = 1> <Delay = 1.82> <IPBlock> <Opcode : '' 'add' 'sub' 'mul' 'select'> <InPorts = 0> <OutPorts = 1> <Sync> <CReg>
ST_10 : Operation 357 [1/1] (0.00ns)   --->   "%sext_ln16_31 = sext i8 %tmp_23" [matrix_mult.cpp:16]   --->   Operation 357 'sext' 'sext_ln16_31' <Predicate = true> <Delay = 0.00>
ST_10 : Operation 358 [1/1] (3.29ns)   --->   "%mul_ln16_26 = mul i16 %sext_ln16_31, i16 %sext_ln16_3" [matrix_mult.cpp:16]   --->   Operation 358 'mul' 'mul_ln16_26' <Predicate = true> <Delay = 3.29> <CoreInst = "Multiplier">   --->   Core 3 'Multiplier' <Latency = 0> <II = 1> <Delay = 3.29> <FuncUnit> <Opcode : 'mul'> <InPorts = 2> <OutPorts = 1>
ST_10 : Operation 359 [2/3] (1.09ns) (grouped into DSP with root node add_ln16_24)   --->   "%mul_ln16_30 = mul i16 %sext_ln16_30, i16 %sext_ln16_10" [matrix_mult.cpp:16]   --->   Operation 359 'mul' 'mul_ln16_30' <Predicate = true> <Delay = 1.09> <CoreInst = "DSP48">   --->   Core 116 'DSP48' <Latency = 3> <II = 1> <Delay = 1.82> <IPBlock> <Opcode : '' 'add' 'sub' 'mul' 'select'> <InPorts = 0> <OutPorts = 1> <Sync> <CReg>
ST_10 : Operation 360 [1/1] (3.29ns)   --->   "%mul_ln16_31 = mul i16 %sext_ln16_31, i16 %sext_ln16_11" [matrix_mult.cpp:16]   --->   Operation 360 'mul' 'mul_ln16_31' <Predicate = true> <Delay = 3.29> <CoreInst = "Multiplier">   --->   Core 3 'Multiplier' <Latency = 0> <II = 1> <Delay = 3.29> <FuncUnit> <Opcode : 'mul'> <InPorts = 2> <OutPorts = 1>
ST_10 : Operation 361 [1/2] (1.78ns) (root node of the DSP)   --->   "%add_ln16_26 = add i16 %add_ln16_25, i16 %mul_ln16_32" [matrix_mult.cpp:16]   --->   Operation 361 'add' 'add_ln16_26' <Predicate = true> <Delay = 1.78> <CoreInst = "DSP48">   --->   Core 116 'DSP48' <Latency = 3> <II = 1> <Delay = 1.82> <IPBlock> <Opcode : '' 'add' 'sub' 'mul' 'select'> <InPorts = 0> <OutPorts = 1> <Sync> <CReg>
ST_10 : Operation 362 [3/3] (1.09ns) (grouped into DSP with root node add_ln16_28)   --->   "%mul_ln16_35 = mul i16 %sext_ln16_30, i16 %sext_ln16_15" [matrix_mult.cpp:16]   --->   Operation 362 'mul' 'mul_ln16_35' <Predicate = true> <Delay = 1.09> <CoreInst = "DSP48">   --->   Core 116 'DSP48' <Latency = 3> <II = 1> <Delay = 1.82> <IPBlock> <Opcode : '' 'add' 'sub' 'mul' 'select'> <InPorts = 0> <OutPorts = 1> <Sync> <CReg>
ST_10 : Operation 363 [1/2] (1.78ns) (root node of the DSP)   --->   "%add_ln16_30 = add i16 %add_ln16_29, i16 %mul_ln16_37" [matrix_mult.cpp:16]   --->   Operation 363 'add' 'add_ln16_30' <Predicate = true> <Delay = 1.78> <CoreInst = "DSP48">   --->   Core 116 'DSP48' <Latency = 3> <II = 1> <Delay = 1.82> <IPBlock> <Opcode : '' 'add' 'sub' 'mul' 'select'> <InPorts = 0> <OutPorts = 1> <Sync> <CReg>
ST_10 : Operation 364 [3/3] (1.09ns) (grouped into DSP with root node add_ln16_32)   --->   "%mul_ln16_40 = mul i16 %sext_ln16_30, i16 %sext_ln16_20" [matrix_mult.cpp:16]   --->   Operation 364 'mul' 'mul_ln16_40' <Predicate = true> <Delay = 1.09> <CoreInst = "DSP48">   --->   Core 116 'DSP48' <Latency = 3> <II = 1> <Delay = 1.82> <IPBlock> <Opcode : '' 'add' 'sub' 'mul' 'select'> <InPorts = 0> <OutPorts = 1> <Sync> <CReg>
ST_10 : Operation 365 [1/3] (0.00ns) (grouped into DSP with root node add_ln16_34)   --->   "%mul_ln16_42 = mul i16 %sext_ln16_32, i16 %sext_ln16_22" [matrix_mult.cpp:16]   --->   Operation 365 'mul' 'mul_ln16_42' <Predicate = true> <Delay = 0.00> <CoreInst = "DSP48">   --->   Core 116 'DSP48' <Latency = 3> <II = 1> <Delay = 1.82> <IPBlock> <Opcode : '' 'add' 'sub' 'mul' 'select'> <InPorts = 0> <OutPorts = 1> <Sync> <CReg>
ST_10 : Operation 366 [2/2] (1.78ns) (root node of the DSP)   --->   "%add_ln16_34 = add i16 %add_ln16_33, i16 %mul_ln16_42" [matrix_mult.cpp:16]   --->   Operation 366 'add' 'add_ln16_34' <Predicate = true> <Delay = 1.78> <CoreInst = "DSP48">   --->   Core 116 'DSP48' <Latency = 3> <II = 1> <Delay = 1.82> <IPBlock> <Opcode : '' 'add' 'sub' 'mul' 'select'> <InPorts = 0> <OutPorts = 1> <Sync> <CReg>
ST_10 : Operation 367 [3/3] (1.09ns) (grouped into DSP with root node add_ln16_36)   --->   "%mul_ln16_45 = mul i16 %sext_ln16_30, i16 %sext_ln16_25" [matrix_mult.cpp:16]   --->   Operation 367 'mul' 'mul_ln16_45' <Predicate = true> <Delay = 1.09> <CoreInst = "DSP48">   --->   Core 116 'DSP48' <Latency = 3> <II = 1> <Delay = 1.82> <IPBlock> <Opcode : '' 'add' 'sub' 'mul' 'select'> <InPorts = 0> <OutPorts = 1> <Sync> <CReg>
ST_10 : Operation 368 [1/3] (0.00ns) (grouped into DSP with root node add_ln16_38)   --->   "%mul_ln16_47 = mul i16 %sext_ln16_32, i16 %sext_ln16_27" [matrix_mult.cpp:16]   --->   Operation 368 'mul' 'mul_ln16_47' <Predicate = true> <Delay = 0.00> <CoreInst = "DSP48">   --->   Core 116 'DSP48' <Latency = 3> <II = 1> <Delay = 1.82> <IPBlock> <Opcode : '' 'add' 'sub' 'mul' 'select'> <InPorts = 0> <OutPorts = 1> <Sync> <CReg>
ST_10 : Operation 369 [2/2] (1.78ns) (root node of the DSP)   --->   "%add_ln16_38 = add i16 %add_ln16_37, i16 %mul_ln16_47" [matrix_mult.cpp:16]   --->   Operation 369 'add' 'add_ln16_38' <Predicate = true> <Delay = 1.78> <CoreInst = "DSP48">   --->   Core 116 'DSP48' <Latency = 3> <II = 1> <Delay = 1.82> <IPBlock> <Opcode : '' 'add' 'sub' 'mul' 'select'> <InPorts = 0> <OutPorts = 1> <Sync> <CReg>
ST_10 : Operation 370 [1/1] (0.00ns)   --->   "%sext_ln16_35 = sext i8 %trunc_ln16_7" [matrix_mult.cpp:16]   --->   Operation 370 'sext' 'sext_ln16_35' <Predicate = true> <Delay = 0.00>
ST_10 : Operation 371 [3/3] (1.09ns) (grouped into DSP with root node add_ln16_40)   --->   "%mul_ln16_50 = mul i16 %sext_ln16_35, i16 %sext_ln16_1" [matrix_mult.cpp:16]   --->   Operation 371 'mul' 'mul_ln16_50' <Predicate = true> <Delay = 1.09> <CoreInst = "DSP48">   --->   Core 116 'DSP48' <Latency = 3> <II = 1> <Delay = 1.82> <IPBlock> <Opcode : '' 'add' 'sub' 'mul' 'select'> <InPorts = 0> <OutPorts = 1> <Sync> <CReg>
ST_10 : Operation 372 [2/3] (1.09ns) (grouped into DSP with root node add_ln16_42)   --->   "%mul_ln16_52 = mul i16 %sext_ln16_37, i16 %sext_ln16_5" [matrix_mult.cpp:16]   --->   Operation 372 'mul' 'mul_ln16_52' <Predicate = true> <Delay = 1.09> <CoreInst = "DSP48">   --->   Core 116 'DSP48' <Latency = 3> <II = 1> <Delay = 1.82> <IPBlock> <Opcode : '' 'add' 'sub' 'mul' 'select'> <InPorts = 0> <OutPorts = 1> <Sync> <CReg>
ST_10 : Operation 373 [2/3] (1.09ns) (grouped into DSP with root node add_ln16_46)   --->   "%mul_ln16_57 = mul i16 %sext_ln16_37, i16 %sext_ln16_12" [matrix_mult.cpp:16]   --->   Operation 373 'mul' 'mul_ln16_57' <Predicate = true> <Delay = 1.09> <CoreInst = "DSP48">   --->   Core 116 'DSP48' <Latency = 3> <II = 1> <Delay = 1.82> <IPBlock> <Opcode : '' 'add' 'sub' 'mul' 'select'> <InPorts = 0> <OutPorts = 1> <Sync> <CReg>
ST_10 : Operation 374 [3/3] (1.09ns) (grouped into DSP with root node add_ln16_50)   --->   "%mul_ln16_62 = mul i16 %sext_ln16_37, i16 %sext_ln16_17" [matrix_mult.cpp:16]   --->   Operation 374 'mul' 'mul_ln16_62' <Predicate = true> <Delay = 1.09> <CoreInst = "DSP48">   --->   Core 116 'DSP48' <Latency = 3> <II = 1> <Delay = 1.82> <IPBlock> <Opcode : '' 'add' 'sub' 'mul' 'select'> <InPorts = 0> <OutPorts = 1> <Sync> <CReg>
ST_10 : Operation 375 [3/3] (1.09ns) (grouped into DSP with root node add_ln16_54)   --->   "%mul_ln16_67 = mul i16 %sext_ln16_37, i16 %sext_ln16_22" [matrix_mult.cpp:16]   --->   Operation 375 'mul' 'mul_ln16_67' <Predicate = true> <Delay = 1.09> <CoreInst = "DSP48">   --->   Core 116 'DSP48' <Latency = 3> <II = 1> <Delay = 1.82> <IPBlock> <Opcode : '' 'add' 'sub' 'mul' 'select'> <InPorts = 0> <OutPorts = 1> <Sync> <CReg>
ST_10 : Operation 376 [1/2] (1.78ns) (root node of the DSP)   --->   "%add_ln16_81 = add i16 %mul_ln16_103, i16 %mul_ln16_104" [matrix_mult.cpp:16]   --->   Operation 376 'add' 'add_ln16_81' <Predicate = true> <Delay = 1.78> <CoreInst = "DSP48">   --->   Core 116 'DSP48' <Latency = 3> <II = 1> <Delay = 1.82> <IPBlock> <Opcode : '' 'add' 'sub' 'mul' 'select'> <InPorts = 0> <OutPorts = 1> <Sync> <CReg>
ST_10 : Operation 377 [1/2] (1.78ns) (root node of the DSP)   --->   "%add_ln16_85 = add i16 %mul_ln16_108, i16 %mul_ln16_109" [matrix_mult.cpp:16]   --->   Operation 377 'add' 'add_ln16_85' <Predicate = true> <Delay = 1.78> <CoreInst = "DSP48">   --->   Core 116 'DSP48' <Latency = 3> <II = 1> <Delay = 1.82> <IPBlock> <Opcode : '' 'add' 'sub' 'mul' 'select'> <InPorts = 0> <OutPorts = 1> <Sync> <CReg>
ST_10 : Operation 378 [1/2] (1.78ns) (root node of the DSP)   --->   "%add_ln16_89 = add i16 %mul_ln16_113, i16 %mul_ln16_114" [matrix_mult.cpp:16]   --->   Operation 378 'add' 'add_ln16_89' <Predicate = true> <Delay = 1.78> <CoreInst = "DSP48">   --->   Core 116 'DSP48' <Latency = 3> <II = 1> <Delay = 1.82> <IPBlock> <Opcode : '' 'add' 'sub' 'mul' 'select'> <InPorts = 0> <OutPorts = 1> <Sync> <CReg>
ST_10 : Operation 379 [1/2] (1.78ns) (root node of the DSP)   --->   "%add_ln16_93 = add i16 %mul_ln16_118, i16 %mul_ln16_119" [matrix_mult.cpp:16]   --->   Operation 379 'add' 'add_ln16_93' <Predicate = true> <Delay = 1.78> <CoreInst = "DSP48">   --->   Core 116 'DSP48' <Latency = 3> <II = 1> <Delay = 1.82> <IPBlock> <Opcode : '' 'add' 'sub' 'mul' 'select'> <InPorts = 0> <OutPorts = 1> <Sync> <CReg>
ST_10 : Operation 380 [1/3] (0.00ns) (grouped into DSP with root node add_ln16_97)   --->   "%mul_ln16_124 = mul i16 %sext_ln16_49, i16 %sext_ln16_29" [matrix_mult.cpp:16]   --->   Operation 380 'mul' 'mul_ln16_124' <Predicate = true> <Delay = 0.00> <CoreInst = "DSP48">   --->   Core 116 'DSP48' <Latency = 3> <II = 1> <Delay = 1.82> <IPBlock> <Opcode : '' 'add' 'sub' 'mul' 'select'> <InPorts = 0> <OutPorts = 1> <Sync> <CReg>
ST_10 : Operation 381 [2/2] (1.78ns) (root node of the DSP)   --->   "%add_ln16_97 = add i16 %mul_ln16_123, i16 %mul_ln16_124" [matrix_mult.cpp:16]   --->   Operation 381 'add' 'add_ln16_97' <Predicate = true> <Delay = 1.78> <CoreInst = "DSP48">   --->   Core 116 'DSP48' <Latency = 3> <II = 1> <Delay = 1.82> <IPBlock> <Opcode : '' 'add' 'sub' 'mul' 'select'> <InPorts = 0> <OutPorts = 1> <Sync> <CReg>

State 11 <SV = 10> <Delay = 3.29>
ST_11 : Operation 382 [1/2] (1.78ns) (root node of the DSP)   --->   "%add_ln16 = add i16 %mul_ln16_1, i16 %mul_ln16" [matrix_mult.cpp:16]   --->   Operation 382 'add' 'add_ln16' <Predicate = true> <Delay = 1.78> <CoreInst = "DSP48">   --->   Core 116 'DSP48' <Latency = 3> <II = 1> <Delay = 1.82> <IPBlock> <Opcode : '' 'add' 'sub' 'mul' 'select'> <InPorts = 0> <OutPorts = 1> <Sync> <CReg>
ST_11 : Operation 383 [1/1] (1.48ns)   --->   "%add_ln16_3 = add i16 %add_ln16_2, i16 %add_ln16" [matrix_mult.cpp:16]   --->   Operation 383 'add' 'add_ln16_3' <Predicate = true> <Delay = 1.48> <CoreInst = "Adder">   --->   Core 1 'Adder' <Latency = 0> <II = 1> <Delay = 1.48> <FuncUnit> <Opcode : 'add' 'sub'> <InPorts = 2> <OutPorts = 1>
ST_11 : Operation 384 [1/2] (1.78ns) (root node of the DSP)   --->   "%add_ln16_4 = add i16 %mul_ln16_6, i16 %mul_ln16_5" [matrix_mult.cpp:16]   --->   Operation 384 'add' 'add_ln16_4' <Predicate = true> <Delay = 1.78> <CoreInst = "DSP48">   --->   Core 116 'DSP48' <Latency = 3> <II = 1> <Delay = 1.82> <IPBlock> <Opcode : '' 'add' 'sub' 'mul' 'select'> <InPorts = 0> <OutPorts = 1> <Sync> <CReg>
ST_11 : Operation 385 [1/1] (1.48ns)   --->   "%add_ln16_7 = add i16 %add_ln16_6, i16 %add_ln16_4" [matrix_mult.cpp:16]   --->   Operation 385 'add' 'add_ln16_7' <Predicate = true> <Delay = 1.48> <CoreInst = "Adder">   --->   Core 1 'Adder' <Latency = 0> <II = 1> <Delay = 1.48> <FuncUnit> <Opcode : 'add' 'sub'> <InPorts = 2> <OutPorts = 1>
ST_11 : Operation 386 [1/2] (1.78ns) (root node of the DSP)   --->   "%add_ln16_8 = add i16 %mul_ln16_11, i16 %mul_ln16_10" [matrix_mult.cpp:16]   --->   Operation 386 'add' 'add_ln16_8' <Predicate = true> <Delay = 1.78> <CoreInst = "DSP48">   --->   Core 116 'DSP48' <Latency = 3> <II = 1> <Delay = 1.82> <IPBlock> <Opcode : '' 'add' 'sub' 'mul' 'select'> <InPorts = 0> <OutPorts = 1> <Sync> <CReg>
ST_11 : Operation 387 [1/1] (1.48ns)   --->   "%add_ln16_11 = add i16 %add_ln16_10, i16 %add_ln16_8" [matrix_mult.cpp:16]   --->   Operation 387 'add' 'add_ln16_11' <Predicate = true> <Delay = 1.48> <CoreInst = "Adder">   --->   Core 1 'Adder' <Latency = 0> <II = 1> <Delay = 1.48> <FuncUnit> <Opcode : 'add' 'sub'> <InPorts = 2> <OutPorts = 1>
ST_11 : Operation 388 [1/3] (0.00ns) (grouped into DSP with root node add_ln16_12)   --->   "%mul_ln16_15 = mul i16 %sext_ln16_20, i16 %sext_ln16" [matrix_mult.cpp:16]   --->   Operation 388 'mul' 'mul_ln16_15' <Predicate = true> <Delay = 0.00> <CoreInst = "DSP48">   --->   Core 116 'DSP48' <Latency = 3> <II = 1> <Delay = 1.82> <IPBlock> <Opcode : '' 'add' 'sub' 'mul' 'select'> <InPorts = 0> <OutPorts = 1> <Sync> <CReg>
ST_11 : Operation 389 [2/2] (1.78ns) (root node of the DSP)   --->   "%add_ln16_12 = add i16 %mul_ln16_16, i16 %mul_ln16_15" [matrix_mult.cpp:16]   --->   Operation 389 'add' 'add_ln16_12' <Predicate = true> <Delay = 1.78> <CoreInst = "DSP48">   --->   Core 116 'DSP48' <Latency = 3> <II = 1> <Delay = 1.82> <IPBlock> <Opcode : '' 'add' 'sub' 'mul' 'select'> <InPorts = 0> <OutPorts = 1> <Sync> <CReg>
ST_11 : Operation 390 [1/3] (0.00ns) (grouped into DSP with root node add_ln16_16)   --->   "%mul_ln16_20 = mul i16 %sext_ln16_25, i16 %sext_ln16" [matrix_mult.cpp:16]   --->   Operation 390 'mul' 'mul_ln16_20' <Predicate = true> <Delay = 0.00> <CoreInst = "DSP48">   --->   Core 116 'DSP48' <Latency = 3> <II = 1> <Delay = 1.82> <IPBlock> <Opcode : '' 'add' 'sub' 'mul' 'select'> <InPorts = 0> <OutPorts = 1> <Sync> <CReg>
ST_11 : Operation 391 [2/2] (1.78ns) (root node of the DSP)   --->   "%add_ln16_16 = add i16 %mul_ln16_21, i16 %mul_ln16_20" [matrix_mult.cpp:16]   --->   Operation 391 'add' 'add_ln16_16' <Predicate = true> <Delay = 1.78> <CoreInst = "DSP48">   --->   Core 116 'DSP48' <Latency = 3> <II = 1> <Delay = 1.82> <IPBlock> <Opcode : '' 'add' 'sub' 'mul' 'select'> <InPorts = 0> <OutPorts = 1> <Sync> <CReg>
ST_11 : Operation 392 [1/3] (0.00ns) (grouped into DSP with root node add_ln16_20)   --->   "%mul_ln16_25 = mul i16 %sext_ln16_30, i16 %sext_ln16_1" [matrix_mult.cpp:16]   --->   Operation 392 'mul' 'mul_ln16_25' <Predicate = true> <Delay = 0.00> <CoreInst = "DSP48">   --->   Core 116 'DSP48' <Latency = 3> <II = 1> <Delay = 1.82> <IPBlock> <Opcode : '' 'add' 'sub' 'mul' 'select'> <InPorts = 0> <OutPorts = 1> <Sync> <CReg>
ST_11 : Operation 393 [2/2] (1.78ns) (root node of the DSP)   --->   "%add_ln16_20 = add i16 %mul_ln16_26, i16 %mul_ln16_25" [matrix_mult.cpp:16]   --->   Operation 393 'add' 'add_ln16_20' <Predicate = true> <Delay = 1.78> <CoreInst = "DSP48">   --->   Core 116 'DSP48' <Latency = 3> <II = 1> <Delay = 1.82> <IPBlock> <Opcode : '' 'add' 'sub' 'mul' 'select'> <InPorts = 0> <OutPorts = 1> <Sync> <CReg>
ST_11 : Operation 394 [1/3] (0.00ns) (grouped into DSP with root node add_ln16_24)   --->   "%mul_ln16_30 = mul i16 %sext_ln16_30, i16 %sext_ln16_10" [matrix_mult.cpp:16]   --->   Operation 394 'mul' 'mul_ln16_30' <Predicate = true> <Delay = 0.00> <CoreInst = "DSP48">   --->   Core 116 'DSP48' <Latency = 3> <II = 1> <Delay = 1.82> <IPBlock> <Opcode : '' 'add' 'sub' 'mul' 'select'> <InPorts = 0> <OutPorts = 1> <Sync> <CReg>
ST_11 : Operation 395 [2/2] (1.78ns) (root node of the DSP)   --->   "%add_ln16_24 = add i16 %mul_ln16_31, i16 %mul_ln16_30" [matrix_mult.cpp:16]   --->   Operation 395 'add' 'add_ln16_24' <Predicate = true> <Delay = 1.78> <CoreInst = "DSP48">   --->   Core 116 'DSP48' <Latency = 3> <II = 1> <Delay = 1.82> <IPBlock> <Opcode : '' 'add' 'sub' 'mul' 'select'> <InPorts = 0> <OutPorts = 1> <Sync> <CReg>
ST_11 : Operation 396 [2/3] (1.09ns) (grouped into DSP with root node add_ln16_28)   --->   "%mul_ln16_35 = mul i16 %sext_ln16_30, i16 %sext_ln16_15" [matrix_mult.cpp:16]   --->   Operation 396 'mul' 'mul_ln16_35' <Predicate = true> <Delay = 1.09> <CoreInst = "DSP48">   --->   Core 116 'DSP48' <Latency = 3> <II = 1> <Delay = 1.82> <IPBlock> <Opcode : '' 'add' 'sub' 'mul' 'select'> <InPorts = 0> <OutPorts = 1> <Sync> <CReg>
ST_11 : Operation 397 [1/1] (3.29ns)   --->   "%mul_ln16_36 = mul i16 %sext_ln16_31, i16 %sext_ln16_16" [matrix_mult.cpp:16]   --->   Operation 397 'mul' 'mul_ln16_36' <Predicate = true> <Delay = 3.29> <CoreInst = "Multiplier">   --->   Core 3 'Multiplier' <Latency = 0> <II = 1> <Delay = 3.29> <FuncUnit> <Opcode : 'mul'> <InPorts = 2> <OutPorts = 1>
ST_11 : Operation 398 [2/3] (1.09ns) (grouped into DSP with root node add_ln16_32)   --->   "%mul_ln16_40 = mul i16 %sext_ln16_30, i16 %sext_ln16_20" [matrix_mult.cpp:16]   --->   Operation 398 'mul' 'mul_ln16_40' <Predicate = true> <Delay = 1.09> <CoreInst = "DSP48">   --->   Core 116 'DSP48' <Latency = 3> <II = 1> <Delay = 1.82> <IPBlock> <Opcode : '' 'add' 'sub' 'mul' 'select'> <InPorts = 0> <OutPorts = 1> <Sync> <CReg>
ST_11 : Operation 399 [1/1] (3.29ns)   --->   "%mul_ln16_41 = mul i16 %sext_ln16_31, i16 %sext_ln16_21" [matrix_mult.cpp:16]   --->   Operation 399 'mul' 'mul_ln16_41' <Predicate = true> <Delay = 3.29> <CoreInst = "Multiplier">   --->   Core 3 'Multiplier' <Latency = 0> <II = 1> <Delay = 3.29> <FuncUnit> <Opcode : 'mul'> <InPorts = 2> <OutPorts = 1>
ST_11 : Operation 400 [1/2] (1.78ns) (root node of the DSP)   --->   "%add_ln16_34 = add i16 %add_ln16_33, i16 %mul_ln16_42" [matrix_mult.cpp:16]   --->   Operation 400 'add' 'add_ln16_34' <Predicate = true> <Delay = 1.78> <CoreInst = "DSP48">   --->   Core 116 'DSP48' <Latency = 3> <II = 1> <Delay = 1.82> <IPBlock> <Opcode : '' 'add' 'sub' 'mul' 'select'> <InPorts = 0> <OutPorts = 1> <Sync> <CReg>
ST_11 : Operation 401 [2/3] (1.09ns) (grouped into DSP with root node add_ln16_36)   --->   "%mul_ln16_45 = mul i16 %sext_ln16_30, i16 %sext_ln16_25" [matrix_mult.cpp:16]   --->   Operation 401 'mul' 'mul_ln16_45' <Predicate = true> <Delay = 1.09> <CoreInst = "DSP48">   --->   Core 116 'DSP48' <Latency = 3> <II = 1> <Delay = 1.82> <IPBlock> <Opcode : '' 'add' 'sub' 'mul' 'select'> <InPorts = 0> <OutPorts = 1> <Sync> <CReg>
ST_11 : Operation 402 [1/1] (3.29ns)   --->   "%mul_ln16_46 = mul i16 %sext_ln16_31, i16 %sext_ln16_26" [matrix_mult.cpp:16]   --->   Operation 402 'mul' 'mul_ln16_46' <Predicate = true> <Delay = 3.29> <CoreInst = "Multiplier">   --->   Core 3 'Multiplier' <Latency = 0> <II = 1> <Delay = 3.29> <FuncUnit> <Opcode : 'mul'> <InPorts = 2> <OutPorts = 1>
ST_11 : Operation 403 [1/2] (1.78ns) (root node of the DSP)   --->   "%add_ln16_38 = add i16 %add_ln16_37, i16 %mul_ln16_47" [matrix_mult.cpp:16]   --->   Operation 403 'add' 'add_ln16_38' <Predicate = true> <Delay = 1.78> <CoreInst = "DSP48">   --->   Core 116 'DSP48' <Latency = 3> <II = 1> <Delay = 1.82> <IPBlock> <Opcode : '' 'add' 'sub' 'mul' 'select'> <InPorts = 0> <OutPorts = 1> <Sync> <CReg>
ST_11 : Operation 404 [2/3] (1.09ns) (grouped into DSP with root node add_ln16_40)   --->   "%mul_ln16_50 = mul i16 %sext_ln16_35, i16 %sext_ln16_1" [matrix_mult.cpp:16]   --->   Operation 404 'mul' 'mul_ln16_50' <Predicate = true> <Delay = 1.09> <CoreInst = "DSP48">   --->   Core 116 'DSP48' <Latency = 3> <II = 1> <Delay = 1.82> <IPBlock> <Opcode : '' 'add' 'sub' 'mul' 'select'> <InPorts = 0> <OutPorts = 1> <Sync> <CReg>
ST_11 : Operation 405 [1/1] (0.00ns)   --->   "%sext_ln16_36 = sext i8 %tmp_27" [matrix_mult.cpp:16]   --->   Operation 405 'sext' 'sext_ln16_36' <Predicate = true> <Delay = 0.00>
ST_11 : Operation 406 [1/1] (3.29ns)   --->   "%mul_ln16_51 = mul i16 %sext_ln16_36, i16 %sext_ln16_3" [matrix_mult.cpp:16]   --->   Operation 406 'mul' 'mul_ln16_51' <Predicate = true> <Delay = 3.29> <CoreInst = "Multiplier">   --->   Core 3 'Multiplier' <Latency = 0> <II = 1> <Delay = 3.29> <FuncUnit> <Opcode : 'mul'> <InPorts = 2> <OutPorts = 1>
ST_11 : Operation 407 [1/3] (0.00ns) (grouped into DSP with root node add_ln16_42)   --->   "%mul_ln16_52 = mul i16 %sext_ln16_37, i16 %sext_ln16_5" [matrix_mult.cpp:16]   --->   Operation 407 'mul' 'mul_ln16_52' <Predicate = true> <Delay = 0.00> <CoreInst = "DSP48">   --->   Core 116 'DSP48' <Latency = 3> <II = 1> <Delay = 1.82> <IPBlock> <Opcode : '' 'add' 'sub' 'mul' 'select'> <InPorts = 0> <OutPorts = 1> <Sync> <CReg>
ST_11 : Operation 408 [2/2] (1.78ns) (root node of the DSP)   --->   "%add_ln16_42 = add i16 %add_ln16_41, i16 %mul_ln16_52" [matrix_mult.cpp:16]   --->   Operation 408 'add' 'add_ln16_42' <Predicate = true> <Delay = 1.78> <CoreInst = "DSP48">   --->   Core 116 'DSP48' <Latency = 3> <II = 1> <Delay = 1.82> <IPBlock> <Opcode : '' 'add' 'sub' 'mul' 'select'> <InPorts = 0> <OutPorts = 1> <Sync> <CReg>
ST_11 : Operation 409 [3/3] (1.09ns) (grouped into DSP with root node add_ln16_44)   --->   "%mul_ln16_55 = mul i16 %sext_ln16_35, i16 %sext_ln16_10" [matrix_mult.cpp:16]   --->   Operation 409 'mul' 'mul_ln16_55' <Predicate = true> <Delay = 1.09> <CoreInst = "DSP48">   --->   Core 116 'DSP48' <Latency = 3> <II = 1> <Delay = 1.82> <IPBlock> <Opcode : '' 'add' 'sub' 'mul' 'select'> <InPorts = 0> <OutPorts = 1> <Sync> <CReg>
ST_11 : Operation 410 [1/3] (0.00ns) (grouped into DSP with root node add_ln16_46)   --->   "%mul_ln16_57 = mul i16 %sext_ln16_37, i16 %sext_ln16_12" [matrix_mult.cpp:16]   --->   Operation 410 'mul' 'mul_ln16_57' <Predicate = true> <Delay = 0.00> <CoreInst = "DSP48">   --->   Core 116 'DSP48' <Latency = 3> <II = 1> <Delay = 1.82> <IPBlock> <Opcode : '' 'add' 'sub' 'mul' 'select'> <InPorts = 0> <OutPorts = 1> <Sync> <CReg>
ST_11 : Operation 411 [2/2] (1.78ns) (root node of the DSP)   --->   "%add_ln16_46 = add i16 %add_ln16_45, i16 %mul_ln16_57" [matrix_mult.cpp:16]   --->   Operation 411 'add' 'add_ln16_46' <Predicate = true> <Delay = 1.78> <CoreInst = "DSP48">   --->   Core 116 'DSP48' <Latency = 3> <II = 1> <Delay = 1.82> <IPBlock> <Opcode : '' 'add' 'sub' 'mul' 'select'> <InPorts = 0> <OutPorts = 1> <Sync> <CReg>
ST_11 : Operation 412 [3/3] (1.09ns) (grouped into DSP with root node add_ln16_48)   --->   "%mul_ln16_60 = mul i16 %sext_ln16_35, i16 %sext_ln16_15" [matrix_mult.cpp:16]   --->   Operation 412 'mul' 'mul_ln16_60' <Predicate = true> <Delay = 1.09> <CoreInst = "DSP48">   --->   Core 116 'DSP48' <Latency = 3> <II = 1> <Delay = 1.82> <IPBlock> <Opcode : '' 'add' 'sub' 'mul' 'select'> <InPorts = 0> <OutPorts = 1> <Sync> <CReg>
ST_11 : Operation 413 [2/3] (1.09ns) (grouped into DSP with root node add_ln16_50)   --->   "%mul_ln16_62 = mul i16 %sext_ln16_37, i16 %sext_ln16_17" [matrix_mult.cpp:16]   --->   Operation 413 'mul' 'mul_ln16_62' <Predicate = true> <Delay = 1.09> <CoreInst = "DSP48">   --->   Core 116 'DSP48' <Latency = 3> <II = 1> <Delay = 1.82> <IPBlock> <Opcode : '' 'add' 'sub' 'mul' 'select'> <InPorts = 0> <OutPorts = 1> <Sync> <CReg>
ST_11 : Operation 414 [3/3] (1.09ns) (grouped into DSP with root node add_ln16_52)   --->   "%mul_ln16_65 = mul i16 %sext_ln16_35, i16 %sext_ln16_20" [matrix_mult.cpp:16]   --->   Operation 414 'mul' 'mul_ln16_65' <Predicate = true> <Delay = 1.09> <CoreInst = "DSP48">   --->   Core 116 'DSP48' <Latency = 3> <II = 1> <Delay = 1.82> <IPBlock> <Opcode : '' 'add' 'sub' 'mul' 'select'> <InPorts = 0> <OutPorts = 1> <Sync> <CReg>
ST_11 : Operation 415 [2/3] (1.09ns) (grouped into DSP with root node add_ln16_54)   --->   "%mul_ln16_67 = mul i16 %sext_ln16_37, i16 %sext_ln16_22" [matrix_mult.cpp:16]   --->   Operation 415 'mul' 'mul_ln16_67' <Predicate = true> <Delay = 1.09> <CoreInst = "DSP48">   --->   Core 116 'DSP48' <Latency = 3> <II = 1> <Delay = 1.82> <IPBlock> <Opcode : '' 'add' 'sub' 'mul' 'select'> <InPorts = 0> <OutPorts = 1> <Sync> <CReg>
ST_11 : Operation 416 [3/3] (1.09ns) (grouped into DSP with root node add_ln16_56)   --->   "%mul_ln16_70 = mul i16 %sext_ln16_35, i16 %sext_ln16_25" [matrix_mult.cpp:16]   --->   Operation 416 'mul' 'mul_ln16_70' <Predicate = true> <Delay = 1.09> <CoreInst = "DSP48">   --->   Core 116 'DSP48' <Latency = 3> <II = 1> <Delay = 1.82> <IPBlock> <Opcode : '' 'add' 'sub' 'mul' 'select'> <InPorts = 0> <OutPorts = 1> <Sync> <CReg>
ST_11 : Operation 417 [3/3] (1.09ns) (grouped into DSP with root node add_ln16_58)   --->   "%mul_ln16_72 = mul i16 %sext_ln16_37, i16 %sext_ln16_27" [matrix_mult.cpp:16]   --->   Operation 417 'mul' 'mul_ln16_72' <Predicate = true> <Delay = 1.09> <CoreInst = "DSP48">   --->   Core 116 'DSP48' <Latency = 3> <II = 1> <Delay = 1.82> <IPBlock> <Opcode : '' 'add' 'sub' 'mul' 'select'> <InPorts = 0> <OutPorts = 1> <Sync> <CReg>
ST_11 : Operation 418 [1/1] (0.00ns)   --->   "%sext_ln16_42 = sext i8 %tmp_32" [matrix_mult.cpp:16]   --->   Operation 418 'sext' 'sext_ln16_42' <Predicate = true> <Delay = 0.00>
ST_11 : Operation 419 [3/3] (1.09ns) (grouped into DSP with root node add_ln16_62)   --->   "%mul_ln16_77 = mul i16 %sext_ln16_42, i16 %sext_ln16_5" [matrix_mult.cpp:16]   --->   Operation 419 'mul' 'mul_ln16_77' <Predicate = true> <Delay = 1.09> <CoreInst = "DSP48">   --->   Core 116 'DSP48' <Latency = 3> <II = 1> <Delay = 1.82> <IPBlock> <Opcode : '' 'add' 'sub' 'mul' 'select'> <InPorts = 0> <OutPorts = 1> <Sync> <CReg>
ST_11 : Operation 420 [1/2] (1.78ns) (root node of the DSP)   --->   "%add_ln16_97 = add i16 %mul_ln16_123, i16 %mul_ln16_124" [matrix_mult.cpp:16]   --->   Operation 420 'add' 'add_ln16_97' <Predicate = true> <Delay = 1.78> <CoreInst = "DSP48">   --->   Core 116 'DSP48' <Latency = 3> <II = 1> <Delay = 1.82> <IPBlock> <Opcode : '' 'add' 'sub' 'mul' 'select'> <InPorts = 0> <OutPorts = 1> <Sync> <CReg>

State 12 <SV = 11> <Delay = 3.29>
ST_12 : Operation 421 [1/1] (0.00ns)   --->   "%prod_addr = getelementptr i16 %prod, i64 0, i64 0" [matrix_mult.cpp:16]   --->   Operation 421 'getelementptr' 'prod_addr' <Predicate = true> <Delay = 0.00>
ST_12 : Operation 422 [1/1] (0.00ns)   --->   "%prod_addr_1 = getelementptr i16 %prod, i64 0, i64 1" [matrix_mult.cpp:16]   --->   Operation 422 'getelementptr' 'prod_addr_1' <Predicate = true> <Delay = 0.00>
ST_12 : Operation 423 [1/1] (1.42ns)   --->   "%store_ln16 = store i16 %add_ln16_3, i5 %prod_addr" [matrix_mult.cpp:16]   --->   Operation 423 'store' 'store_ln16' <Predicate = true> <Delay = 1.42> <CoreInst = "RAM">   --->   Core 81 'RAM' <Latency = 1> <II = 1> <Delay = 1.42> <Storage> <Opcode : 'load' 'store'> <Ports = 2> <Width = 16> <Depth = 25> <RAM>
ST_12 : Operation 424 [1/1] (1.42ns)   --->   "%store_ln16 = store i16 %add_ln16_7, i5 %prod_addr_1" [matrix_mult.cpp:16]   --->   Operation 424 'store' 'store_ln16' <Predicate = true> <Delay = 1.42> <CoreInst = "RAM">   --->   Core 81 'RAM' <Latency = 1> <II = 1> <Delay = 1.42> <Storage> <Opcode : 'load' 'store'> <Ports = 2> <Width = 16> <Depth = 25> <RAM>
ST_12 : Operation 425 [1/2] (1.78ns) (root node of the DSP)   --->   "%add_ln16_12 = add i16 %mul_ln16_16, i16 %mul_ln16_15" [matrix_mult.cpp:16]   --->   Operation 425 'add' 'add_ln16_12' <Predicate = true> <Delay = 1.78> <CoreInst = "DSP48">   --->   Core 116 'DSP48' <Latency = 3> <II = 1> <Delay = 1.82> <IPBlock> <Opcode : '' 'add' 'sub' 'mul' 'select'> <InPorts = 0> <OutPorts = 1> <Sync> <CReg>
ST_12 : Operation 426 [1/1] (1.48ns)   --->   "%add_ln16_15 = add i16 %add_ln16_14, i16 %add_ln16_12" [matrix_mult.cpp:16]   --->   Operation 426 'add' 'add_ln16_15' <Predicate = true> <Delay = 1.48> <CoreInst = "Adder">   --->   Core 1 'Adder' <Latency = 0> <II = 1> <Delay = 1.48> <FuncUnit> <Opcode : 'add' 'sub'> <InPorts = 2> <OutPorts = 1>
ST_12 : Operation 427 [1/2] (1.78ns) (root node of the DSP)   --->   "%add_ln16_16 = add i16 %mul_ln16_21, i16 %mul_ln16_20" [matrix_mult.cpp:16]   --->   Operation 427 'add' 'add_ln16_16' <Predicate = true> <Delay = 1.78> <CoreInst = "DSP48">   --->   Core 116 'DSP48' <Latency = 3> <II = 1> <Delay = 1.82> <IPBlock> <Opcode : '' 'add' 'sub' 'mul' 'select'> <InPorts = 0> <OutPorts = 1> <Sync> <CReg>
ST_12 : Operation 428 [1/1] (1.48ns)   --->   "%add_ln16_19 = add i16 %add_ln16_18, i16 %add_ln16_16" [matrix_mult.cpp:16]   --->   Operation 428 'add' 'add_ln16_19' <Predicate = true> <Delay = 1.48> <CoreInst = "Adder">   --->   Core 1 'Adder' <Latency = 0> <II = 1> <Delay = 1.48> <FuncUnit> <Opcode : 'add' 'sub'> <InPorts = 2> <OutPorts = 1>
ST_12 : Operation 429 [1/2] (1.78ns) (root node of the DSP)   --->   "%add_ln16_20 = add i16 %mul_ln16_26, i16 %mul_ln16_25" [matrix_mult.cpp:16]   --->   Operation 429 'add' 'add_ln16_20' <Predicate = true> <Delay = 1.78> <CoreInst = "DSP48">   --->   Core 116 'DSP48' <Latency = 3> <II = 1> <Delay = 1.82> <IPBlock> <Opcode : '' 'add' 'sub' 'mul' 'select'> <InPorts = 0> <OutPorts = 1> <Sync> <CReg>
ST_12 : Operation 430 [1/1] (1.48ns)   --->   "%add_ln16_23 = add i16 %add_ln16_22, i16 %add_ln16_20" [matrix_mult.cpp:16]   --->   Operation 430 'add' 'add_ln16_23' <Predicate = true> <Delay = 1.48> <CoreInst = "Adder">   --->   Core 1 'Adder' <Latency = 0> <II = 1> <Delay = 1.48> <FuncUnit> <Opcode : 'add' 'sub'> <InPorts = 2> <OutPorts = 1>
ST_12 : Operation 431 [1/2] (1.78ns) (root node of the DSP)   --->   "%add_ln16_24 = add i16 %mul_ln16_31, i16 %mul_ln16_30" [matrix_mult.cpp:16]   --->   Operation 431 'add' 'add_ln16_24' <Predicate = true> <Delay = 1.78> <CoreInst = "DSP48">   --->   Core 116 'DSP48' <Latency = 3> <II = 1> <Delay = 1.82> <IPBlock> <Opcode : '' 'add' 'sub' 'mul' 'select'> <InPorts = 0> <OutPorts = 1> <Sync> <CReg>
ST_12 : Operation 432 [1/1] (1.48ns)   --->   "%add_ln16_27 = add i16 %add_ln16_26, i16 %add_ln16_24" [matrix_mult.cpp:16]   --->   Operation 432 'add' 'add_ln16_27' <Predicate = true> <Delay = 1.48> <CoreInst = "Adder">   --->   Core 1 'Adder' <Latency = 0> <II = 1> <Delay = 1.48> <FuncUnit> <Opcode : 'add' 'sub'> <InPorts = 2> <OutPorts = 1>
ST_12 : Operation 433 [1/3] (0.00ns) (grouped into DSP with root node add_ln16_28)   --->   "%mul_ln16_35 = mul i16 %sext_ln16_30, i16 %sext_ln16_15" [matrix_mult.cpp:16]   --->   Operation 433 'mul' 'mul_ln16_35' <Predicate = true> <Delay = 0.00> <CoreInst = "DSP48">   --->   Core 116 'DSP48' <Latency = 3> <II = 1> <Delay = 1.82> <IPBlock> <Opcode : '' 'add' 'sub' 'mul' 'select'> <InPorts = 0> <OutPorts = 1> <Sync> <CReg>
ST_12 : Operation 434 [2/2] (1.78ns) (root node of the DSP)   --->   "%add_ln16_28 = add i16 %mul_ln16_36, i16 %mul_ln16_35" [matrix_mult.cpp:16]   --->   Operation 434 'add' 'add_ln16_28' <Predicate = true> <Delay = 1.78> <CoreInst = "DSP48">   --->   Core 116 'DSP48' <Latency = 3> <II = 1> <Delay = 1.82> <IPBlock> <Opcode : '' 'add' 'sub' 'mul' 'select'> <InPorts = 0> <OutPorts = 1> <Sync> <CReg>
ST_12 : Operation 435 [1/3] (0.00ns) (grouped into DSP with root node add_ln16_32)   --->   "%mul_ln16_40 = mul i16 %sext_ln16_30, i16 %sext_ln16_20" [matrix_mult.cpp:16]   --->   Operation 435 'mul' 'mul_ln16_40' <Predicate = true> <Delay = 0.00> <CoreInst = "DSP48">   --->   Core 116 'DSP48' <Latency = 3> <II = 1> <Delay = 1.82> <IPBlock> <Opcode : '' 'add' 'sub' 'mul' 'select'> <InPorts = 0> <OutPorts = 1> <Sync> <CReg>
ST_12 : Operation 436 [2/2] (1.78ns) (root node of the DSP)   --->   "%add_ln16_32 = add i16 %mul_ln16_41, i16 %mul_ln16_40" [matrix_mult.cpp:16]   --->   Operation 436 'add' 'add_ln16_32' <Predicate = true> <Delay = 1.78> <CoreInst = "DSP48">   --->   Core 116 'DSP48' <Latency = 3> <II = 1> <Delay = 1.82> <IPBlock> <Opcode : '' 'add' 'sub' 'mul' 'select'> <InPorts = 0> <OutPorts = 1> <Sync> <CReg>
ST_12 : Operation 437 [1/3] (0.00ns) (grouped into DSP with root node add_ln16_36)   --->   "%mul_ln16_45 = mul i16 %sext_ln16_30, i16 %sext_ln16_25" [matrix_mult.cpp:16]   --->   Operation 437 'mul' 'mul_ln16_45' <Predicate = true> <Delay = 0.00> <CoreInst = "DSP48">   --->   Core 116 'DSP48' <Latency = 3> <II = 1> <Delay = 1.82> <IPBlock> <Opcode : '' 'add' 'sub' 'mul' 'select'> <InPorts = 0> <OutPorts = 1> <Sync> <CReg>
ST_12 : Operation 438 [2/2] (1.78ns) (root node of the DSP)   --->   "%add_ln16_36 = add i16 %mul_ln16_46, i16 %mul_ln16_45" [matrix_mult.cpp:16]   --->   Operation 438 'add' 'add_ln16_36' <Predicate = true> <Delay = 1.78> <CoreInst = "DSP48">   --->   Core 116 'DSP48' <Latency = 3> <II = 1> <Delay = 1.82> <IPBlock> <Opcode : '' 'add' 'sub' 'mul' 'select'> <InPorts = 0> <OutPorts = 1> <Sync> <CReg>
ST_12 : Operation 439 [1/3] (0.00ns) (grouped into DSP with root node add_ln16_40)   --->   "%mul_ln16_50 = mul i16 %sext_ln16_35, i16 %sext_ln16_1" [matrix_mult.cpp:16]   --->   Operation 439 'mul' 'mul_ln16_50' <Predicate = true> <Delay = 0.00> <CoreInst = "DSP48">   --->   Core 116 'DSP48' <Latency = 3> <II = 1> <Delay = 1.82> <IPBlock> <Opcode : '' 'add' 'sub' 'mul' 'select'> <InPorts = 0> <OutPorts = 1> <Sync> <CReg>
ST_12 : Operation 440 [2/2] (1.78ns) (root node of the DSP)   --->   "%add_ln16_40 = add i16 %mul_ln16_51, i16 %mul_ln16_50" [matrix_mult.cpp:16]   --->   Operation 440 'add' 'add_ln16_40' <Predicate = true> <Delay = 1.78> <CoreInst = "DSP48">   --->   Core 116 'DSP48' <Latency = 3> <II = 1> <Delay = 1.82> <IPBlock> <Opcode : '' 'add' 'sub' 'mul' 'select'> <InPorts = 0> <OutPorts = 1> <Sync> <CReg>
ST_12 : Operation 441 [1/2] (1.78ns) (root node of the DSP)   --->   "%add_ln16_42 = add i16 %add_ln16_41, i16 %mul_ln16_52" [matrix_mult.cpp:16]   --->   Operation 441 'add' 'add_ln16_42' <Predicate = true> <Delay = 1.78> <CoreInst = "DSP48">   --->   Core 116 'DSP48' <Latency = 3> <II = 1> <Delay = 1.82> <IPBlock> <Opcode : '' 'add' 'sub' 'mul' 'select'> <InPorts = 0> <OutPorts = 1> <Sync> <CReg>
ST_12 : Operation 442 [2/3] (1.09ns) (grouped into DSP with root node add_ln16_44)   --->   "%mul_ln16_55 = mul i16 %sext_ln16_35, i16 %sext_ln16_10" [matrix_mult.cpp:16]   --->   Operation 442 'mul' 'mul_ln16_55' <Predicate = true> <Delay = 1.09> <CoreInst = "DSP48">   --->   Core 116 'DSP48' <Latency = 3> <II = 1> <Delay = 1.82> <IPBlock> <Opcode : '' 'add' 'sub' 'mul' 'select'> <InPorts = 0> <OutPorts = 1> <Sync> <CReg>
ST_12 : Operation 443 [1/1] (3.29ns)   --->   "%mul_ln16_56 = mul i16 %sext_ln16_36, i16 %sext_ln16_11" [matrix_mult.cpp:16]   --->   Operation 443 'mul' 'mul_ln16_56' <Predicate = true> <Delay = 3.29> <CoreInst = "Multiplier">   --->   Core 3 'Multiplier' <Latency = 0> <II = 1> <Delay = 3.29> <FuncUnit> <Opcode : 'mul'> <InPorts = 2> <OutPorts = 1>
ST_12 : Operation 444 [1/2] (1.78ns) (root node of the DSP)   --->   "%add_ln16_46 = add i16 %add_ln16_45, i16 %mul_ln16_57" [matrix_mult.cpp:16]   --->   Operation 444 'add' 'add_ln16_46' <Predicate = true> <Delay = 1.78> <CoreInst = "DSP48">   --->   Core 116 'DSP48' <Latency = 3> <II = 1> <Delay = 1.82> <IPBlock> <Opcode : '' 'add' 'sub' 'mul' 'select'> <InPorts = 0> <OutPorts = 1> <Sync> <CReg>
ST_12 : Operation 445 [2/3] (1.09ns) (grouped into DSP with root node add_ln16_48)   --->   "%mul_ln16_60 = mul i16 %sext_ln16_35, i16 %sext_ln16_15" [matrix_mult.cpp:16]   --->   Operation 445 'mul' 'mul_ln16_60' <Predicate = true> <Delay = 1.09> <CoreInst = "DSP48">   --->   Core 116 'DSP48' <Latency = 3> <II = 1> <Delay = 1.82> <IPBlock> <Opcode : '' 'add' 'sub' 'mul' 'select'> <InPorts = 0> <OutPorts = 1> <Sync> <CReg>
ST_12 : Operation 446 [1/1] (3.29ns)   --->   "%mul_ln16_61 = mul i16 %sext_ln16_36, i16 %sext_ln16_16" [matrix_mult.cpp:16]   --->   Operation 446 'mul' 'mul_ln16_61' <Predicate = true> <Delay = 3.29> <CoreInst = "Multiplier">   --->   Core 3 'Multiplier' <Latency = 0> <II = 1> <Delay = 3.29> <FuncUnit> <Opcode : 'mul'> <InPorts = 2> <OutPorts = 1>
ST_12 : Operation 447 [1/3] (0.00ns) (grouped into DSP with root node add_ln16_50)   --->   "%mul_ln16_62 = mul i16 %sext_ln16_37, i16 %sext_ln16_17" [matrix_mult.cpp:16]   --->   Operation 447 'mul' 'mul_ln16_62' <Predicate = true> <Delay = 0.00> <CoreInst = "DSP48">   --->   Core 116 'DSP48' <Latency = 3> <II = 1> <Delay = 1.82> <IPBlock> <Opcode : '' 'add' 'sub' 'mul' 'select'> <InPorts = 0> <OutPorts = 1> <Sync> <CReg>
ST_12 : Operation 448 [2/2] (1.78ns) (root node of the DSP)   --->   "%add_ln16_50 = add i16 %add_ln16_49, i16 %mul_ln16_62" [matrix_mult.cpp:16]   --->   Operation 448 'add' 'add_ln16_50' <Predicate = true> <Delay = 1.78> <CoreInst = "DSP48">   --->   Core 116 'DSP48' <Latency = 3> <II = 1> <Delay = 1.82> <IPBlock> <Opcode : '' 'add' 'sub' 'mul' 'select'> <InPorts = 0> <OutPorts = 1> <Sync> <CReg>
ST_12 : Operation 449 [2/3] (1.09ns) (grouped into DSP with root node add_ln16_52)   --->   "%mul_ln16_65 = mul i16 %sext_ln16_35, i16 %sext_ln16_20" [matrix_mult.cpp:16]   --->   Operation 449 'mul' 'mul_ln16_65' <Predicate = true> <Delay = 1.09> <CoreInst = "DSP48">   --->   Core 116 'DSP48' <Latency = 3> <II = 1> <Delay = 1.82> <IPBlock> <Opcode : '' 'add' 'sub' 'mul' 'select'> <InPorts = 0> <OutPorts = 1> <Sync> <CReg>
ST_12 : Operation 450 [1/1] (3.29ns)   --->   "%mul_ln16_66 = mul i16 %sext_ln16_36, i16 %sext_ln16_21" [matrix_mult.cpp:16]   --->   Operation 450 'mul' 'mul_ln16_66' <Predicate = true> <Delay = 3.29> <CoreInst = "Multiplier">   --->   Core 3 'Multiplier' <Latency = 0> <II = 1> <Delay = 3.29> <FuncUnit> <Opcode : 'mul'> <InPorts = 2> <OutPorts = 1>
ST_12 : Operation 451 [1/3] (0.00ns) (grouped into DSP with root node add_ln16_54)   --->   "%mul_ln16_67 = mul i16 %sext_ln16_37, i16 %sext_ln16_22" [matrix_mult.cpp:16]   --->   Operation 451 'mul' 'mul_ln16_67' <Predicate = true> <Delay = 0.00> <CoreInst = "DSP48">   --->   Core 116 'DSP48' <Latency = 3> <II = 1> <Delay = 1.82> <IPBlock> <Opcode : '' 'add' 'sub' 'mul' 'select'> <InPorts = 0> <OutPorts = 1> <Sync> <CReg>
ST_12 : Operation 452 [2/2] (1.78ns) (root node of the DSP)   --->   "%add_ln16_54 = add i16 %add_ln16_53, i16 %mul_ln16_67" [matrix_mult.cpp:16]   --->   Operation 452 'add' 'add_ln16_54' <Predicate = true> <Delay = 1.78> <CoreInst = "DSP48">   --->   Core 116 'DSP48' <Latency = 3> <II = 1> <Delay = 1.82> <IPBlock> <Opcode : '' 'add' 'sub' 'mul' 'select'> <InPorts = 0> <OutPorts = 1> <Sync> <CReg>
ST_12 : Operation 453 [2/3] (1.09ns) (grouped into DSP with root node add_ln16_56)   --->   "%mul_ln16_70 = mul i16 %sext_ln16_35, i16 %sext_ln16_25" [matrix_mult.cpp:16]   --->   Operation 453 'mul' 'mul_ln16_70' <Predicate = true> <Delay = 1.09> <CoreInst = "DSP48">   --->   Core 116 'DSP48' <Latency = 3> <II = 1> <Delay = 1.82> <IPBlock> <Opcode : '' 'add' 'sub' 'mul' 'select'> <InPorts = 0> <OutPorts = 1> <Sync> <CReg>
ST_12 : Operation 454 [1/1] (3.29ns)   --->   "%mul_ln16_71 = mul i16 %sext_ln16_36, i16 %sext_ln16_26" [matrix_mult.cpp:16]   --->   Operation 454 'mul' 'mul_ln16_71' <Predicate = true> <Delay = 3.29> <CoreInst = "Multiplier">   --->   Core 3 'Multiplier' <Latency = 0> <II = 1> <Delay = 3.29> <FuncUnit> <Opcode : 'mul'> <InPorts = 2> <OutPorts = 1>
ST_12 : Operation 455 [2/3] (1.09ns) (grouped into DSP with root node add_ln16_58)   --->   "%mul_ln16_72 = mul i16 %sext_ln16_37, i16 %sext_ln16_27" [matrix_mult.cpp:16]   --->   Operation 455 'mul' 'mul_ln16_72' <Predicate = true> <Delay = 1.09> <CoreInst = "DSP48">   --->   Core 116 'DSP48' <Latency = 3> <II = 1> <Delay = 1.82> <IPBlock> <Opcode : '' 'add' 'sub' 'mul' 'select'> <InPorts = 0> <OutPorts = 1> <Sync> <CReg>
ST_12 : Operation 456 [1/1] (0.00ns)   --->   "%sext_ln16_40 = sext i8 %trunc_ln16_8" [matrix_mult.cpp:16]   --->   Operation 456 'sext' 'sext_ln16_40' <Predicate = true> <Delay = 0.00>
ST_12 : Operation 457 [3/3] (1.09ns) (grouped into DSP with root node add_ln16_60)   --->   "%mul_ln16_75 = mul i16 %sext_ln16_40, i16 %sext_ln16_1" [matrix_mult.cpp:16]   --->   Operation 457 'mul' 'mul_ln16_75' <Predicate = true> <Delay = 1.09> <CoreInst = "DSP48">   --->   Core 116 'DSP48' <Latency = 3> <II = 1> <Delay = 1.82> <IPBlock> <Opcode : '' 'add' 'sub' 'mul' 'select'> <InPorts = 0> <OutPorts = 1> <Sync> <CReg>
ST_12 : Operation 458 [2/3] (1.09ns) (grouped into DSP with root node add_ln16_62)   --->   "%mul_ln16_77 = mul i16 %sext_ln16_42, i16 %sext_ln16_5" [matrix_mult.cpp:16]   --->   Operation 458 'mul' 'mul_ln16_77' <Predicate = true> <Delay = 1.09> <CoreInst = "DSP48">   --->   Core 116 'DSP48' <Latency = 3> <II = 1> <Delay = 1.82> <IPBlock> <Opcode : '' 'add' 'sub' 'mul' 'select'> <InPorts = 0> <OutPorts = 1> <Sync> <CReg>
ST_12 : Operation 459 [3/3] (1.09ns) (grouped into DSP with root node add_ln16_64)   --->   "%mul_ln16_80 = mul i16 %sext_ln16_40, i16 %sext_ln16_10" [matrix_mult.cpp:16]   --->   Operation 459 'mul' 'mul_ln16_80' <Predicate = true> <Delay = 1.09> <CoreInst = "DSP48">   --->   Core 116 'DSP48' <Latency = 3> <II = 1> <Delay = 1.82> <IPBlock> <Opcode : '' 'add' 'sub' 'mul' 'select'> <InPorts = 0> <OutPorts = 1> <Sync> <CReg>
ST_12 : Operation 460 [3/3] (1.09ns) (grouped into DSP with root node add_ln16_66)   --->   "%mul_ln16_82 = mul i16 %sext_ln16_42, i16 %sext_ln16_12" [matrix_mult.cpp:16]   --->   Operation 460 'mul' 'mul_ln16_82' <Predicate = true> <Delay = 1.09> <CoreInst = "DSP48">   --->   Core 116 'DSP48' <Latency = 3> <II = 1> <Delay = 1.82> <IPBlock> <Opcode : '' 'add' 'sub' 'mul' 'select'> <InPorts = 0> <OutPorts = 1> <Sync> <CReg>
ST_12 : Operation 461 [3/3] (1.09ns) (grouped into DSP with root node add_ln16_68)   --->   "%mul_ln16_85 = mul i16 %sext_ln16_40, i16 %sext_ln16_15" [matrix_mult.cpp:16]   --->   Operation 461 'mul' 'mul_ln16_85' <Predicate = true> <Delay = 1.09> <CoreInst = "DSP48">   --->   Core 116 'DSP48' <Latency = 3> <II = 1> <Delay = 1.82> <IPBlock> <Opcode : '' 'add' 'sub' 'mul' 'select'> <InPorts = 0> <OutPorts = 1> <Sync> <CReg>
ST_12 : Operation 462 [3/3] (1.09ns) (grouped into DSP with root node add_ln16_70)   --->   "%mul_ln16_87 = mul i16 %sext_ln16_42, i16 %sext_ln16_17" [matrix_mult.cpp:16]   --->   Operation 462 'mul' 'mul_ln16_87' <Predicate = true> <Delay = 1.09> <CoreInst = "DSP48">   --->   Core 116 'DSP48' <Latency = 3> <II = 1> <Delay = 1.82> <IPBlock> <Opcode : '' 'add' 'sub' 'mul' 'select'> <InPorts = 0> <OutPorts = 1> <Sync> <CReg>
ST_12 : Operation 463 [3/3] (1.09ns) (grouped into DSP with root node add_ln16_72)   --->   "%mul_ln16_90 = mul i16 %sext_ln16_40, i16 %sext_ln16_20" [matrix_mult.cpp:16]   --->   Operation 463 'mul' 'mul_ln16_90' <Predicate = true> <Delay = 1.09> <CoreInst = "DSP48">   --->   Core 116 'DSP48' <Latency = 3> <II = 1> <Delay = 1.82> <IPBlock> <Opcode : '' 'add' 'sub' 'mul' 'select'> <InPorts = 0> <OutPorts = 1> <Sync> <CReg>

State 13 <SV = 12> <Delay = 3.29>
ST_13 : Operation 464 [1/1] (0.00ns)   --->   "%prod_addr_2 = getelementptr i16 %prod, i64 0, i64 2" [matrix_mult.cpp:16]   --->   Operation 464 'getelementptr' 'prod_addr_2' <Predicate = true> <Delay = 0.00>
ST_13 : Operation 465 [1/1] (0.00ns)   --->   "%prod_addr_3 = getelementptr i16 %prod, i64 0, i64 3" [matrix_mult.cpp:16]   --->   Operation 465 'getelementptr' 'prod_addr_3' <Predicate = true> <Delay = 0.00>
ST_13 : Operation 466 [1/1] (1.42ns)   --->   "%store_ln16 = store i16 %add_ln16_11, i5 %prod_addr_2" [matrix_mult.cpp:16]   --->   Operation 466 'store' 'store_ln16' <Predicate = true> <Delay = 1.42> <CoreInst = "RAM">   --->   Core 81 'RAM' <Latency = 1> <II = 1> <Delay = 1.42> <Storage> <Opcode : 'load' 'store'> <Ports = 2> <Width = 16> <Depth = 25> <RAM>
ST_13 : Operation 467 [1/1] (1.42ns)   --->   "%store_ln16 = store i16 %add_ln16_15, i5 %prod_addr_3" [matrix_mult.cpp:16]   --->   Operation 467 'store' 'store_ln16' <Predicate = true> <Delay = 1.42> <CoreInst = "RAM">   --->   Core 81 'RAM' <Latency = 1> <II = 1> <Delay = 1.42> <Storage> <Opcode : 'load' 'store'> <Ports = 2> <Width = 16> <Depth = 25> <RAM>
ST_13 : Operation 468 [1/2] (1.78ns) (root node of the DSP)   --->   "%add_ln16_28 = add i16 %mul_ln16_36, i16 %mul_ln16_35" [matrix_mult.cpp:16]   --->   Operation 468 'add' 'add_ln16_28' <Predicate = true> <Delay = 1.78> <CoreInst = "DSP48">   --->   Core 116 'DSP48' <Latency = 3> <II = 1> <Delay = 1.82> <IPBlock> <Opcode : '' 'add' 'sub' 'mul' 'select'> <InPorts = 0> <OutPorts = 1> <Sync> <CReg>
ST_13 : Operation 469 [1/1] (1.48ns)   --->   "%add_ln16_31 = add i16 %add_ln16_30, i16 %add_ln16_28" [matrix_mult.cpp:16]   --->   Operation 469 'add' 'add_ln16_31' <Predicate = true> <Delay = 1.48> <CoreInst = "Adder">   --->   Core 1 'Adder' <Latency = 0> <II = 1> <Delay = 1.48> <FuncUnit> <Opcode : 'add' 'sub'> <InPorts = 2> <OutPorts = 1>
ST_13 : Operation 470 [1/2] (1.78ns) (root node of the DSP)   --->   "%add_ln16_32 = add i16 %mul_ln16_41, i16 %mul_ln16_40" [matrix_mult.cpp:16]   --->   Operation 470 'add' 'add_ln16_32' <Predicate = true> <Delay = 1.78> <CoreInst = "DSP48">   --->   Core 116 'DSP48' <Latency = 3> <II = 1> <Delay = 1.82> <IPBlock> <Opcode : '' 'add' 'sub' 'mul' 'select'> <InPorts = 0> <OutPorts = 1> <Sync> <CReg>
ST_13 : Operation 471 [1/1] (1.48ns)   --->   "%add_ln16_35 = add i16 %add_ln16_34, i16 %add_ln16_32" [matrix_mult.cpp:16]   --->   Operation 471 'add' 'add_ln16_35' <Predicate = true> <Delay = 1.48> <CoreInst = "Adder">   --->   Core 1 'Adder' <Latency = 0> <II = 1> <Delay = 1.48> <FuncUnit> <Opcode : 'add' 'sub'> <InPorts = 2> <OutPorts = 1>
ST_13 : Operation 472 [1/2] (1.78ns) (root node of the DSP)   --->   "%add_ln16_36 = add i16 %mul_ln16_46, i16 %mul_ln16_45" [matrix_mult.cpp:16]   --->   Operation 472 'add' 'add_ln16_36' <Predicate = true> <Delay = 1.78> <CoreInst = "DSP48">   --->   Core 116 'DSP48' <Latency = 3> <II = 1> <Delay = 1.82> <IPBlock> <Opcode : '' 'add' 'sub' 'mul' 'select'> <InPorts = 0> <OutPorts = 1> <Sync> <CReg>
ST_13 : Operation 473 [1/1] (1.48ns)   --->   "%add_ln16_39 = add i16 %add_ln16_38, i16 %add_ln16_36" [matrix_mult.cpp:16]   --->   Operation 473 'add' 'add_ln16_39' <Predicate = true> <Delay = 1.48> <CoreInst = "Adder">   --->   Core 1 'Adder' <Latency = 0> <II = 1> <Delay = 1.48> <FuncUnit> <Opcode : 'add' 'sub'> <InPorts = 2> <OutPorts = 1>
ST_13 : Operation 474 [1/2] (1.78ns) (root node of the DSP)   --->   "%add_ln16_40 = add i16 %mul_ln16_51, i16 %mul_ln16_50" [matrix_mult.cpp:16]   --->   Operation 474 'add' 'add_ln16_40' <Predicate = true> <Delay = 1.78> <CoreInst = "DSP48">   --->   Core 116 'DSP48' <Latency = 3> <II = 1> <Delay = 1.82> <IPBlock> <Opcode : '' 'add' 'sub' 'mul' 'select'> <InPorts = 0> <OutPorts = 1> <Sync> <CReg>
ST_13 : Operation 475 [1/1] (1.48ns)   --->   "%add_ln16_43 = add i16 %add_ln16_42, i16 %add_ln16_40" [matrix_mult.cpp:16]   --->   Operation 475 'add' 'add_ln16_43' <Predicate = true> <Delay = 1.48> <CoreInst = "Adder">   --->   Core 1 'Adder' <Latency = 0> <II = 1> <Delay = 1.48> <FuncUnit> <Opcode : 'add' 'sub'> <InPorts = 2> <OutPorts = 1>
ST_13 : Operation 476 [1/3] (0.00ns) (grouped into DSP with root node add_ln16_44)   --->   "%mul_ln16_55 = mul i16 %sext_ln16_35, i16 %sext_ln16_10" [matrix_mult.cpp:16]   --->   Operation 476 'mul' 'mul_ln16_55' <Predicate = true> <Delay = 0.00> <CoreInst = "DSP48">   --->   Core 116 'DSP48' <Latency = 3> <II = 1> <Delay = 1.82> <IPBlock> <Opcode : '' 'add' 'sub' 'mul' 'select'> <InPorts = 0> <OutPorts = 1> <Sync> <CReg>
ST_13 : Operation 477 [2/2] (1.78ns) (root node of the DSP)   --->   "%add_ln16_44 = add i16 %mul_ln16_56, i16 %mul_ln16_55" [matrix_mult.cpp:16]   --->   Operation 477 'add' 'add_ln16_44' <Predicate = true> <Delay = 1.78> <CoreInst = "DSP48">   --->   Core 116 'DSP48' <Latency = 3> <II = 1> <Delay = 1.82> <IPBlock> <Opcode : '' 'add' 'sub' 'mul' 'select'> <InPorts = 0> <OutPorts = 1> <Sync> <CReg>
ST_13 : Operation 478 [1/3] (0.00ns) (grouped into DSP with root node add_ln16_48)   --->   "%mul_ln16_60 = mul i16 %sext_ln16_35, i16 %sext_ln16_15" [matrix_mult.cpp:16]   --->   Operation 478 'mul' 'mul_ln16_60' <Predicate = true> <Delay = 0.00> <CoreInst = "DSP48">   --->   Core 116 'DSP48' <Latency = 3> <II = 1> <Delay = 1.82> <IPBlock> <Opcode : '' 'add' 'sub' 'mul' 'select'> <InPorts = 0> <OutPorts = 1> <Sync> <CReg>
ST_13 : Operation 479 [2/2] (1.78ns) (root node of the DSP)   --->   "%add_ln16_48 = add i16 %mul_ln16_61, i16 %mul_ln16_60" [matrix_mult.cpp:16]   --->   Operation 479 'add' 'add_ln16_48' <Predicate = true> <Delay = 1.78> <CoreInst = "DSP48">   --->   Core 116 'DSP48' <Latency = 3> <II = 1> <Delay = 1.82> <IPBlock> <Opcode : '' 'add' 'sub' 'mul' 'select'> <InPorts = 0> <OutPorts = 1> <Sync> <CReg>
ST_13 : Operation 480 [1/2] (1.78ns) (root node of the DSP)   --->   "%add_ln16_50 = add i16 %add_ln16_49, i16 %mul_ln16_62" [matrix_mult.cpp:16]   --->   Operation 480 'add' 'add_ln16_50' <Predicate = true> <Delay = 1.78> <CoreInst = "DSP48">   --->   Core 116 'DSP48' <Latency = 3> <II = 1> <Delay = 1.82> <IPBlock> <Opcode : '' 'add' 'sub' 'mul' 'select'> <InPorts = 0> <OutPorts = 1> <Sync> <CReg>
ST_13 : Operation 481 [1/3] (0.00ns) (grouped into DSP with root node add_ln16_52)   --->   "%mul_ln16_65 = mul i16 %sext_ln16_35, i16 %sext_ln16_20" [matrix_mult.cpp:16]   --->   Operation 481 'mul' 'mul_ln16_65' <Predicate = true> <Delay = 0.00> <CoreInst = "DSP48">   --->   Core 116 'DSP48' <Latency = 3> <II = 1> <Delay = 1.82> <IPBlock> <Opcode : '' 'add' 'sub' 'mul' 'select'> <InPorts = 0> <OutPorts = 1> <Sync> <CReg>
ST_13 : Operation 482 [2/2] (1.78ns) (root node of the DSP)   --->   "%add_ln16_52 = add i16 %mul_ln16_66, i16 %mul_ln16_65" [matrix_mult.cpp:16]   --->   Operation 482 'add' 'add_ln16_52' <Predicate = true> <Delay = 1.78> <CoreInst = "DSP48">   --->   Core 116 'DSP48' <Latency = 3> <II = 1> <Delay = 1.82> <IPBlock> <Opcode : '' 'add' 'sub' 'mul' 'select'> <InPorts = 0> <OutPorts = 1> <Sync> <CReg>
ST_13 : Operation 483 [1/2] (1.78ns) (root node of the DSP)   --->   "%add_ln16_54 = add i16 %add_ln16_53, i16 %mul_ln16_67" [matrix_mult.cpp:16]   --->   Operation 483 'add' 'add_ln16_54' <Predicate = true> <Delay = 1.78> <CoreInst = "DSP48">   --->   Core 116 'DSP48' <Latency = 3> <II = 1> <Delay = 1.82> <IPBlock> <Opcode : '' 'add' 'sub' 'mul' 'select'> <InPorts = 0> <OutPorts = 1> <Sync> <CReg>
ST_13 : Operation 484 [1/3] (0.00ns) (grouped into DSP with root node add_ln16_56)   --->   "%mul_ln16_70 = mul i16 %sext_ln16_35, i16 %sext_ln16_25" [matrix_mult.cpp:16]   --->   Operation 484 'mul' 'mul_ln16_70' <Predicate = true> <Delay = 0.00> <CoreInst = "DSP48">   --->   Core 116 'DSP48' <Latency = 3> <II = 1> <Delay = 1.82> <IPBlock> <Opcode : '' 'add' 'sub' 'mul' 'select'> <InPorts = 0> <OutPorts = 1> <Sync> <CReg>
ST_13 : Operation 485 [1/3] (0.00ns) (grouped into DSP with root node add_ln16_58)   --->   "%mul_ln16_72 = mul i16 %sext_ln16_37, i16 %sext_ln16_27" [matrix_mult.cpp:16]   --->   Operation 485 'mul' 'mul_ln16_72' <Predicate = true> <Delay = 0.00> <CoreInst = "DSP48">   --->   Core 116 'DSP48' <Latency = 3> <II = 1> <Delay = 1.82> <IPBlock> <Opcode : '' 'add' 'sub' 'mul' 'select'> <InPorts = 0> <OutPorts = 1> <Sync> <CReg>
ST_13 : Operation 486 [2/2] (1.78ns) (root node of the DSP)   --->   "%add_ln16_56 = add i16 %mul_ln16_71, i16 %mul_ln16_70" [matrix_mult.cpp:16]   --->   Operation 486 'add' 'add_ln16_56' <Predicate = true> <Delay = 1.78> <CoreInst = "DSP48">   --->   Core 116 'DSP48' <Latency = 3> <II = 1> <Delay = 1.82> <IPBlock> <Opcode : '' 'add' 'sub' 'mul' 'select'> <InPorts = 0> <OutPorts = 1> <Sync> <CReg>
ST_13 : Operation 487 [2/2] (1.78ns) (root node of the DSP)   --->   "%add_ln16_58 = add i16 %add_ln16_57, i16 %mul_ln16_72" [matrix_mult.cpp:16]   --->   Operation 487 'add' 'add_ln16_58' <Predicate = true> <Delay = 1.78> <CoreInst = "DSP48">   --->   Core 116 'DSP48' <Latency = 3> <II = 1> <Delay = 1.82> <IPBlock> <Opcode : '' 'add' 'sub' 'mul' 'select'> <InPorts = 0> <OutPorts = 1> <Sync> <CReg>
ST_13 : Operation 488 [2/3] (1.09ns) (grouped into DSP with root node add_ln16_60)   --->   "%mul_ln16_75 = mul i16 %sext_ln16_40, i16 %sext_ln16_1" [matrix_mult.cpp:16]   --->   Operation 488 'mul' 'mul_ln16_75' <Predicate = true> <Delay = 1.09> <CoreInst = "DSP48">   --->   Core 116 'DSP48' <Latency = 3> <II = 1> <Delay = 1.82> <IPBlock> <Opcode : '' 'add' 'sub' 'mul' 'select'> <InPorts = 0> <OutPorts = 1> <Sync> <CReg>
ST_13 : Operation 489 [1/1] (0.00ns)   --->   "%sext_ln16_41 = sext i8 %tmp_31" [matrix_mult.cpp:16]   --->   Operation 489 'sext' 'sext_ln16_41' <Predicate = true> <Delay = 0.00>
ST_13 : Operation 490 [1/1] (3.29ns)   --->   "%mul_ln16_76 = mul i16 %sext_ln16_41, i16 %sext_ln16_3" [matrix_mult.cpp:16]   --->   Operation 490 'mul' 'mul_ln16_76' <Predicate = true> <Delay = 3.29> <CoreInst = "Multiplier">   --->   Core 3 'Multiplier' <Latency = 0> <II = 1> <Delay = 3.29> <FuncUnit> <Opcode : 'mul'> <InPorts = 2> <OutPorts = 1>
ST_13 : Operation 491 [1/3] (0.00ns) (grouped into DSP with root node add_ln16_62)   --->   "%mul_ln16_77 = mul i16 %sext_ln16_42, i16 %sext_ln16_5" [matrix_mult.cpp:16]   --->   Operation 491 'mul' 'mul_ln16_77' <Predicate = true> <Delay = 0.00> <CoreInst = "DSP48">   --->   Core 116 'DSP48' <Latency = 3> <II = 1> <Delay = 1.82> <IPBlock> <Opcode : '' 'add' 'sub' 'mul' 'select'> <InPorts = 0> <OutPorts = 1> <Sync> <CReg>
ST_13 : Operation 492 [2/2] (1.78ns) (root node of the DSP)   --->   "%add_ln16_62 = add i16 %add_ln16_61, i16 %mul_ln16_77" [matrix_mult.cpp:16]   --->   Operation 492 'add' 'add_ln16_62' <Predicate = true> <Delay = 1.78> <CoreInst = "DSP48">   --->   Core 116 'DSP48' <Latency = 3> <II = 1> <Delay = 1.82> <IPBlock> <Opcode : '' 'add' 'sub' 'mul' 'select'> <InPorts = 0> <OutPorts = 1> <Sync> <CReg>
ST_13 : Operation 493 [2/3] (1.09ns) (grouped into DSP with root node add_ln16_64)   --->   "%mul_ln16_80 = mul i16 %sext_ln16_40, i16 %sext_ln16_10" [matrix_mult.cpp:16]   --->   Operation 493 'mul' 'mul_ln16_80' <Predicate = true> <Delay = 1.09> <CoreInst = "DSP48">   --->   Core 116 'DSP48' <Latency = 3> <II = 1> <Delay = 1.82> <IPBlock> <Opcode : '' 'add' 'sub' 'mul' 'select'> <InPorts = 0> <OutPorts = 1> <Sync> <CReg>
ST_13 : Operation 494 [1/1] (3.29ns)   --->   "%mul_ln16_81 = mul i16 %sext_ln16_41, i16 %sext_ln16_11" [matrix_mult.cpp:16]   --->   Operation 494 'mul' 'mul_ln16_81' <Predicate = true> <Delay = 3.29> <CoreInst = "Multiplier">   --->   Core 3 'Multiplier' <Latency = 0> <II = 1> <Delay = 3.29> <FuncUnit> <Opcode : 'mul'> <InPorts = 2> <OutPorts = 1>
ST_13 : Operation 495 [2/3] (1.09ns) (grouped into DSP with root node add_ln16_66)   --->   "%mul_ln16_82 = mul i16 %sext_ln16_42, i16 %sext_ln16_12" [matrix_mult.cpp:16]   --->   Operation 495 'mul' 'mul_ln16_82' <Predicate = true> <Delay = 1.09> <CoreInst = "DSP48">   --->   Core 116 'DSP48' <Latency = 3> <II = 1> <Delay = 1.82> <IPBlock> <Opcode : '' 'add' 'sub' 'mul' 'select'> <InPorts = 0> <OutPorts = 1> <Sync> <CReg>
ST_13 : Operation 496 [2/3] (1.09ns) (grouped into DSP with root node add_ln16_68)   --->   "%mul_ln16_85 = mul i16 %sext_ln16_40, i16 %sext_ln16_15" [matrix_mult.cpp:16]   --->   Operation 496 'mul' 'mul_ln16_85' <Predicate = true> <Delay = 1.09> <CoreInst = "DSP48">   --->   Core 116 'DSP48' <Latency = 3> <II = 1> <Delay = 1.82> <IPBlock> <Opcode : '' 'add' 'sub' 'mul' 'select'> <InPorts = 0> <OutPorts = 1> <Sync> <CReg>
ST_13 : Operation 497 [1/1] (3.29ns)   --->   "%mul_ln16_86 = mul i16 %sext_ln16_41, i16 %sext_ln16_16" [matrix_mult.cpp:16]   --->   Operation 497 'mul' 'mul_ln16_86' <Predicate = true> <Delay = 3.29> <CoreInst = "Multiplier">   --->   Core 3 'Multiplier' <Latency = 0> <II = 1> <Delay = 3.29> <FuncUnit> <Opcode : 'mul'> <InPorts = 2> <OutPorts = 1>
ST_13 : Operation 498 [2/3] (1.09ns) (grouped into DSP with root node add_ln16_70)   --->   "%mul_ln16_87 = mul i16 %sext_ln16_42, i16 %sext_ln16_17" [matrix_mult.cpp:16]   --->   Operation 498 'mul' 'mul_ln16_87' <Predicate = true> <Delay = 1.09> <CoreInst = "DSP48">   --->   Core 116 'DSP48' <Latency = 3> <II = 1> <Delay = 1.82> <IPBlock> <Opcode : '' 'add' 'sub' 'mul' 'select'> <InPorts = 0> <OutPorts = 1> <Sync> <CReg>
ST_13 : Operation 499 [2/3] (1.09ns) (grouped into DSP with root node add_ln16_72)   --->   "%mul_ln16_90 = mul i16 %sext_ln16_40, i16 %sext_ln16_20" [matrix_mult.cpp:16]   --->   Operation 499 'mul' 'mul_ln16_90' <Predicate = true> <Delay = 1.09> <CoreInst = "DSP48">   --->   Core 116 'DSP48' <Latency = 3> <II = 1> <Delay = 1.82> <IPBlock> <Opcode : '' 'add' 'sub' 'mul' 'select'> <InPorts = 0> <OutPorts = 1> <Sync> <CReg>
ST_13 : Operation 500 [1/1] (3.29ns)   --->   "%mul_ln16_91 = mul i16 %sext_ln16_41, i16 %sext_ln16_21" [matrix_mult.cpp:16]   --->   Operation 500 'mul' 'mul_ln16_91' <Predicate = true> <Delay = 3.29> <CoreInst = "Multiplier">   --->   Core 3 'Multiplier' <Latency = 0> <II = 1> <Delay = 3.29> <FuncUnit> <Opcode : 'mul'> <InPorts = 2> <OutPorts = 1>
ST_13 : Operation 501 [3/3] (1.09ns) (grouped into DSP with root node add_ln16_74)   --->   "%mul_ln16_92 = mul i16 %sext_ln16_42, i16 %sext_ln16_22" [matrix_mult.cpp:16]   --->   Operation 501 'mul' 'mul_ln16_92' <Predicate = true> <Delay = 1.09> <CoreInst = "DSP48">   --->   Core 116 'DSP48' <Latency = 3> <II = 1> <Delay = 1.82> <IPBlock> <Opcode : '' 'add' 'sub' 'mul' 'select'> <InPorts = 0> <OutPorts = 1> <Sync> <CReg>
ST_13 : Operation 502 [3/3] (1.09ns) (grouped into DSP with root node add_ln16_76)   --->   "%mul_ln16_95 = mul i16 %sext_ln16_40, i16 %sext_ln16_25" [matrix_mult.cpp:16]   --->   Operation 502 'mul' 'mul_ln16_95' <Predicate = true> <Delay = 1.09> <CoreInst = "DSP48">   --->   Core 116 'DSP48' <Latency = 3> <II = 1> <Delay = 1.82> <IPBlock> <Opcode : '' 'add' 'sub' 'mul' 'select'> <InPorts = 0> <OutPorts = 1> <Sync> <CReg>
ST_13 : Operation 503 [3/3] (1.09ns) (grouped into DSP with root node add_ln16_78)   --->   "%mul_ln16_97 = mul i16 %sext_ln16_42, i16 %sext_ln16_27" [matrix_mult.cpp:16]   --->   Operation 503 'mul' 'mul_ln16_97' <Predicate = true> <Delay = 1.09> <CoreInst = "DSP48">   --->   Core 116 'DSP48' <Latency = 3> <II = 1> <Delay = 1.82> <IPBlock> <Opcode : '' 'add' 'sub' 'mul' 'select'> <InPorts = 0> <OutPorts = 1> <Sync> <CReg>
ST_13 : Operation 504 [1/1] (0.00ns)   --->   "%sext_ln16_45 = sext i8 %trunc_ln16_9" [matrix_mult.cpp:16]   --->   Operation 504 'sext' 'sext_ln16_45' <Predicate = true> <Delay = 0.00>
ST_13 : Operation 505 [3/3] (1.09ns) (grouped into DSP with root node add_ln16_80)   --->   "%mul_ln16_100 = mul i16 %sext_ln16_45, i16 %sext_ln16_1" [matrix_mult.cpp:16]   --->   Operation 505 'mul' 'mul_ln16_100' <Predicate = true> <Delay = 1.09> <CoreInst = "DSP48">   --->   Core 116 'DSP48' <Latency = 3> <II = 1> <Delay = 1.82> <IPBlock> <Opcode : '' 'add' 'sub' 'mul' 'select'> <InPorts = 0> <OutPorts = 1> <Sync> <CReg>
ST_13 : Operation 506 [3/3] (1.09ns) (grouped into DSP with root node add_ln16_84)   --->   "%mul_ln16_105 = mul i16 %sext_ln16_45, i16 %sext_ln16_10" [matrix_mult.cpp:16]   --->   Operation 506 'mul' 'mul_ln16_105' <Predicate = true> <Delay = 1.09> <CoreInst = "DSP48">   --->   Core 116 'DSP48' <Latency = 3> <II = 1> <Delay = 1.82> <IPBlock> <Opcode : '' 'add' 'sub' 'mul' 'select'> <InPorts = 0> <OutPorts = 1> <Sync> <CReg>
ST_13 : Operation 507 [3/3] (1.09ns) (grouped into DSP with root node add_ln16_88)   --->   "%mul_ln16_110 = mul i16 %sext_ln16_45, i16 %sext_ln16_15" [matrix_mult.cpp:16]   --->   Operation 507 'mul' 'mul_ln16_110' <Predicate = true> <Delay = 1.09> <CoreInst = "DSP48">   --->   Core 116 'DSP48' <Latency = 3> <II = 1> <Delay = 1.82> <IPBlock> <Opcode : '' 'add' 'sub' 'mul' 'select'> <InPorts = 0> <OutPorts = 1> <Sync> <CReg>

State 14 <SV = 13> <Delay = 3.29>
ST_14 : Operation 508 [1/1] (0.00ns)   --->   "%prod_addr_4 = getelementptr i16 %prod, i64 0, i64 4" [matrix_mult.cpp:16]   --->   Operation 508 'getelementptr' 'prod_addr_4' <Predicate = true> <Delay = 0.00>
ST_14 : Operation 509 [1/1] (0.00ns)   --->   "%prod_addr_5 = getelementptr i16 %prod, i64 0, i64 5" [matrix_mult.cpp:16]   --->   Operation 509 'getelementptr' 'prod_addr_5' <Predicate = true> <Delay = 0.00>
ST_14 : Operation 510 [1/1] (1.42ns)   --->   "%store_ln16 = store i16 %add_ln16_19, i5 %prod_addr_4" [matrix_mult.cpp:16]   --->   Operation 510 'store' 'store_ln16' <Predicate = true> <Delay = 1.42> <CoreInst = "RAM">   --->   Core 81 'RAM' <Latency = 1> <II = 1> <Delay = 1.42> <Storage> <Opcode : 'load' 'store'> <Ports = 2> <Width = 16> <Depth = 25> <RAM>
ST_14 : Operation 511 [1/1] (1.42ns)   --->   "%store_ln16 = store i16 %add_ln16_23, i5 %prod_addr_5" [matrix_mult.cpp:16]   --->   Operation 511 'store' 'store_ln16' <Predicate = true> <Delay = 1.42> <CoreInst = "RAM">   --->   Core 81 'RAM' <Latency = 1> <II = 1> <Delay = 1.42> <Storage> <Opcode : 'load' 'store'> <Ports = 2> <Width = 16> <Depth = 25> <RAM>
ST_14 : Operation 512 [1/2] (1.78ns) (root node of the DSP)   --->   "%add_ln16_44 = add i16 %mul_ln16_56, i16 %mul_ln16_55" [matrix_mult.cpp:16]   --->   Operation 512 'add' 'add_ln16_44' <Predicate = true> <Delay = 1.78> <CoreInst = "DSP48">   --->   Core 116 'DSP48' <Latency = 3> <II = 1> <Delay = 1.82> <IPBlock> <Opcode : '' 'add' 'sub' 'mul' 'select'> <InPorts = 0> <OutPorts = 1> <Sync> <CReg>
ST_14 : Operation 513 [1/1] (1.48ns)   --->   "%add_ln16_47 = add i16 %add_ln16_46, i16 %add_ln16_44" [matrix_mult.cpp:16]   --->   Operation 513 'add' 'add_ln16_47' <Predicate = true> <Delay = 1.48> <CoreInst = "Adder">   --->   Core 1 'Adder' <Latency = 0> <II = 1> <Delay = 1.48> <FuncUnit> <Opcode : 'add' 'sub'> <InPorts = 2> <OutPorts = 1>
ST_14 : Operation 514 [1/2] (1.78ns) (root node of the DSP)   --->   "%add_ln16_48 = add i16 %mul_ln16_61, i16 %mul_ln16_60" [matrix_mult.cpp:16]   --->   Operation 514 'add' 'add_ln16_48' <Predicate = true> <Delay = 1.78> <CoreInst = "DSP48">   --->   Core 116 'DSP48' <Latency = 3> <II = 1> <Delay = 1.82> <IPBlock> <Opcode : '' 'add' 'sub' 'mul' 'select'> <InPorts = 0> <OutPorts = 1> <Sync> <CReg>
ST_14 : Operation 515 [1/1] (1.48ns)   --->   "%add_ln16_51 = add i16 %add_ln16_50, i16 %add_ln16_48" [matrix_mult.cpp:16]   --->   Operation 515 'add' 'add_ln16_51' <Predicate = true> <Delay = 1.48> <CoreInst = "Adder">   --->   Core 1 'Adder' <Latency = 0> <II = 1> <Delay = 1.48> <FuncUnit> <Opcode : 'add' 'sub'> <InPorts = 2> <OutPorts = 1>
ST_14 : Operation 516 [1/2] (1.78ns) (root node of the DSP)   --->   "%add_ln16_52 = add i16 %mul_ln16_66, i16 %mul_ln16_65" [matrix_mult.cpp:16]   --->   Operation 516 'add' 'add_ln16_52' <Predicate = true> <Delay = 1.78> <CoreInst = "DSP48">   --->   Core 116 'DSP48' <Latency = 3> <II = 1> <Delay = 1.82> <IPBlock> <Opcode : '' 'add' 'sub' 'mul' 'select'> <InPorts = 0> <OutPorts = 1> <Sync> <CReg>
ST_14 : Operation 517 [1/1] (1.48ns)   --->   "%add_ln16_55 = add i16 %add_ln16_54, i16 %add_ln16_52" [matrix_mult.cpp:16]   --->   Operation 517 'add' 'add_ln16_55' <Predicate = true> <Delay = 1.48> <CoreInst = "Adder">   --->   Core 1 'Adder' <Latency = 0> <II = 1> <Delay = 1.48> <FuncUnit> <Opcode : 'add' 'sub'> <InPorts = 2> <OutPorts = 1>
ST_14 : Operation 518 [1/2] (1.78ns) (root node of the DSP)   --->   "%add_ln16_56 = add i16 %mul_ln16_71, i16 %mul_ln16_70" [matrix_mult.cpp:16]   --->   Operation 518 'add' 'add_ln16_56' <Predicate = true> <Delay = 1.78> <CoreInst = "DSP48">   --->   Core 116 'DSP48' <Latency = 3> <II = 1> <Delay = 1.82> <IPBlock> <Opcode : '' 'add' 'sub' 'mul' 'select'> <InPorts = 0> <OutPorts = 1> <Sync> <CReg>
ST_14 : Operation 519 [1/2] (1.78ns) (root node of the DSP)   --->   "%add_ln16_58 = add i16 %add_ln16_57, i16 %mul_ln16_72" [matrix_mult.cpp:16]   --->   Operation 519 'add' 'add_ln16_58' <Predicate = true> <Delay = 1.78> <CoreInst = "DSP48">   --->   Core 116 'DSP48' <Latency = 3> <II = 1> <Delay = 1.82> <IPBlock> <Opcode : '' 'add' 'sub' 'mul' 'select'> <InPorts = 0> <OutPorts = 1> <Sync> <CReg>
ST_14 : Operation 520 [1/1] (1.48ns)   --->   "%add_ln16_59 = add i16 %add_ln16_58, i16 %add_ln16_56" [matrix_mult.cpp:16]   --->   Operation 520 'add' 'add_ln16_59' <Predicate = true> <Delay = 1.48> <CoreInst = "Adder">   --->   Core 1 'Adder' <Latency = 0> <II = 1> <Delay = 1.48> <FuncUnit> <Opcode : 'add' 'sub'> <InPorts = 2> <OutPorts = 1>
ST_14 : Operation 521 [1/3] (0.00ns) (grouped into DSP with root node add_ln16_60)   --->   "%mul_ln16_75 = mul i16 %sext_ln16_40, i16 %sext_ln16_1" [matrix_mult.cpp:16]   --->   Operation 521 'mul' 'mul_ln16_75' <Predicate = true> <Delay = 0.00> <CoreInst = "DSP48">   --->   Core 116 'DSP48' <Latency = 3> <II = 1> <Delay = 1.82> <IPBlock> <Opcode : '' 'add' 'sub' 'mul' 'select'> <InPorts = 0> <OutPorts = 1> <Sync> <CReg>
ST_14 : Operation 522 [2/2] (1.78ns) (root node of the DSP)   --->   "%add_ln16_60 = add i16 %mul_ln16_76, i16 %mul_ln16_75" [matrix_mult.cpp:16]   --->   Operation 522 'add' 'add_ln16_60' <Predicate = true> <Delay = 1.78> <CoreInst = "DSP48">   --->   Core 116 'DSP48' <Latency = 3> <II = 1> <Delay = 1.82> <IPBlock> <Opcode : '' 'add' 'sub' 'mul' 'select'> <InPorts = 0> <OutPorts = 1> <Sync> <CReg>
ST_14 : Operation 523 [1/2] (1.78ns) (root node of the DSP)   --->   "%add_ln16_62 = add i16 %add_ln16_61, i16 %mul_ln16_77" [matrix_mult.cpp:16]   --->   Operation 523 'add' 'add_ln16_62' <Predicate = true> <Delay = 1.78> <CoreInst = "DSP48">   --->   Core 116 'DSP48' <Latency = 3> <II = 1> <Delay = 1.82> <IPBlock> <Opcode : '' 'add' 'sub' 'mul' 'select'> <InPorts = 0> <OutPorts = 1> <Sync> <CReg>
ST_14 : Operation 524 [1/3] (0.00ns) (grouped into DSP with root node add_ln16_64)   --->   "%mul_ln16_80 = mul i16 %sext_ln16_40, i16 %sext_ln16_10" [matrix_mult.cpp:16]   --->   Operation 524 'mul' 'mul_ln16_80' <Predicate = true> <Delay = 0.00> <CoreInst = "DSP48">   --->   Core 116 'DSP48' <Latency = 3> <II = 1> <Delay = 1.82> <IPBlock> <Opcode : '' 'add' 'sub' 'mul' 'select'> <InPorts = 0> <OutPorts = 1> <Sync> <CReg>
ST_14 : Operation 525 [1/3] (0.00ns) (grouped into DSP with root node add_ln16_66)   --->   "%mul_ln16_82 = mul i16 %sext_ln16_42, i16 %sext_ln16_12" [matrix_mult.cpp:16]   --->   Operation 525 'mul' 'mul_ln16_82' <Predicate = true> <Delay = 0.00> <CoreInst = "DSP48">   --->   Core 116 'DSP48' <Latency = 3> <II = 1> <Delay = 1.82> <IPBlock> <Opcode : '' 'add' 'sub' 'mul' 'select'> <InPorts = 0> <OutPorts = 1> <Sync> <CReg>
ST_14 : Operation 526 [2/2] (1.78ns) (root node of the DSP)   --->   "%add_ln16_64 = add i16 %mul_ln16_81, i16 %mul_ln16_80" [matrix_mult.cpp:16]   --->   Operation 526 'add' 'add_ln16_64' <Predicate = true> <Delay = 1.78> <CoreInst = "DSP48">   --->   Core 116 'DSP48' <Latency = 3> <II = 1> <Delay = 1.82> <IPBlock> <Opcode : '' 'add' 'sub' 'mul' 'select'> <InPorts = 0> <OutPorts = 1> <Sync> <CReg>
ST_14 : Operation 527 [2/2] (1.78ns) (root node of the DSP)   --->   "%add_ln16_66 = add i16 %add_ln16_65, i16 %mul_ln16_82" [matrix_mult.cpp:16]   --->   Operation 527 'add' 'add_ln16_66' <Predicate = true> <Delay = 1.78> <CoreInst = "DSP48">   --->   Core 116 'DSP48' <Latency = 3> <II = 1> <Delay = 1.82> <IPBlock> <Opcode : '' 'add' 'sub' 'mul' 'select'> <InPorts = 0> <OutPorts = 1> <Sync> <CReg>
ST_14 : Operation 528 [1/3] (0.00ns) (grouped into DSP with root node add_ln16_68)   --->   "%mul_ln16_85 = mul i16 %sext_ln16_40, i16 %sext_ln16_15" [matrix_mult.cpp:16]   --->   Operation 528 'mul' 'mul_ln16_85' <Predicate = true> <Delay = 0.00> <CoreInst = "DSP48">   --->   Core 116 'DSP48' <Latency = 3> <II = 1> <Delay = 1.82> <IPBlock> <Opcode : '' 'add' 'sub' 'mul' 'select'> <InPorts = 0> <OutPorts = 1> <Sync> <CReg>
ST_14 : Operation 529 [1/3] (0.00ns) (grouped into DSP with root node add_ln16_70)   --->   "%mul_ln16_87 = mul i16 %sext_ln16_42, i16 %sext_ln16_17" [matrix_mult.cpp:16]   --->   Operation 529 'mul' 'mul_ln16_87' <Predicate = true> <Delay = 0.00> <CoreInst = "DSP48">   --->   Core 116 'DSP48' <Latency = 3> <II = 1> <Delay = 1.82> <IPBlock> <Opcode : '' 'add' 'sub' 'mul' 'select'> <InPorts = 0> <OutPorts = 1> <Sync> <CReg>
ST_14 : Operation 530 [2/2] (1.78ns) (root node of the DSP)   --->   "%add_ln16_68 = add i16 %mul_ln16_86, i16 %mul_ln16_85" [matrix_mult.cpp:16]   --->   Operation 530 'add' 'add_ln16_68' <Predicate = true> <Delay = 1.78> <CoreInst = "DSP48">   --->   Core 116 'DSP48' <Latency = 3> <II = 1> <Delay = 1.82> <IPBlock> <Opcode : '' 'add' 'sub' 'mul' 'select'> <InPorts = 0> <OutPorts = 1> <Sync> <CReg>
ST_14 : Operation 531 [2/2] (1.78ns) (root node of the DSP)   --->   "%add_ln16_70 = add i16 %add_ln16_69, i16 %mul_ln16_87" [matrix_mult.cpp:16]   --->   Operation 531 'add' 'add_ln16_70' <Predicate = true> <Delay = 1.78> <CoreInst = "DSP48">   --->   Core 116 'DSP48' <Latency = 3> <II = 1> <Delay = 1.82> <IPBlock> <Opcode : '' 'add' 'sub' 'mul' 'select'> <InPorts = 0> <OutPorts = 1> <Sync> <CReg>
ST_14 : Operation 532 [1/3] (0.00ns) (grouped into DSP with root node add_ln16_72)   --->   "%mul_ln16_90 = mul i16 %sext_ln16_40, i16 %sext_ln16_20" [matrix_mult.cpp:16]   --->   Operation 532 'mul' 'mul_ln16_90' <Predicate = true> <Delay = 0.00> <CoreInst = "DSP48">   --->   Core 116 'DSP48' <Latency = 3> <II = 1> <Delay = 1.82> <IPBlock> <Opcode : '' 'add' 'sub' 'mul' 'select'> <InPorts = 0> <OutPorts = 1> <Sync> <CReg>
ST_14 : Operation 533 [2/3] (1.09ns) (grouped into DSP with root node add_ln16_74)   --->   "%mul_ln16_92 = mul i16 %sext_ln16_42, i16 %sext_ln16_22" [matrix_mult.cpp:16]   --->   Operation 533 'mul' 'mul_ln16_92' <Predicate = true> <Delay = 1.09> <CoreInst = "DSP48">   --->   Core 116 'DSP48' <Latency = 3> <II = 1> <Delay = 1.82> <IPBlock> <Opcode : '' 'add' 'sub' 'mul' 'select'> <InPorts = 0> <OutPorts = 1> <Sync> <CReg>
ST_14 : Operation 534 [2/2] (1.78ns) (root node of the DSP)   --->   "%add_ln16_72 = add i16 %mul_ln16_91, i16 %mul_ln16_90" [matrix_mult.cpp:16]   --->   Operation 534 'add' 'add_ln16_72' <Predicate = true> <Delay = 1.78> <CoreInst = "DSP48">   --->   Core 116 'DSP48' <Latency = 3> <II = 1> <Delay = 1.82> <IPBlock> <Opcode : '' 'add' 'sub' 'mul' 'select'> <InPorts = 0> <OutPorts = 1> <Sync> <CReg>
ST_14 : Operation 535 [2/3] (1.09ns) (grouped into DSP with root node add_ln16_76)   --->   "%mul_ln16_95 = mul i16 %sext_ln16_40, i16 %sext_ln16_25" [matrix_mult.cpp:16]   --->   Operation 535 'mul' 'mul_ln16_95' <Predicate = true> <Delay = 1.09> <CoreInst = "DSP48">   --->   Core 116 'DSP48' <Latency = 3> <II = 1> <Delay = 1.82> <IPBlock> <Opcode : '' 'add' 'sub' 'mul' 'select'> <InPorts = 0> <OutPorts = 1> <Sync> <CReg>
ST_14 : Operation 536 [1/1] (3.29ns)   --->   "%mul_ln16_96 = mul i16 %sext_ln16_41, i16 %sext_ln16_26" [matrix_mult.cpp:16]   --->   Operation 536 'mul' 'mul_ln16_96' <Predicate = true> <Delay = 3.29> <CoreInst = "Multiplier">   --->   Core 3 'Multiplier' <Latency = 0> <II = 1> <Delay = 3.29> <FuncUnit> <Opcode : 'mul'> <InPorts = 2> <OutPorts = 1>
ST_14 : Operation 537 [2/3] (1.09ns) (grouped into DSP with root node add_ln16_78)   --->   "%mul_ln16_97 = mul i16 %sext_ln16_42, i16 %sext_ln16_27" [matrix_mult.cpp:16]   --->   Operation 537 'mul' 'mul_ln16_97' <Predicate = true> <Delay = 1.09> <CoreInst = "DSP48">   --->   Core 116 'DSP48' <Latency = 3> <II = 1> <Delay = 1.82> <IPBlock> <Opcode : '' 'add' 'sub' 'mul' 'select'> <InPorts = 0> <OutPorts = 1> <Sync> <CReg>
ST_14 : Operation 538 [2/3] (1.09ns) (grouped into DSP with root node add_ln16_80)   --->   "%mul_ln16_100 = mul i16 %sext_ln16_45, i16 %sext_ln16_1" [matrix_mult.cpp:16]   --->   Operation 538 'mul' 'mul_ln16_100' <Predicate = true> <Delay = 1.09> <CoreInst = "DSP48">   --->   Core 116 'DSP48' <Latency = 3> <II = 1> <Delay = 1.82> <IPBlock> <Opcode : '' 'add' 'sub' 'mul' 'select'> <InPorts = 0> <OutPorts = 1> <Sync> <CReg>
ST_14 : Operation 539 [1/1] (0.00ns)   --->   "%sext_ln16_46 = sext i8 %tmp_35" [matrix_mult.cpp:16]   --->   Operation 539 'sext' 'sext_ln16_46' <Predicate = true> <Delay = 0.00>
ST_14 : Operation 540 [1/1] (3.29ns)   --->   "%mul_ln16_101 = mul i16 %sext_ln16_46, i16 %sext_ln16_3" [matrix_mult.cpp:16]   --->   Operation 540 'mul' 'mul_ln16_101' <Predicate = true> <Delay = 3.29> <CoreInst = "Multiplier">   --->   Core 3 'Multiplier' <Latency = 0> <II = 1> <Delay = 3.29> <FuncUnit> <Opcode : 'mul'> <InPorts = 2> <OutPorts = 1>
ST_14 : Operation 541 [1/1] (0.00ns)   --->   "%sext_ln16_47 = sext i8 %tmp_36" [matrix_mult.cpp:16]   --->   Operation 541 'sext' 'sext_ln16_47' <Predicate = true> <Delay = 0.00>
ST_14 : Operation 542 [3/3] (1.09ns) (grouped into DSP with root node add_ln16_82)   --->   "%mul_ln16_102 = mul i16 %sext_ln16_47, i16 %sext_ln16_5" [matrix_mult.cpp:16]   --->   Operation 542 'mul' 'mul_ln16_102' <Predicate = true> <Delay = 1.09> <CoreInst = "DSP48">   --->   Core 116 'DSP48' <Latency = 3> <II = 1> <Delay = 1.82> <IPBlock> <Opcode : '' 'add' 'sub' 'mul' 'select'> <InPorts = 0> <OutPorts = 1> <Sync> <CReg>
ST_14 : Operation 543 [2/3] (1.09ns) (grouped into DSP with root node add_ln16_84)   --->   "%mul_ln16_105 = mul i16 %sext_ln16_45, i16 %sext_ln16_10" [matrix_mult.cpp:16]   --->   Operation 543 'mul' 'mul_ln16_105' <Predicate = true> <Delay = 1.09> <CoreInst = "DSP48">   --->   Core 116 'DSP48' <Latency = 3> <II = 1> <Delay = 1.82> <IPBlock> <Opcode : '' 'add' 'sub' 'mul' 'select'> <InPorts = 0> <OutPorts = 1> <Sync> <CReg>
ST_14 : Operation 544 [1/1] (3.29ns)   --->   "%mul_ln16_106 = mul i16 %sext_ln16_46, i16 %sext_ln16_11" [matrix_mult.cpp:16]   --->   Operation 544 'mul' 'mul_ln16_106' <Predicate = true> <Delay = 3.29> <CoreInst = "Multiplier">   --->   Core 3 'Multiplier' <Latency = 0> <II = 1> <Delay = 3.29> <FuncUnit> <Opcode : 'mul'> <InPorts = 2> <OutPorts = 1>
ST_14 : Operation 545 [3/3] (1.09ns) (grouped into DSP with root node add_ln16_86)   --->   "%mul_ln16_107 = mul i16 %sext_ln16_47, i16 %sext_ln16_12" [matrix_mult.cpp:16]   --->   Operation 545 'mul' 'mul_ln16_107' <Predicate = true> <Delay = 1.09> <CoreInst = "DSP48">   --->   Core 116 'DSP48' <Latency = 3> <II = 1> <Delay = 1.82> <IPBlock> <Opcode : '' 'add' 'sub' 'mul' 'select'> <InPorts = 0> <OutPorts = 1> <Sync> <CReg>
ST_14 : Operation 546 [2/3] (1.09ns) (grouped into DSP with root node add_ln16_88)   --->   "%mul_ln16_110 = mul i16 %sext_ln16_45, i16 %sext_ln16_15" [matrix_mult.cpp:16]   --->   Operation 546 'mul' 'mul_ln16_110' <Predicate = true> <Delay = 1.09> <CoreInst = "DSP48">   --->   Core 116 'DSP48' <Latency = 3> <II = 1> <Delay = 1.82> <IPBlock> <Opcode : '' 'add' 'sub' 'mul' 'select'> <InPorts = 0> <OutPorts = 1> <Sync> <CReg>
ST_14 : Operation 547 [1/1] (3.29ns)   --->   "%mul_ln16_111 = mul i16 %sext_ln16_46, i16 %sext_ln16_16" [matrix_mult.cpp:16]   --->   Operation 547 'mul' 'mul_ln16_111' <Predicate = true> <Delay = 3.29> <CoreInst = "Multiplier">   --->   Core 3 'Multiplier' <Latency = 0> <II = 1> <Delay = 3.29> <FuncUnit> <Opcode : 'mul'> <InPorts = 2> <OutPorts = 1>
ST_14 : Operation 548 [3/3] (1.09ns) (grouped into DSP with root node add_ln16_90)   --->   "%mul_ln16_112 = mul i16 %sext_ln16_47, i16 %sext_ln16_17" [matrix_mult.cpp:16]   --->   Operation 548 'mul' 'mul_ln16_112' <Predicate = true> <Delay = 1.09> <CoreInst = "DSP48">   --->   Core 116 'DSP48' <Latency = 3> <II = 1> <Delay = 1.82> <IPBlock> <Opcode : '' 'add' 'sub' 'mul' 'select'> <InPorts = 0> <OutPorts = 1> <Sync> <CReg>
ST_14 : Operation 549 [3/3] (1.09ns) (grouped into DSP with root node add_ln16_92)   --->   "%mul_ln16_115 = mul i16 %sext_ln16_45, i16 %sext_ln16_20" [matrix_mult.cpp:16]   --->   Operation 549 'mul' 'mul_ln16_115' <Predicate = true> <Delay = 1.09> <CoreInst = "DSP48">   --->   Core 116 'DSP48' <Latency = 3> <II = 1> <Delay = 1.82> <IPBlock> <Opcode : '' 'add' 'sub' 'mul' 'select'> <InPorts = 0> <OutPorts = 1> <Sync> <CReg>
ST_14 : Operation 550 [3/3] (1.09ns) (grouped into DSP with root node add_ln16_94)   --->   "%mul_ln16_117 = mul i16 %sext_ln16_47, i16 %sext_ln16_22" [matrix_mult.cpp:16]   --->   Operation 550 'mul' 'mul_ln16_117' <Predicate = true> <Delay = 1.09> <CoreInst = "DSP48">   --->   Core 116 'DSP48' <Latency = 3> <II = 1> <Delay = 1.82> <IPBlock> <Opcode : '' 'add' 'sub' 'mul' 'select'> <InPorts = 0> <OutPorts = 1> <Sync> <CReg>
ST_14 : Operation 551 [3/3] (1.09ns) (grouped into DSP with root node add_ln16_96)   --->   "%mul_ln16_120 = mul i16 %sext_ln16_45, i16 %sext_ln16_25" [matrix_mult.cpp:16]   --->   Operation 551 'mul' 'mul_ln16_120' <Predicate = true> <Delay = 1.09> <CoreInst = "DSP48">   --->   Core 116 'DSP48' <Latency = 3> <II = 1> <Delay = 1.82> <IPBlock> <Opcode : '' 'add' 'sub' 'mul' 'select'> <InPorts = 0> <OutPorts = 1> <Sync> <CReg>

State 15 <SV = 14> <Delay = 3.29>
ST_15 : Operation 552 [1/1] (0.00ns)   --->   "%prod_addr_6 = getelementptr i16 %prod, i64 0, i64 6" [matrix_mult.cpp:16]   --->   Operation 552 'getelementptr' 'prod_addr_6' <Predicate = true> <Delay = 0.00>
ST_15 : Operation 553 [1/1] (0.00ns)   --->   "%prod_addr_7 = getelementptr i16 %prod, i64 0, i64 7" [matrix_mult.cpp:16]   --->   Operation 553 'getelementptr' 'prod_addr_7' <Predicate = true> <Delay = 0.00>
ST_15 : Operation 554 [1/1] (1.42ns)   --->   "%store_ln16 = store i16 %add_ln16_27, i5 %prod_addr_6" [matrix_mult.cpp:16]   --->   Operation 554 'store' 'store_ln16' <Predicate = true> <Delay = 1.42> <CoreInst = "RAM">   --->   Core 81 'RAM' <Latency = 1> <II = 1> <Delay = 1.42> <Storage> <Opcode : 'load' 'store'> <Ports = 2> <Width = 16> <Depth = 25> <RAM>
ST_15 : Operation 555 [1/1] (1.42ns)   --->   "%store_ln16 = store i16 %add_ln16_31, i5 %prod_addr_7" [matrix_mult.cpp:16]   --->   Operation 555 'store' 'store_ln16' <Predicate = true> <Delay = 1.42> <CoreInst = "RAM">   --->   Core 81 'RAM' <Latency = 1> <II = 1> <Delay = 1.42> <Storage> <Opcode : 'load' 'store'> <Ports = 2> <Width = 16> <Depth = 25> <RAM>
ST_15 : Operation 556 [1/2] (1.78ns) (root node of the DSP)   --->   "%add_ln16_60 = add i16 %mul_ln16_76, i16 %mul_ln16_75" [matrix_mult.cpp:16]   --->   Operation 556 'add' 'add_ln16_60' <Predicate = true> <Delay = 1.78> <CoreInst = "DSP48">   --->   Core 116 'DSP48' <Latency = 3> <II = 1> <Delay = 1.82> <IPBlock> <Opcode : '' 'add' 'sub' 'mul' 'select'> <InPorts = 0> <OutPorts = 1> <Sync> <CReg>
ST_15 : Operation 557 [1/1] (1.48ns)   --->   "%add_ln16_63 = add i16 %add_ln16_62, i16 %add_ln16_60" [matrix_mult.cpp:16]   --->   Operation 557 'add' 'add_ln16_63' <Predicate = true> <Delay = 1.48> <CoreInst = "Adder">   --->   Core 1 'Adder' <Latency = 0> <II = 1> <Delay = 1.48> <FuncUnit> <Opcode : 'add' 'sub'> <InPorts = 2> <OutPorts = 1>
ST_15 : Operation 558 [1/2] (1.78ns) (root node of the DSP)   --->   "%add_ln16_64 = add i16 %mul_ln16_81, i16 %mul_ln16_80" [matrix_mult.cpp:16]   --->   Operation 558 'add' 'add_ln16_64' <Predicate = true> <Delay = 1.78> <CoreInst = "DSP48">   --->   Core 116 'DSP48' <Latency = 3> <II = 1> <Delay = 1.82> <IPBlock> <Opcode : '' 'add' 'sub' 'mul' 'select'> <InPorts = 0> <OutPorts = 1> <Sync> <CReg>
ST_15 : Operation 559 [1/2] (1.78ns) (root node of the DSP)   --->   "%add_ln16_66 = add i16 %add_ln16_65, i16 %mul_ln16_82" [matrix_mult.cpp:16]   --->   Operation 559 'add' 'add_ln16_66' <Predicate = true> <Delay = 1.78> <CoreInst = "DSP48">   --->   Core 116 'DSP48' <Latency = 3> <II = 1> <Delay = 1.82> <IPBlock> <Opcode : '' 'add' 'sub' 'mul' 'select'> <InPorts = 0> <OutPorts = 1> <Sync> <CReg>
ST_15 : Operation 560 [1/1] (1.48ns)   --->   "%add_ln16_67 = add i16 %add_ln16_66, i16 %add_ln16_64" [matrix_mult.cpp:16]   --->   Operation 560 'add' 'add_ln16_67' <Predicate = true> <Delay = 1.48> <CoreInst = "Adder">   --->   Core 1 'Adder' <Latency = 0> <II = 1> <Delay = 1.48> <FuncUnit> <Opcode : 'add' 'sub'> <InPorts = 2> <OutPorts = 1>
ST_15 : Operation 561 [1/2] (1.78ns) (root node of the DSP)   --->   "%add_ln16_68 = add i16 %mul_ln16_86, i16 %mul_ln16_85" [matrix_mult.cpp:16]   --->   Operation 561 'add' 'add_ln16_68' <Predicate = true> <Delay = 1.78> <CoreInst = "DSP48">   --->   Core 116 'DSP48' <Latency = 3> <II = 1> <Delay = 1.82> <IPBlock> <Opcode : '' 'add' 'sub' 'mul' 'select'> <InPorts = 0> <OutPorts = 1> <Sync> <CReg>
ST_15 : Operation 562 [1/2] (1.78ns) (root node of the DSP)   --->   "%add_ln16_70 = add i16 %add_ln16_69, i16 %mul_ln16_87" [matrix_mult.cpp:16]   --->   Operation 562 'add' 'add_ln16_70' <Predicate = true> <Delay = 1.78> <CoreInst = "DSP48">   --->   Core 116 'DSP48' <Latency = 3> <II = 1> <Delay = 1.82> <IPBlock> <Opcode : '' 'add' 'sub' 'mul' 'select'> <InPorts = 0> <OutPorts = 1> <Sync> <CReg>
ST_15 : Operation 563 [1/1] (1.48ns)   --->   "%add_ln16_71 = add i16 %add_ln16_70, i16 %add_ln16_68" [matrix_mult.cpp:16]   --->   Operation 563 'add' 'add_ln16_71' <Predicate = true> <Delay = 1.48> <CoreInst = "Adder">   --->   Core 1 'Adder' <Latency = 0> <II = 1> <Delay = 1.48> <FuncUnit> <Opcode : 'add' 'sub'> <InPorts = 2> <OutPorts = 1>
ST_15 : Operation 564 [1/3] (0.00ns) (grouped into DSP with root node add_ln16_74)   --->   "%mul_ln16_92 = mul i16 %sext_ln16_42, i16 %sext_ln16_22" [matrix_mult.cpp:16]   --->   Operation 564 'mul' 'mul_ln16_92' <Predicate = true> <Delay = 0.00> <CoreInst = "DSP48">   --->   Core 116 'DSP48' <Latency = 3> <II = 1> <Delay = 1.82> <IPBlock> <Opcode : '' 'add' 'sub' 'mul' 'select'> <InPorts = 0> <OutPorts = 1> <Sync> <CReg>
ST_15 : Operation 565 [1/2] (1.78ns) (root node of the DSP)   --->   "%add_ln16_72 = add i16 %mul_ln16_91, i16 %mul_ln16_90" [matrix_mult.cpp:16]   --->   Operation 565 'add' 'add_ln16_72' <Predicate = true> <Delay = 1.78> <CoreInst = "DSP48">   --->   Core 116 'DSP48' <Latency = 3> <II = 1> <Delay = 1.82> <IPBlock> <Opcode : '' 'add' 'sub' 'mul' 'select'> <InPorts = 0> <OutPorts = 1> <Sync> <CReg>
ST_15 : Operation 566 [2/2] (1.78ns) (root node of the DSP)   --->   "%add_ln16_74 = add i16 %add_ln16_73, i16 %mul_ln16_92" [matrix_mult.cpp:16]   --->   Operation 566 'add' 'add_ln16_74' <Predicate = true> <Delay = 1.78> <CoreInst = "DSP48">   --->   Core 116 'DSP48' <Latency = 3> <II = 1> <Delay = 1.82> <IPBlock> <Opcode : '' 'add' 'sub' 'mul' 'select'> <InPorts = 0> <OutPorts = 1> <Sync> <CReg>
ST_15 : Operation 567 [1/3] (0.00ns) (grouped into DSP with root node add_ln16_76)   --->   "%mul_ln16_95 = mul i16 %sext_ln16_40, i16 %sext_ln16_25" [matrix_mult.cpp:16]   --->   Operation 567 'mul' 'mul_ln16_95' <Predicate = true> <Delay = 0.00> <CoreInst = "DSP48">   --->   Core 116 'DSP48' <Latency = 3> <II = 1> <Delay = 1.82> <IPBlock> <Opcode : '' 'add' 'sub' 'mul' 'select'> <InPorts = 0> <OutPorts = 1> <Sync> <CReg>
ST_15 : Operation 568 [1/3] (0.00ns) (grouped into DSP with root node add_ln16_78)   --->   "%mul_ln16_97 = mul i16 %sext_ln16_42, i16 %sext_ln16_27" [matrix_mult.cpp:16]   --->   Operation 568 'mul' 'mul_ln16_97' <Predicate = true> <Delay = 0.00> <CoreInst = "DSP48">   --->   Core 116 'DSP48' <Latency = 3> <II = 1> <Delay = 1.82> <IPBlock> <Opcode : '' 'add' 'sub' 'mul' 'select'> <InPorts = 0> <OutPorts = 1> <Sync> <CReg>
ST_15 : Operation 569 [2/2] (1.78ns) (root node of the DSP)   --->   "%add_ln16_76 = add i16 %mul_ln16_96, i16 %mul_ln16_95" [matrix_mult.cpp:16]   --->   Operation 569 'add' 'add_ln16_76' <Predicate = true> <Delay = 1.78> <CoreInst = "DSP48">   --->   Core 116 'DSP48' <Latency = 3> <II = 1> <Delay = 1.82> <IPBlock> <Opcode : '' 'add' 'sub' 'mul' 'select'> <InPorts = 0> <OutPorts = 1> <Sync> <CReg>
ST_15 : Operation 570 [2/2] (1.78ns) (root node of the DSP)   --->   "%add_ln16_78 = add i16 %add_ln16_77, i16 %mul_ln16_97" [matrix_mult.cpp:16]   --->   Operation 570 'add' 'add_ln16_78' <Predicate = true> <Delay = 1.78> <CoreInst = "DSP48">   --->   Core 116 'DSP48' <Latency = 3> <II = 1> <Delay = 1.82> <IPBlock> <Opcode : '' 'add' 'sub' 'mul' 'select'> <InPorts = 0> <OutPorts = 1> <Sync> <CReg>
ST_15 : Operation 571 [1/3] (0.00ns) (grouped into DSP with root node add_ln16_80)   --->   "%mul_ln16_100 = mul i16 %sext_ln16_45, i16 %sext_ln16_1" [matrix_mult.cpp:16]   --->   Operation 571 'mul' 'mul_ln16_100' <Predicate = true> <Delay = 0.00> <CoreInst = "DSP48">   --->   Core 116 'DSP48' <Latency = 3> <II = 1> <Delay = 1.82> <IPBlock> <Opcode : '' 'add' 'sub' 'mul' 'select'> <InPorts = 0> <OutPorts = 1> <Sync> <CReg>
ST_15 : Operation 572 [2/3] (1.09ns) (grouped into DSP with root node add_ln16_82)   --->   "%mul_ln16_102 = mul i16 %sext_ln16_47, i16 %sext_ln16_5" [matrix_mult.cpp:16]   --->   Operation 572 'mul' 'mul_ln16_102' <Predicate = true> <Delay = 1.09> <CoreInst = "DSP48">   --->   Core 116 'DSP48' <Latency = 3> <II = 1> <Delay = 1.82> <IPBlock> <Opcode : '' 'add' 'sub' 'mul' 'select'> <InPorts = 0> <OutPorts = 1> <Sync> <CReg>
ST_15 : Operation 573 [2/2] (1.78ns) (root node of the DSP)   --->   "%add_ln16_80 = add i16 %mul_ln16_101, i16 %mul_ln16_100" [matrix_mult.cpp:16]   --->   Operation 573 'add' 'add_ln16_80' <Predicate = true> <Delay = 1.78> <CoreInst = "DSP48">   --->   Core 116 'DSP48' <Latency = 3> <II = 1> <Delay = 1.82> <IPBlock> <Opcode : '' 'add' 'sub' 'mul' 'select'> <InPorts = 0> <OutPorts = 1> <Sync> <CReg>
ST_15 : Operation 574 [1/3] (0.00ns) (grouped into DSP with root node add_ln16_84)   --->   "%mul_ln16_105 = mul i16 %sext_ln16_45, i16 %sext_ln16_10" [matrix_mult.cpp:16]   --->   Operation 574 'mul' 'mul_ln16_105' <Predicate = true> <Delay = 0.00> <CoreInst = "DSP48">   --->   Core 116 'DSP48' <Latency = 3> <II = 1> <Delay = 1.82> <IPBlock> <Opcode : '' 'add' 'sub' 'mul' 'select'> <InPorts = 0> <OutPorts = 1> <Sync> <CReg>
ST_15 : Operation 575 [2/3] (1.09ns) (grouped into DSP with root node add_ln16_86)   --->   "%mul_ln16_107 = mul i16 %sext_ln16_47, i16 %sext_ln16_12" [matrix_mult.cpp:16]   --->   Operation 575 'mul' 'mul_ln16_107' <Predicate = true> <Delay = 1.09> <CoreInst = "DSP48">   --->   Core 116 'DSP48' <Latency = 3> <II = 1> <Delay = 1.82> <IPBlock> <Opcode : '' 'add' 'sub' 'mul' 'select'> <InPorts = 0> <OutPorts = 1> <Sync> <CReg>
ST_15 : Operation 576 [2/2] (1.78ns) (root node of the DSP)   --->   "%add_ln16_84 = add i16 %mul_ln16_106, i16 %mul_ln16_105" [matrix_mult.cpp:16]   --->   Operation 576 'add' 'add_ln16_84' <Predicate = true> <Delay = 1.78> <CoreInst = "DSP48">   --->   Core 116 'DSP48' <Latency = 3> <II = 1> <Delay = 1.82> <IPBlock> <Opcode : '' 'add' 'sub' 'mul' 'select'> <InPorts = 0> <OutPorts = 1> <Sync> <CReg>
ST_15 : Operation 577 [1/3] (0.00ns) (grouped into DSP with root node add_ln16_88)   --->   "%mul_ln16_110 = mul i16 %sext_ln16_45, i16 %sext_ln16_15" [matrix_mult.cpp:16]   --->   Operation 577 'mul' 'mul_ln16_110' <Predicate = true> <Delay = 0.00> <CoreInst = "DSP48">   --->   Core 116 'DSP48' <Latency = 3> <II = 1> <Delay = 1.82> <IPBlock> <Opcode : '' 'add' 'sub' 'mul' 'select'> <InPorts = 0> <OutPorts = 1> <Sync> <CReg>
ST_15 : Operation 578 [2/3] (1.09ns) (grouped into DSP with root node add_ln16_90)   --->   "%mul_ln16_112 = mul i16 %sext_ln16_47, i16 %sext_ln16_17" [matrix_mult.cpp:16]   --->   Operation 578 'mul' 'mul_ln16_112' <Predicate = true> <Delay = 1.09> <CoreInst = "DSP48">   --->   Core 116 'DSP48' <Latency = 3> <II = 1> <Delay = 1.82> <IPBlock> <Opcode : '' 'add' 'sub' 'mul' 'select'> <InPorts = 0> <OutPorts = 1> <Sync> <CReg>
ST_15 : Operation 579 [2/2] (1.78ns) (root node of the DSP)   --->   "%add_ln16_88 = add i16 %mul_ln16_111, i16 %mul_ln16_110" [matrix_mult.cpp:16]   --->   Operation 579 'add' 'add_ln16_88' <Predicate = true> <Delay = 1.78> <CoreInst = "DSP48">   --->   Core 116 'DSP48' <Latency = 3> <II = 1> <Delay = 1.82> <IPBlock> <Opcode : '' 'add' 'sub' 'mul' 'select'> <InPorts = 0> <OutPorts = 1> <Sync> <CReg>
ST_15 : Operation 580 [2/3] (1.09ns) (grouped into DSP with root node add_ln16_92)   --->   "%mul_ln16_115 = mul i16 %sext_ln16_45, i16 %sext_ln16_20" [matrix_mult.cpp:16]   --->   Operation 580 'mul' 'mul_ln16_115' <Predicate = true> <Delay = 1.09> <CoreInst = "DSP48">   --->   Core 116 'DSP48' <Latency = 3> <II = 1> <Delay = 1.82> <IPBlock> <Opcode : '' 'add' 'sub' 'mul' 'select'> <InPorts = 0> <OutPorts = 1> <Sync> <CReg>
ST_15 : Operation 581 [1/1] (3.29ns)   --->   "%mul_ln16_116 = mul i16 %sext_ln16_46, i16 %sext_ln16_21" [matrix_mult.cpp:16]   --->   Operation 581 'mul' 'mul_ln16_116' <Predicate = true> <Delay = 3.29> <CoreInst = "Multiplier">   --->   Core 3 'Multiplier' <Latency = 0> <II = 1> <Delay = 3.29> <FuncUnit> <Opcode : 'mul'> <InPorts = 2> <OutPorts = 1>
ST_15 : Operation 582 [2/3] (1.09ns) (grouped into DSP with root node add_ln16_94)   --->   "%mul_ln16_117 = mul i16 %sext_ln16_47, i16 %sext_ln16_22" [matrix_mult.cpp:16]   --->   Operation 582 'mul' 'mul_ln16_117' <Predicate = true> <Delay = 1.09> <CoreInst = "DSP48">   --->   Core 116 'DSP48' <Latency = 3> <II = 1> <Delay = 1.82> <IPBlock> <Opcode : '' 'add' 'sub' 'mul' 'select'> <InPorts = 0> <OutPorts = 1> <Sync> <CReg>
ST_15 : Operation 583 [2/3] (1.09ns) (grouped into DSP with root node add_ln16_96)   --->   "%mul_ln16_120 = mul i16 %sext_ln16_45, i16 %sext_ln16_25" [matrix_mult.cpp:16]   --->   Operation 583 'mul' 'mul_ln16_120' <Predicate = true> <Delay = 1.09> <CoreInst = "DSP48">   --->   Core 116 'DSP48' <Latency = 3> <II = 1> <Delay = 1.82> <IPBlock> <Opcode : '' 'add' 'sub' 'mul' 'select'> <InPorts = 0> <OutPorts = 1> <Sync> <CReg>
ST_15 : Operation 584 [1/1] (3.29ns)   --->   "%mul_ln16_121 = mul i16 %sext_ln16_46, i16 %sext_ln16_26" [matrix_mult.cpp:16]   --->   Operation 584 'mul' 'mul_ln16_121' <Predicate = true> <Delay = 3.29> <CoreInst = "Multiplier">   --->   Core 3 'Multiplier' <Latency = 0> <II = 1> <Delay = 3.29> <FuncUnit> <Opcode : 'mul'> <InPorts = 2> <OutPorts = 1>
ST_15 : Operation 585 [3/3] (1.09ns) (grouped into DSP with root node add_ln16_98)   --->   "%mul_ln16_122 = mul i16 %sext_ln16_47, i16 %sext_ln16_27" [matrix_mult.cpp:16]   --->   Operation 585 'mul' 'mul_ln16_122' <Predicate = true> <Delay = 1.09> <CoreInst = "DSP48">   --->   Core 116 'DSP48' <Latency = 3> <II = 1> <Delay = 1.82> <IPBlock> <Opcode : '' 'add' 'sub' 'mul' 'select'> <InPorts = 0> <OutPorts = 1> <Sync> <CReg>

State 16 <SV = 15> <Delay = 3.26>
ST_16 : Operation 586 [1/1] (0.00ns)   --->   "%prod_addr_8 = getelementptr i16 %prod, i64 0, i64 8" [matrix_mult.cpp:16]   --->   Operation 586 'getelementptr' 'prod_addr_8' <Predicate = true> <Delay = 0.00>
ST_16 : Operation 587 [1/1] (0.00ns)   --->   "%prod_addr_9 = getelementptr i16 %prod, i64 0, i64 9" [matrix_mult.cpp:16]   --->   Operation 587 'getelementptr' 'prod_addr_9' <Predicate = true> <Delay = 0.00>
ST_16 : Operation 588 [1/1] (1.42ns)   --->   "%store_ln16 = store i16 %add_ln16_35, i5 %prod_addr_8" [matrix_mult.cpp:16]   --->   Operation 588 'store' 'store_ln16' <Predicate = true> <Delay = 1.42> <CoreInst = "RAM">   --->   Core 81 'RAM' <Latency = 1> <II = 1> <Delay = 1.42> <Storage> <Opcode : 'load' 'store'> <Ports = 2> <Width = 16> <Depth = 25> <RAM>
ST_16 : Operation 589 [1/1] (1.42ns)   --->   "%store_ln16 = store i16 %add_ln16_39, i5 %prod_addr_9" [matrix_mult.cpp:16]   --->   Operation 589 'store' 'store_ln16' <Predicate = true> <Delay = 1.42> <CoreInst = "RAM">   --->   Core 81 'RAM' <Latency = 1> <II = 1> <Delay = 1.42> <Storage> <Opcode : 'load' 'store'> <Ports = 2> <Width = 16> <Depth = 25> <RAM>
ST_16 : Operation 590 [1/2] (1.78ns) (root node of the DSP)   --->   "%add_ln16_74 = add i16 %add_ln16_73, i16 %mul_ln16_92" [matrix_mult.cpp:16]   --->   Operation 590 'add' 'add_ln16_74' <Predicate = true> <Delay = 1.78> <CoreInst = "DSP48">   --->   Core 116 'DSP48' <Latency = 3> <II = 1> <Delay = 1.82> <IPBlock> <Opcode : '' 'add' 'sub' 'mul' 'select'> <InPorts = 0> <OutPorts = 1> <Sync> <CReg>
ST_16 : Operation 591 [1/1] (1.48ns)   --->   "%add_ln16_75 = add i16 %add_ln16_74, i16 %add_ln16_72" [matrix_mult.cpp:16]   --->   Operation 591 'add' 'add_ln16_75' <Predicate = true> <Delay = 1.48> <CoreInst = "Adder">   --->   Core 1 'Adder' <Latency = 0> <II = 1> <Delay = 1.48> <FuncUnit> <Opcode : 'add' 'sub'> <InPorts = 2> <OutPorts = 1>
ST_16 : Operation 592 [1/2] (1.78ns) (root node of the DSP)   --->   "%add_ln16_76 = add i16 %mul_ln16_96, i16 %mul_ln16_95" [matrix_mult.cpp:16]   --->   Operation 592 'add' 'add_ln16_76' <Predicate = true> <Delay = 1.78> <CoreInst = "DSP48">   --->   Core 116 'DSP48' <Latency = 3> <II = 1> <Delay = 1.82> <IPBlock> <Opcode : '' 'add' 'sub' 'mul' 'select'> <InPorts = 0> <OutPorts = 1> <Sync> <CReg>
ST_16 : Operation 593 [1/2] (1.78ns) (root node of the DSP)   --->   "%add_ln16_78 = add i16 %add_ln16_77, i16 %mul_ln16_97" [matrix_mult.cpp:16]   --->   Operation 593 'add' 'add_ln16_78' <Predicate = true> <Delay = 1.78> <CoreInst = "DSP48">   --->   Core 116 'DSP48' <Latency = 3> <II = 1> <Delay = 1.82> <IPBlock> <Opcode : '' 'add' 'sub' 'mul' 'select'> <InPorts = 0> <OutPorts = 1> <Sync> <CReg>
ST_16 : Operation 594 [1/1] (1.48ns)   --->   "%add_ln16_79 = add i16 %add_ln16_78, i16 %add_ln16_76" [matrix_mult.cpp:16]   --->   Operation 594 'add' 'add_ln16_79' <Predicate = true> <Delay = 1.48> <CoreInst = "Adder">   --->   Core 1 'Adder' <Latency = 0> <II = 1> <Delay = 1.48> <FuncUnit> <Opcode : 'add' 'sub'> <InPorts = 2> <OutPorts = 1>
ST_16 : Operation 595 [1/3] (0.00ns) (grouped into DSP with root node add_ln16_82)   --->   "%mul_ln16_102 = mul i16 %sext_ln16_47, i16 %sext_ln16_5" [matrix_mult.cpp:16]   --->   Operation 595 'mul' 'mul_ln16_102' <Predicate = true> <Delay = 0.00> <CoreInst = "DSP48">   --->   Core 116 'DSP48' <Latency = 3> <II = 1> <Delay = 1.82> <IPBlock> <Opcode : '' 'add' 'sub' 'mul' 'select'> <InPorts = 0> <OutPorts = 1> <Sync> <CReg>
ST_16 : Operation 596 [1/2] (1.78ns) (root node of the DSP)   --->   "%add_ln16_80 = add i16 %mul_ln16_101, i16 %mul_ln16_100" [matrix_mult.cpp:16]   --->   Operation 596 'add' 'add_ln16_80' <Predicate = true> <Delay = 1.78> <CoreInst = "DSP48">   --->   Core 116 'DSP48' <Latency = 3> <II = 1> <Delay = 1.82> <IPBlock> <Opcode : '' 'add' 'sub' 'mul' 'select'> <InPorts = 0> <OutPorts = 1> <Sync> <CReg>
ST_16 : Operation 597 [2/2] (1.78ns) (root node of the DSP)   --->   "%add_ln16_82 = add i16 %add_ln16_81, i16 %mul_ln16_102" [matrix_mult.cpp:16]   --->   Operation 597 'add' 'add_ln16_82' <Predicate = true> <Delay = 1.78> <CoreInst = "DSP48">   --->   Core 116 'DSP48' <Latency = 3> <II = 1> <Delay = 1.82> <IPBlock> <Opcode : '' 'add' 'sub' 'mul' 'select'> <InPorts = 0> <OutPorts = 1> <Sync> <CReg>
ST_16 : Operation 598 [1/3] (0.00ns) (grouped into DSP with root node add_ln16_86)   --->   "%mul_ln16_107 = mul i16 %sext_ln16_47, i16 %sext_ln16_12" [matrix_mult.cpp:16]   --->   Operation 598 'mul' 'mul_ln16_107' <Predicate = true> <Delay = 0.00> <CoreInst = "DSP48">   --->   Core 116 'DSP48' <Latency = 3> <II = 1> <Delay = 1.82> <IPBlock> <Opcode : '' 'add' 'sub' 'mul' 'select'> <InPorts = 0> <OutPorts = 1> <Sync> <CReg>
ST_16 : Operation 599 [1/2] (1.78ns) (root node of the DSP)   --->   "%add_ln16_84 = add i16 %mul_ln16_106, i16 %mul_ln16_105" [matrix_mult.cpp:16]   --->   Operation 599 'add' 'add_ln16_84' <Predicate = true> <Delay = 1.78> <CoreInst = "DSP48">   --->   Core 116 'DSP48' <Latency = 3> <II = 1> <Delay = 1.82> <IPBlock> <Opcode : '' 'add' 'sub' 'mul' 'select'> <InPorts = 0> <OutPorts = 1> <Sync> <CReg>
ST_16 : Operation 600 [2/2] (1.78ns) (root node of the DSP)   --->   "%add_ln16_86 = add i16 %add_ln16_85, i16 %mul_ln16_107" [matrix_mult.cpp:16]   --->   Operation 600 'add' 'add_ln16_86' <Predicate = true> <Delay = 1.78> <CoreInst = "DSP48">   --->   Core 116 'DSP48' <Latency = 3> <II = 1> <Delay = 1.82> <IPBlock> <Opcode : '' 'add' 'sub' 'mul' 'select'> <InPorts = 0> <OutPorts = 1> <Sync> <CReg>
ST_16 : Operation 601 [1/3] (0.00ns) (grouped into DSP with root node add_ln16_90)   --->   "%mul_ln16_112 = mul i16 %sext_ln16_47, i16 %sext_ln16_17" [matrix_mult.cpp:16]   --->   Operation 601 'mul' 'mul_ln16_112' <Predicate = true> <Delay = 0.00> <CoreInst = "DSP48">   --->   Core 116 'DSP48' <Latency = 3> <II = 1> <Delay = 1.82> <IPBlock> <Opcode : '' 'add' 'sub' 'mul' 'select'> <InPorts = 0> <OutPorts = 1> <Sync> <CReg>
ST_16 : Operation 602 [1/2] (1.78ns) (root node of the DSP)   --->   "%add_ln16_88 = add i16 %mul_ln16_111, i16 %mul_ln16_110" [matrix_mult.cpp:16]   --->   Operation 602 'add' 'add_ln16_88' <Predicate = true> <Delay = 1.78> <CoreInst = "DSP48">   --->   Core 116 'DSP48' <Latency = 3> <II = 1> <Delay = 1.82> <IPBlock> <Opcode : '' 'add' 'sub' 'mul' 'select'> <InPorts = 0> <OutPorts = 1> <Sync> <CReg>
ST_16 : Operation 603 [2/2] (1.78ns) (root node of the DSP)   --->   "%add_ln16_90 = add i16 %add_ln16_89, i16 %mul_ln16_112" [matrix_mult.cpp:16]   --->   Operation 603 'add' 'add_ln16_90' <Predicate = true> <Delay = 1.78> <CoreInst = "DSP48">   --->   Core 116 'DSP48' <Latency = 3> <II = 1> <Delay = 1.82> <IPBlock> <Opcode : '' 'add' 'sub' 'mul' 'select'> <InPorts = 0> <OutPorts = 1> <Sync> <CReg>
ST_16 : Operation 604 [1/3] (0.00ns) (grouped into DSP with root node add_ln16_92)   --->   "%mul_ln16_115 = mul i16 %sext_ln16_45, i16 %sext_ln16_20" [matrix_mult.cpp:16]   --->   Operation 604 'mul' 'mul_ln16_115' <Predicate = true> <Delay = 0.00> <CoreInst = "DSP48">   --->   Core 116 'DSP48' <Latency = 3> <II = 1> <Delay = 1.82> <IPBlock> <Opcode : '' 'add' 'sub' 'mul' 'select'> <InPorts = 0> <OutPorts = 1> <Sync> <CReg>
ST_16 : Operation 605 [1/3] (0.00ns) (grouped into DSP with root node add_ln16_94)   --->   "%mul_ln16_117 = mul i16 %sext_ln16_47, i16 %sext_ln16_22" [matrix_mult.cpp:16]   --->   Operation 605 'mul' 'mul_ln16_117' <Predicate = true> <Delay = 0.00> <CoreInst = "DSP48">   --->   Core 116 'DSP48' <Latency = 3> <II = 1> <Delay = 1.82> <IPBlock> <Opcode : '' 'add' 'sub' 'mul' 'select'> <InPorts = 0> <OutPorts = 1> <Sync> <CReg>
ST_16 : Operation 606 [2/2] (1.78ns) (root node of the DSP)   --->   "%add_ln16_92 = add i16 %mul_ln16_116, i16 %mul_ln16_115" [matrix_mult.cpp:16]   --->   Operation 606 'add' 'add_ln16_92' <Predicate = true> <Delay = 1.78> <CoreInst = "DSP48">   --->   Core 116 'DSP48' <Latency = 3> <II = 1> <Delay = 1.82> <IPBlock> <Opcode : '' 'add' 'sub' 'mul' 'select'> <InPorts = 0> <OutPorts = 1> <Sync> <CReg>
ST_16 : Operation 607 [2/2] (1.78ns) (root node of the DSP)   --->   "%add_ln16_94 = add i16 %add_ln16_93, i16 %mul_ln16_117" [matrix_mult.cpp:16]   --->   Operation 607 'add' 'add_ln16_94' <Predicate = true> <Delay = 1.78> <CoreInst = "DSP48">   --->   Core 116 'DSP48' <Latency = 3> <II = 1> <Delay = 1.82> <IPBlock> <Opcode : '' 'add' 'sub' 'mul' 'select'> <InPorts = 0> <OutPorts = 1> <Sync> <CReg>
ST_16 : Operation 608 [1/3] (0.00ns) (grouped into DSP with root node add_ln16_96)   --->   "%mul_ln16_120 = mul i16 %sext_ln16_45, i16 %sext_ln16_25" [matrix_mult.cpp:16]   --->   Operation 608 'mul' 'mul_ln16_120' <Predicate = true> <Delay = 0.00> <CoreInst = "DSP48">   --->   Core 116 'DSP48' <Latency = 3> <II = 1> <Delay = 1.82> <IPBlock> <Opcode : '' 'add' 'sub' 'mul' 'select'> <InPorts = 0> <OutPorts = 1> <Sync> <CReg>
ST_16 : Operation 609 [2/3] (1.09ns) (grouped into DSP with root node add_ln16_98)   --->   "%mul_ln16_122 = mul i16 %sext_ln16_47, i16 %sext_ln16_27" [matrix_mult.cpp:16]   --->   Operation 609 'mul' 'mul_ln16_122' <Predicate = true> <Delay = 1.09> <CoreInst = "DSP48">   --->   Core 116 'DSP48' <Latency = 3> <II = 1> <Delay = 1.82> <IPBlock> <Opcode : '' 'add' 'sub' 'mul' 'select'> <InPorts = 0> <OutPorts = 1> <Sync> <CReg>
ST_16 : Operation 610 [2/2] (1.78ns) (root node of the DSP)   --->   "%add_ln16_96 = add i16 %mul_ln16_121, i16 %mul_ln16_120" [matrix_mult.cpp:16]   --->   Operation 610 'add' 'add_ln16_96' <Predicate = true> <Delay = 1.78> <CoreInst = "DSP48">   --->   Core 116 'DSP48' <Latency = 3> <II = 1> <Delay = 1.82> <IPBlock> <Opcode : '' 'add' 'sub' 'mul' 'select'> <InPorts = 0> <OutPorts = 1> <Sync> <CReg>

State 17 <SV = 16> <Delay = 3.26>
ST_17 : Operation 611 [1/1] (0.00ns)   --->   "%prod_addr_10 = getelementptr i16 %prod, i64 0, i64 10" [matrix_mult.cpp:16]   --->   Operation 611 'getelementptr' 'prod_addr_10' <Predicate = true> <Delay = 0.00>
ST_17 : Operation 612 [1/1] (0.00ns)   --->   "%prod_addr_11 = getelementptr i16 %prod, i64 0, i64 11" [matrix_mult.cpp:16]   --->   Operation 612 'getelementptr' 'prod_addr_11' <Predicate = true> <Delay = 0.00>
ST_17 : Operation 613 [1/1] (1.42ns)   --->   "%store_ln16 = store i16 %add_ln16_43, i5 %prod_addr_10" [matrix_mult.cpp:16]   --->   Operation 613 'store' 'store_ln16' <Predicate = true> <Delay = 1.42> <CoreInst = "RAM">   --->   Core 81 'RAM' <Latency = 1> <II = 1> <Delay = 1.42> <Storage> <Opcode : 'load' 'store'> <Ports = 2> <Width = 16> <Depth = 25> <RAM>
ST_17 : Operation 614 [1/1] (1.42ns)   --->   "%store_ln16 = store i16 %add_ln16_47, i5 %prod_addr_11" [matrix_mult.cpp:16]   --->   Operation 614 'store' 'store_ln16' <Predicate = true> <Delay = 1.42> <CoreInst = "RAM">   --->   Core 81 'RAM' <Latency = 1> <II = 1> <Delay = 1.42> <Storage> <Opcode : 'load' 'store'> <Ports = 2> <Width = 16> <Depth = 25> <RAM>
ST_17 : Operation 615 [1/2] (1.78ns) (root node of the DSP)   --->   "%add_ln16_82 = add i16 %add_ln16_81, i16 %mul_ln16_102" [matrix_mult.cpp:16]   --->   Operation 615 'add' 'add_ln16_82' <Predicate = true> <Delay = 1.78> <CoreInst = "DSP48">   --->   Core 116 'DSP48' <Latency = 3> <II = 1> <Delay = 1.82> <IPBlock> <Opcode : '' 'add' 'sub' 'mul' 'select'> <InPorts = 0> <OutPorts = 1> <Sync> <CReg>
ST_17 : Operation 616 [1/1] (1.48ns)   --->   "%add_ln16_83 = add i16 %add_ln16_82, i16 %add_ln16_80" [matrix_mult.cpp:16]   --->   Operation 616 'add' 'add_ln16_83' <Predicate = true> <Delay = 1.48> <CoreInst = "Adder">   --->   Core 1 'Adder' <Latency = 0> <II = 1> <Delay = 1.48> <FuncUnit> <Opcode : 'add' 'sub'> <InPorts = 2> <OutPorts = 1>
ST_17 : Operation 617 [1/2] (1.78ns) (root node of the DSP)   --->   "%add_ln16_86 = add i16 %add_ln16_85, i16 %mul_ln16_107" [matrix_mult.cpp:16]   --->   Operation 617 'add' 'add_ln16_86' <Predicate = true> <Delay = 1.78> <CoreInst = "DSP48">   --->   Core 116 'DSP48' <Latency = 3> <II = 1> <Delay = 1.82> <IPBlock> <Opcode : '' 'add' 'sub' 'mul' 'select'> <InPorts = 0> <OutPorts = 1> <Sync> <CReg>
ST_17 : Operation 618 [1/1] (1.48ns)   --->   "%add_ln16_87 = add i16 %add_ln16_86, i16 %add_ln16_84" [matrix_mult.cpp:16]   --->   Operation 618 'add' 'add_ln16_87' <Predicate = true> <Delay = 1.48> <CoreInst = "Adder">   --->   Core 1 'Adder' <Latency = 0> <II = 1> <Delay = 1.48> <FuncUnit> <Opcode : 'add' 'sub'> <InPorts = 2> <OutPorts = 1>
ST_17 : Operation 619 [1/2] (1.78ns) (root node of the DSP)   --->   "%add_ln16_90 = add i16 %add_ln16_89, i16 %mul_ln16_112" [matrix_mult.cpp:16]   --->   Operation 619 'add' 'add_ln16_90' <Predicate = true> <Delay = 1.78> <CoreInst = "DSP48">   --->   Core 116 'DSP48' <Latency = 3> <II = 1> <Delay = 1.82> <IPBlock> <Opcode : '' 'add' 'sub' 'mul' 'select'> <InPorts = 0> <OutPorts = 1> <Sync> <CReg>
ST_17 : Operation 620 [1/1] (1.48ns)   --->   "%add_ln16_91 = add i16 %add_ln16_90, i16 %add_ln16_88" [matrix_mult.cpp:16]   --->   Operation 620 'add' 'add_ln16_91' <Predicate = true> <Delay = 1.48> <CoreInst = "Adder">   --->   Core 1 'Adder' <Latency = 0> <II = 1> <Delay = 1.48> <FuncUnit> <Opcode : 'add' 'sub'> <InPorts = 2> <OutPorts = 1>
ST_17 : Operation 621 [1/2] (1.78ns) (root node of the DSP)   --->   "%add_ln16_92 = add i16 %mul_ln16_116, i16 %mul_ln16_115" [matrix_mult.cpp:16]   --->   Operation 621 'add' 'add_ln16_92' <Predicate = true> <Delay = 1.78> <CoreInst = "DSP48">   --->   Core 116 'DSP48' <Latency = 3> <II = 1> <Delay = 1.82> <IPBlock> <Opcode : '' 'add' 'sub' 'mul' 'select'> <InPorts = 0> <OutPorts = 1> <Sync> <CReg>
ST_17 : Operation 622 [1/2] (1.78ns) (root node of the DSP)   --->   "%add_ln16_94 = add i16 %add_ln16_93, i16 %mul_ln16_117" [matrix_mult.cpp:16]   --->   Operation 622 'add' 'add_ln16_94' <Predicate = true> <Delay = 1.78> <CoreInst = "DSP48">   --->   Core 116 'DSP48' <Latency = 3> <II = 1> <Delay = 1.82> <IPBlock> <Opcode : '' 'add' 'sub' 'mul' 'select'> <InPorts = 0> <OutPorts = 1> <Sync> <CReg>
ST_17 : Operation 623 [1/1] (1.48ns)   --->   "%add_ln16_95 = add i16 %add_ln16_94, i16 %add_ln16_92" [matrix_mult.cpp:16]   --->   Operation 623 'add' 'add_ln16_95' <Predicate = true> <Delay = 1.48> <CoreInst = "Adder">   --->   Core 1 'Adder' <Latency = 0> <II = 1> <Delay = 1.48> <FuncUnit> <Opcode : 'add' 'sub'> <InPorts = 2> <OutPorts = 1>
ST_17 : Operation 624 [1/3] (0.00ns) (grouped into DSP with root node add_ln16_98)   --->   "%mul_ln16_122 = mul i16 %sext_ln16_47, i16 %sext_ln16_27" [matrix_mult.cpp:16]   --->   Operation 624 'mul' 'mul_ln16_122' <Predicate = true> <Delay = 0.00> <CoreInst = "DSP48">   --->   Core 116 'DSP48' <Latency = 3> <II = 1> <Delay = 1.82> <IPBlock> <Opcode : '' 'add' 'sub' 'mul' 'select'> <InPorts = 0> <OutPorts = 1> <Sync> <CReg>
ST_17 : Operation 625 [1/2] (1.78ns) (root node of the DSP)   --->   "%add_ln16_96 = add i16 %mul_ln16_121, i16 %mul_ln16_120" [matrix_mult.cpp:16]   --->   Operation 625 'add' 'add_ln16_96' <Predicate = true> <Delay = 1.78> <CoreInst = "DSP48">   --->   Core 116 'DSP48' <Latency = 3> <II = 1> <Delay = 1.82> <IPBlock> <Opcode : '' 'add' 'sub' 'mul' 'select'> <InPorts = 0> <OutPorts = 1> <Sync> <CReg>
ST_17 : Operation 626 [2/2] (1.78ns) (root node of the DSP)   --->   "%add_ln16_98 = add i16 %add_ln16_97, i16 %mul_ln16_122" [matrix_mult.cpp:16]   --->   Operation 626 'add' 'add_ln16_98' <Predicate = true> <Delay = 1.78> <CoreInst = "DSP48">   --->   Core 116 'DSP48' <Latency = 3> <II = 1> <Delay = 1.82> <IPBlock> <Opcode : '' 'add' 'sub' 'mul' 'select'> <InPorts = 0> <OutPorts = 1> <Sync> <CReg>

State 18 <SV = 17> <Delay = 3.26>
ST_18 : Operation 627 [1/1] (0.00ns)   --->   "%prod_addr_12 = getelementptr i16 %prod, i64 0, i64 12" [matrix_mult.cpp:16]   --->   Operation 627 'getelementptr' 'prod_addr_12' <Predicate = true> <Delay = 0.00>
ST_18 : Operation 628 [1/1] (0.00ns)   --->   "%prod_addr_13 = getelementptr i16 %prod, i64 0, i64 13" [matrix_mult.cpp:16]   --->   Operation 628 'getelementptr' 'prod_addr_13' <Predicate = true> <Delay = 0.00>
ST_18 : Operation 629 [1/1] (1.42ns)   --->   "%store_ln16 = store i16 %add_ln16_51, i5 %prod_addr_12" [matrix_mult.cpp:16]   --->   Operation 629 'store' 'store_ln16' <Predicate = true> <Delay = 1.42> <CoreInst = "RAM">   --->   Core 81 'RAM' <Latency = 1> <II = 1> <Delay = 1.42> <Storage> <Opcode : 'load' 'store'> <Ports = 2> <Width = 16> <Depth = 25> <RAM>
ST_18 : Operation 630 [1/1] (1.42ns)   --->   "%store_ln16 = store i16 %add_ln16_55, i5 %prod_addr_13" [matrix_mult.cpp:16]   --->   Operation 630 'store' 'store_ln16' <Predicate = true> <Delay = 1.42> <CoreInst = "RAM">   --->   Core 81 'RAM' <Latency = 1> <II = 1> <Delay = 1.42> <Storage> <Opcode : 'load' 'store'> <Ports = 2> <Width = 16> <Depth = 25> <RAM>
ST_18 : Operation 631 [1/2] (1.78ns) (root node of the DSP)   --->   "%add_ln16_98 = add i16 %add_ln16_97, i16 %mul_ln16_122" [matrix_mult.cpp:16]   --->   Operation 631 'add' 'add_ln16_98' <Predicate = true> <Delay = 1.78> <CoreInst = "DSP48">   --->   Core 116 'DSP48' <Latency = 3> <II = 1> <Delay = 1.82> <IPBlock> <Opcode : '' 'add' 'sub' 'mul' 'select'> <InPorts = 0> <OutPorts = 1> <Sync> <CReg>
ST_18 : Operation 632 [1/1] (1.48ns)   --->   "%add_ln16_99 = add i16 %add_ln16_98, i16 %add_ln16_96" [matrix_mult.cpp:16]   --->   Operation 632 'add' 'add_ln16_99' <Predicate = true> <Delay = 1.48> <CoreInst = "Adder">   --->   Core 1 'Adder' <Latency = 0> <II = 1> <Delay = 1.48> <FuncUnit> <Opcode : 'add' 'sub'> <InPorts = 2> <OutPorts = 1>

State 19 <SV = 18> <Delay = 1.42>
ST_19 : Operation 633 [1/1] (0.00ns)   --->   "%prod_addr_14 = getelementptr i16 %prod, i64 0, i64 14" [matrix_mult.cpp:16]   --->   Operation 633 'getelementptr' 'prod_addr_14' <Predicate = true> <Delay = 0.00>
ST_19 : Operation 634 [1/1] (0.00ns)   --->   "%prod_addr_15 = getelementptr i16 %prod, i64 0, i64 15" [matrix_mult.cpp:16]   --->   Operation 634 'getelementptr' 'prod_addr_15' <Predicate = true> <Delay = 0.00>
ST_19 : Operation 635 [1/1] (1.42ns)   --->   "%store_ln16 = store i16 %add_ln16_59, i5 %prod_addr_14" [matrix_mult.cpp:16]   --->   Operation 635 'store' 'store_ln16' <Predicate = true> <Delay = 1.42> <CoreInst = "RAM">   --->   Core 81 'RAM' <Latency = 1> <II = 1> <Delay = 1.42> <Storage> <Opcode : 'load' 'store'> <Ports = 2> <Width = 16> <Depth = 25> <RAM>
ST_19 : Operation 636 [1/1] (1.42ns)   --->   "%store_ln16 = store i16 %add_ln16_63, i5 %prod_addr_15" [matrix_mult.cpp:16]   --->   Operation 636 'store' 'store_ln16' <Predicate = true> <Delay = 1.42> <CoreInst = "RAM">   --->   Core 81 'RAM' <Latency = 1> <II = 1> <Delay = 1.42> <Storage> <Opcode : 'load' 'store'> <Ports = 2> <Width = 16> <Depth = 25> <RAM>

State 20 <SV = 19> <Delay = 1.42>
ST_20 : Operation 637 [1/1] (0.00ns)   --->   "%prod_addr_16 = getelementptr i16 %prod, i64 0, i64 16" [matrix_mult.cpp:16]   --->   Operation 637 'getelementptr' 'prod_addr_16' <Predicate = true> <Delay = 0.00>
ST_20 : Operation 638 [1/1] (0.00ns)   --->   "%prod_addr_17 = getelementptr i16 %prod, i64 0, i64 17" [matrix_mult.cpp:16]   --->   Operation 638 'getelementptr' 'prod_addr_17' <Predicate = true> <Delay = 0.00>
ST_20 : Operation 639 [1/1] (1.42ns)   --->   "%store_ln16 = store i16 %add_ln16_67, i5 %prod_addr_16" [matrix_mult.cpp:16]   --->   Operation 639 'store' 'store_ln16' <Predicate = true> <Delay = 1.42> <CoreInst = "RAM">   --->   Core 81 'RAM' <Latency = 1> <II = 1> <Delay = 1.42> <Storage> <Opcode : 'load' 'store'> <Ports = 2> <Width = 16> <Depth = 25> <RAM>
ST_20 : Operation 640 [1/1] (1.42ns)   --->   "%store_ln16 = store i16 %add_ln16_71, i5 %prod_addr_17" [matrix_mult.cpp:16]   --->   Operation 640 'store' 'store_ln16' <Predicate = true> <Delay = 1.42> <CoreInst = "RAM">   --->   Core 81 'RAM' <Latency = 1> <II = 1> <Delay = 1.42> <Storage> <Opcode : 'load' 'store'> <Ports = 2> <Width = 16> <Depth = 25> <RAM>

State 21 <SV = 20> <Delay = 1.42>
ST_21 : Operation 641 [1/1] (0.00ns)   --->   "%prod_addr_18 = getelementptr i16 %prod, i64 0, i64 18" [matrix_mult.cpp:16]   --->   Operation 641 'getelementptr' 'prod_addr_18' <Predicate = true> <Delay = 0.00>
ST_21 : Operation 642 [1/1] (0.00ns)   --->   "%prod_addr_19 = getelementptr i16 %prod, i64 0, i64 19" [matrix_mult.cpp:16]   --->   Operation 642 'getelementptr' 'prod_addr_19' <Predicate = true> <Delay = 0.00>
ST_21 : Operation 643 [1/1] (1.42ns)   --->   "%store_ln16 = store i16 %add_ln16_75, i5 %prod_addr_18" [matrix_mult.cpp:16]   --->   Operation 643 'store' 'store_ln16' <Predicate = true> <Delay = 1.42> <CoreInst = "RAM">   --->   Core 81 'RAM' <Latency = 1> <II = 1> <Delay = 1.42> <Storage> <Opcode : 'load' 'store'> <Ports = 2> <Width = 16> <Depth = 25> <RAM>
ST_21 : Operation 644 [1/1] (1.42ns)   --->   "%store_ln16 = store i16 %add_ln16_79, i5 %prod_addr_19" [matrix_mult.cpp:16]   --->   Operation 644 'store' 'store_ln16' <Predicate = true> <Delay = 1.42> <CoreInst = "RAM">   --->   Core 81 'RAM' <Latency = 1> <II = 1> <Delay = 1.42> <Storage> <Opcode : 'load' 'store'> <Ports = 2> <Width = 16> <Depth = 25> <RAM>

State 22 <SV = 21> <Delay = 1.42>
ST_22 : Operation 645 [1/1] (0.00ns)   --->   "%prod_addr_20 = getelementptr i16 %prod, i64 0, i64 20" [matrix_mult.cpp:16]   --->   Operation 645 'getelementptr' 'prod_addr_20' <Predicate = true> <Delay = 0.00>
ST_22 : Operation 646 [1/1] (0.00ns)   --->   "%prod_addr_21 = getelementptr i16 %prod, i64 0, i64 21" [matrix_mult.cpp:16]   --->   Operation 646 'getelementptr' 'prod_addr_21' <Predicate = true> <Delay = 0.00>
ST_22 : Operation 647 [1/1] (1.42ns)   --->   "%store_ln16 = store i16 %add_ln16_83, i5 %prod_addr_20" [matrix_mult.cpp:16]   --->   Operation 647 'store' 'store_ln16' <Predicate = true> <Delay = 1.42> <CoreInst = "RAM">   --->   Core 81 'RAM' <Latency = 1> <II = 1> <Delay = 1.42> <Storage> <Opcode : 'load' 'store'> <Ports = 2> <Width = 16> <Depth = 25> <RAM>
ST_22 : Operation 648 [1/1] (1.42ns)   --->   "%store_ln16 = store i16 %add_ln16_87, i5 %prod_addr_21" [matrix_mult.cpp:16]   --->   Operation 648 'store' 'store_ln16' <Predicate = true> <Delay = 1.42> <CoreInst = "RAM">   --->   Core 81 'RAM' <Latency = 1> <II = 1> <Delay = 1.42> <Storage> <Opcode : 'load' 'store'> <Ports = 2> <Width = 16> <Depth = 25> <RAM>

State 23 <SV = 22> <Delay = 1.42>
ST_23 : Operation 649 [1/1] (0.00ns)   --->   "%prod_addr_22 = getelementptr i16 %prod, i64 0, i64 22" [matrix_mult.cpp:16]   --->   Operation 649 'getelementptr' 'prod_addr_22' <Predicate = true> <Delay = 0.00>
ST_23 : Operation 650 [1/1] (0.00ns)   --->   "%prod_addr_23 = getelementptr i16 %prod, i64 0, i64 23" [matrix_mult.cpp:16]   --->   Operation 650 'getelementptr' 'prod_addr_23' <Predicate = true> <Delay = 0.00>
ST_23 : Operation 651 [1/1] (1.42ns)   --->   "%store_ln16 = store i16 %add_ln16_91, i5 %prod_addr_22" [matrix_mult.cpp:16]   --->   Operation 651 'store' 'store_ln16' <Predicate = true> <Delay = 1.42> <CoreInst = "RAM">   --->   Core 81 'RAM' <Latency = 1> <II = 1> <Delay = 1.42> <Storage> <Opcode : 'load' 'store'> <Ports = 2> <Width = 16> <Depth = 25> <RAM>
ST_23 : Operation 652 [1/1] (1.42ns)   --->   "%store_ln16 = store i16 %add_ln16_95, i5 %prod_addr_23" [matrix_mult.cpp:16]   --->   Operation 652 'store' 'store_ln16' <Predicate = true> <Delay = 1.42> <CoreInst = "RAM">   --->   Core 81 'RAM' <Latency = 1> <II = 1> <Delay = 1.42> <Storage> <Opcode : 'load' 'store'> <Ports = 2> <Width = 16> <Depth = 25> <RAM>

State 24 <SV = 23> <Delay = 1.42>
ST_24 : Operation 653 [1/1] (0.00ns)   --->   "%prod_addr_24 = getelementptr i16 %prod, i64 0, i64 24" [matrix_mult.cpp:16]   --->   Operation 653 'getelementptr' 'prod_addr_24' <Predicate = true> <Delay = 0.00>
ST_24 : Operation 654 [1/1] (0.00ns)   --->   "%specpipeline_ln0 = specpipeline void @_ssdm_op_SpecPipeline, i32 4294967295, i32 0, i32 0, i32 0, void @empty_0"   --->   Operation 654 'specpipeline' 'specpipeline_ln0' <Predicate = true> <Delay = 0.00>
ST_24 : Operation 655 [1/1] (0.00ns)   --->   "%spectopmodule_ln0 = spectopmodule void @_ssdm_op_SpecTopModule, void @empty_1"   --->   Operation 655 'spectopmodule' 'spectopmodule_ln0' <Predicate = true> <Delay = 0.00>
ST_24 : Operation 656 [1/1] (0.00ns)   --->   "%specinterface_ln0 = specinterface void @_ssdm_op_SpecInterface, i40 %a, void @empty, i32 0, i32 0, void @empty_0, i32 4294967295, i32 0, void @empty_0, void @empty_0, void @empty_0, i32 0, i32 0, i32 0, i32 0, void @empty_0, void @empty_0, i32 4294967295, i32 0, i32 0"   --->   Operation 656 'specinterface' 'specinterface_ln0' <Predicate = true> <Delay = 0.00>
ST_24 : Operation 657 [1/1] (0.00ns)   --->   "%specbitsmap_ln0 = specbitsmap void @_ssdm_op_SpecBitsMap, i40 %a"   --->   Operation 657 'specbitsmap' 'specbitsmap_ln0' <Predicate = true> <Delay = 0.00>
ST_24 : Operation 658 [1/1] (0.00ns)   --->   "%specinterface_ln0 = specinterface void @_ssdm_op_SpecInterface, i40 %b, void @empty, i32 0, i32 0, void @empty_0, i32 4294967295, i32 0, void @empty_0, void @empty_0, void @empty_0, i32 0, i32 0, i32 0, i32 0, void @empty_0, void @empty_0, i32 4294967295, i32 0, i32 0"   --->   Operation 658 'specinterface' 'specinterface_ln0' <Predicate = true> <Delay = 0.00>
ST_24 : Operation 659 [1/1] (0.00ns)   --->   "%specbitsmap_ln0 = specbitsmap void @_ssdm_op_SpecBitsMap, i40 %b"   --->   Operation 659 'specbitsmap' 'specbitsmap_ln0' <Predicate = true> <Delay = 0.00>
ST_24 : Operation 660 [1/1] (0.00ns)   --->   "%specinterface_ln0 = specinterface void @_ssdm_op_SpecInterface, i16 %prod, void @empty, i32 0, i32 0, void @empty_0, i32 4294967295, i32 0, void @empty_0, void @empty_0, void @empty_0, i32 0, i32 0, i32 0, i32 0, void @empty_0, void @empty_0, i32 4294967295, i32 0, i32 0"   --->   Operation 660 'specinterface' 'specinterface_ln0' <Predicate = true> <Delay = 0.00>
ST_24 : Operation 661 [1/1] (0.00ns)   --->   "%specbitsmap_ln0 = specbitsmap void @_ssdm_op_SpecBitsMap, i16 %prod"   --->   Operation 661 'specbitsmap' 'specbitsmap_ln0' <Predicate = true> <Delay = 0.00>
ST_24 : Operation 662 [1/1] (1.42ns)   --->   "%store_ln16 = store i16 %add_ln16_99, i5 %prod_addr_24" [matrix_mult.cpp:16]   --->   Operation 662 'store' 'store_ln16' <Predicate = true> <Delay = 1.42> <CoreInst = "RAM">   --->   Core 81 'RAM' <Latency = 1> <II = 1> <Delay = 1.42> <Storage> <Opcode : 'load' 'store'> <Ports = 2> <Width = 16> <Depth = 25> <RAM>
ST_24 : Operation 663 [1/1] (0.00ns)   --->   "%ret_ln21 = ret" [matrix_mult.cpp:21]   --->   Operation 663 'ret' 'ret_ln21' <Predicate = true> <Delay = 0.00>


============================================================
+ Verbose Summary: Binding
============================================================
STG Binding: 
---------------- STG Properties BEGIN ----------------
- Is combinational: 0
- Is one-state seq: 0
- Is datapath-only: 0
- Is pipelined: 1
- Is top level: 1
Port [ Return ] is wired: 1; IO mode=ap_ctrl_hs:ce=0
Port [ a]:  wired=1; compound=1; hidden=0; nouse=0; global=0; static=0; extern=0; dir=0; type=1; pingpong=0; private_global=0; MemPort=[11]; IO mode=ap_memory:ce=0
Port [ b]:  wired=1; compound=1; hidden=0; nouse=0; global=0; static=0; extern=0; dir=0; type=1; pingpong=0; private_global=0; MemPort=[11]; IO mode=ap_memory:ce=0
Port [ prod]:  wired=1; compound=1; hidden=0; nouse=0; global=0; static=0; extern=0; dir=1; type=1; pingpong=0; private_global=0; MemPort=[00]; IO mode=ap_memory:ce=0
---------------- STG Properties END ------------------

---------------- Datapath Model BEGIN ----------------

<LifeTime>
<method=bitvector/>
a_addr            (getelementptr) [ 0010000000000000000000000]
b_addr            (getelementptr) [ 0010000000000000000000000]
b_addr_1          (getelementptr) [ 0010000000000000000000000]
a_addr_1          (getelementptr) [ 0010000000000000000000000]
a_load            (load         ) [ 0000000000000000000000000]
trunc_ln16        (trunc        ) [ 0001111110000000000000000]
b_load            (load         ) [ 0000000000000000000000000]
trunc_ln16_1      (trunc        ) [ 0001111110000000000000000]
tmp1              (partselect   ) [ 0001111111000000000000000]
tmp_s             (partselect   ) [ 0001111111000000000000000]
tmp_1             (partselect   ) [ 0001100000000000000000000]
tmp_2             (partselect   ) [ 0001100000000000000000000]
tmp_3             (partselect   ) [ 0001000000000000000000000]
tmp_4             (partselect   ) [ 0001000000000000000000000]
tmp_5             (partselect   ) [ 0000000000000000000000000]
sext_ln16_8       (sext         ) [ 0001111000000000000000000]
tmp_6             (partselect   ) [ 0000000000000000000000000]
sext_ln16_9       (sext         ) [ 0001111111000000000000000]
b_load_1          (load         ) [ 0000000000000000000000000]
trunc_ln16_2      (trunc        ) [ 0001111110000000000000000]
tmp_7             (partselect   ) [ 0001111111000000000000000]
tmp_8             (partselect   ) [ 0001100000000000000000000]
tmp_9             (partselect   ) [ 0001000000000000000000000]
tmp_10            (partselect   ) [ 0000000000000000000000000]
sext_ln16_14      (sext         ) [ 0001111111000000000000000]
b_addr_2          (getelementptr) [ 0001000000000000000000000]
b_addr_3          (getelementptr) [ 0001000000000000000000000]
a_load_1          (load         ) [ 0000000000000000000000000]
trunc_ln16_6      (trunc        ) [ 0001111111000000000000000]
tmp_23            (partselect   ) [ 0001111111100000000000000]
tmp_24            (partselect   ) [ 0001111000000000000000000]
tmp_25            (partselect   ) [ 0001000000000000000000000]
tmp_26            (partselect   ) [ 0000000000000000000000000]
sext_ln16_34      (sext         ) [ 0001111000000000000000000]
a_addr_2          (getelementptr) [ 0001000000000000000000000]
a_addr_3          (getelementptr) [ 0001000000000000000000000]
sext_ln16_6       (sext         ) [ 0000110000000000000000000]
sext_ln16_7       (sext         ) [ 0000111110000000000000000]
mul_ln16_3        (mul          ) [ 0000110000000000000000000]
sext_ln16_13      (sext         ) [ 0000111110000000000000000]
mul_ln16_8        (mul          ) [ 0000110000000000000000000]
b_load_2          (load         ) [ 0000000000000000000000000]
trunc_ln16_3      (trunc        ) [ 0000111110000000000000000]
tmp_11            (partselect   ) [ 0000111111000000000000000]
tmp_12            (partselect   ) [ 0000110000000000000000000]
tmp_13            (partselect   ) [ 0000100000000000000000000]
tmp_14            (partselect   ) [ 0000000000000000000000000]
sext_ln16_19      (sext         ) [ 0000111111000000000000000]
b_load_3          (load         ) [ 0000000000000000000000000]
trunc_ln16_4      (trunc        ) [ 0000111111000000000000000]
tmp_15            (partselect   ) [ 0000111111100000000000000]
tmp_16            (partselect   ) [ 0000110000000000000000000]
tmp_17            (partselect   ) [ 0000100000000000000000000]
tmp_18            (partselect   ) [ 0000000000000000000000000]
sext_ln16_24      (sext         ) [ 0000111111000000000000000]
b_addr_4          (getelementptr) [ 0000100000000000000000000]
sext_ln16_33      (sext         ) [ 0000110000000000000000000]
mul_ln16_28       (mul          ) [ 0000110000000000000000000]
mul_ln16_33       (mul          ) [ 0000110000000000000000000]
a_load_2          (load         ) [ 0000000000000000000000000]
trunc_ln16_7      (trunc        ) [ 0000111111100000000000000]
tmp_27            (partselect   ) [ 0000111111110000000000000]
tmp_28            (partselect   ) [ 0000111111000000000000000]
tmp_29            (partselect   ) [ 0000110000000000000000000]
tmp_30            (partselect   ) [ 0000100000000000000000000]
a_load_3          (load         ) [ 0000000000000000000000000]
trunc_ln16_8      (trunc        ) [ 0000111111111000000000000]
tmp_31            (partselect   ) [ 0000111111111100000000000]
tmp_32            (partselect   ) [ 0000111111110000000000000]
tmp_33            (partselect   ) [ 0000111000000000000000000]
tmp_34            (partselect   ) [ 0000110000000000000000000]
a_addr_4          (getelementptr) [ 0000100000000000000000000]
sext_ln16_4       (sext         ) [ 0000011110000000000000000]
sext_ln16_5       (sext         ) [ 0111011111111111100000000]
mul_ln16_4        (mul          ) [ 0000010000000000000000000]
sext_ln16_12      (sext         ) [ 0111011111111111100000000]
mul_ln16_9        (mul          ) [ 0000010000000000000000000]
sext_ln16_18      (sext         ) [ 0000011110000000000000000]
mul_ln16_13       (mul          ) [ 0000011000000000000000000]
sext_ln16_23      (sext         ) [ 0000011110000000000000000]
mul_ln16_18       (mul          ) [ 0000011000000000000000000]
b_load_4          (load         ) [ 0000000000000000000000000]
trunc_ln16_5      (trunc        ) [ 0000011111000000000000000]
tmp_19            (partselect   ) [ 0000011111100000000000000]
tmp_20            (partselect   ) [ 0000011000000000000000000]
tmp_21            (partselect   ) [ 0000010000000000000000000]
tmp_22            (partselect   ) [ 0000000000000000000000000]
sext_ln16_29      (sext         ) [ 0000011111100000000000000]
mul_ln16_29       (mul          ) [ 0000010000000000000000000]
mul_ln16_34       (mul          ) [ 0000010000000000000000000]
mul_ln16_38       (mul          ) [ 0000011000000000000000000]
mul_ln16_43       (mul          ) [ 0000011000000000000000000]
sext_ln16_39      (sext         ) [ 0000011100000000000000000]
a_load_4          (load         ) [ 0000000000000000000000000]
trunc_ln16_9      (trunc        ) [ 0000011111111100000000000]
tmp_35            (partselect   ) [ 0100011111111110000000000]
tmp_36            (partselect   ) [ 0100011111111110000000000]
tmp_37            (partselect   ) [ 0000011110000000000000000]
tmp_38            (partselect   ) [ 0000011100000000000000000]
add_ln16_1        (add          ) [ 0000001100000000000000000]
add_ln16_5        (add          ) [ 0000001100000000000000000]
sext_ln16_17      (sext         ) [ 0111001111111111100000000]
mul_ln16_14       (mul          ) [ 0000001000000000000000000]
sext_ln16_22      (sext         ) [ 0111001111111111100000000]
mul_ln16_19       (mul          ) [ 0000001000000000000000000]
sext_ln16_28      (sext         ) [ 0000001111000000000000000]
mul_ln16_23       (mul          ) [ 0000001100000000000000000]
add_ln16_21       (add          ) [ 0000001111000000000000000]
add_ln16_25       (add          ) [ 0000001111100000000000000]
mul_ln16_39       (mul          ) [ 0000001000000000000000000]
mul_ln16_44       (mul          ) [ 0000001000000000000000000]
mul_ln16_48       (mul          ) [ 0000001100000000000000000]
sext_ln16_38      (sext         ) [ 0000001000000000000000000]
mul_ln16_53       (mul          ) [ 0000001100000000000000000]
mul_ln16_58       (mul          ) [ 0000001100000000000000000]
sext_ln16_44      (sext         ) [ 0000001110000000000000000]
mul_ln16_2        (mul          ) [ 0000000100000000000000000]
mul_ln16_7        (mul          ) [ 0000000100000000000000000]
add_ln16_9        (add          ) [ 0000000110000000000000000]
add_ln16_13       (add          ) [ 0000000110000000000000000]
sext_ln16_27      (sext         ) [ 0111100111111111110000000]
mul_ln16_24       (mul          ) [ 0000000100000000000000000]
sext_ln16_32      (sext         ) [ 0000000111100000000000000]
add_ln16_29       (add          ) [ 0000000111100000000000000]
add_ln16_33       (add          ) [ 0000000111110000000000000]
mul_ln16_49       (mul          ) [ 0000000100000000000000000]
mul_ln16_54       (mul          ) [ 0000000100000000000000000]
mul_ln16_59       (mul          ) [ 0000000100000000000000000]
mul_ln16_63       (mul          ) [ 0000000110000000000000000]
mul_ln16_68       (mul          ) [ 0000000110000000000000000]
mul_ln16_73       (mul          ) [ 0000000110000000000000000]
sext_ln16_43      (sext         ) [ 0000000100000000000000000]
mul_ln16_78       (mul          ) [ 0000000110000000000000000]
add_ln16_2        (add          ) [ 0000000011110000000000000]
add_ln16_6        (add          ) [ 0000000011110000000000000]
mul_ln16_12       (mul          ) [ 0000000010000000000000000]
mul_ln16_17       (mul          ) [ 0000000010000000000000000]
add_ln16_17       (add          ) [ 0000000011000000000000000]
add_ln16_37       (add          ) [ 0000000011110000000000000]
add_ln16_41       (add          ) [ 0000000011111000000000000]
add_ln16_45       (add          ) [ 0000000011111000000000000]
mul_ln16_64       (mul          ) [ 0000000010000000000000000]
mul_ln16_69       (mul          ) [ 0000000010000000000000000]
mul_ln16_74       (mul          ) [ 0000000010000000000000000]
mul_ln16_79       (mul          ) [ 0000000010000000000000000]
mul_ln16_83       (mul          ) [ 0000000011000000000000000]
mul_ln16_88       (mul          ) [ 0000000011000000000000000]
mul_ln16_93       (mul          ) [ 0000000011000000000000000]
mul_ln16_98       (mul          ) [ 0000000011000000000000000]
sext_ln16_49      (sext         ) [ 0000000011100000000000000]
sext_ln16         (sext         ) [ 0000000001110000000000000]
sext_ln16_1       (sext         ) [ 0110000001111111000000000]
sext_ln16_10      (sext         ) [ 0110000001111111000000000]
sext_ln16_15      (sext         ) [ 0110000001111111000000000]
add_ln16_10       (add          ) [ 0000000001110000000000000]
add_ln16_14       (add          ) [ 0000000001111000000000000]
mul_ln16_22       (mul          ) [ 0000000001000000000000000]
mul_ln16_27       (mul          ) [ 0000000001000000000000000]
add_ln16_49       (add          ) [ 0000000001111100000000000]
add_ln16_53       (add          ) [ 0000000001111100000000000]
add_ln16_57       (add          ) [ 0100000001111110000000000]
add_ln16_61       (add          ) [ 0100000001111110000000000]
mul_ln16_84       (mul          ) [ 0000000001000000000000000]
mul_ln16_89       (mul          ) [ 0000000001000000000000000]
mul_ln16_94       (mul          ) [ 0000000001000000000000000]
mul_ln16_99       (mul          ) [ 0000000001000000000000000]
sext_ln16_48      (sext         ) [ 0000000001000000000000000]
mul_ln16_103      (mul          ) [ 0000000001100000000000000]
mul_ln16_108      (mul          ) [ 0000000001100000000000000]
mul_ln16_113      (mul          ) [ 0000000001100000000000000]
mul_ln16_118      (mul          ) [ 0000000001100000000000000]
sext_ln16_2       (sext         ) [ 0000000000100000000000000]
sext_ln16_3       (sext         ) [ 0100000000111110000000000]
mul_ln16_1        (mul          ) [ 0000000000110000000000000]
sext_ln16_11      (sext         ) [ 0100000000111110000000000]
mul_ln16_6        (mul          ) [ 0000000000110000000000000]
sext_ln16_16      (sext         ) [ 0100000000111110000000000]
mul_ln16_11       (mul          ) [ 0000000000110000000000000]
sext_ln16_20      (sext         ) [ 0111000000111111100000000]
sext_ln16_25      (sext         ) [ 0111000000111111100000000]
add_ln16_18       (add          ) [ 0000000000111000000000000]
sext_ln16_30      (sext         ) [ 0000000000111000000000000]
add_ln16_22       (add          ) [ 0000000000111000000000000]
mul_ln16_32       (mul          ) [ 0000000000100000000000000]
mul_ln16_37       (mul          ) [ 0000000000100000000000000]
sext_ln16_37      (sext         ) [ 0000000000111100000000000]
add_ln16_65       (add          ) [ 0110000000111111000000000]
add_ln16_69       (add          ) [ 0110000000111111000000000]
add_ln16_73       (add          ) [ 0111000000111111100000000]
add_ln16_77       (add          ) [ 0111000000111111100000000]
mul_ln16_104      (mul          ) [ 0000000000100000000000000]
mul_ln16_109      (mul          ) [ 0000000000100000000000000]
mul_ln16_114      (mul          ) [ 0000000000100000000000000]
mul_ln16_119      (mul          ) [ 0000000000100000000000000]
mul_ln16_123      (mul          ) [ 0000000000110000000000000]
mul_ln16          (mul          ) [ 0000000000010000000000000]
mul_ln16_5        (mul          ) [ 0000000000010000000000000]
mul_ln16_10       (mul          ) [ 0000000000010000000000000]
sext_ln16_21      (sext         ) [ 0110000000011111000000000]
mul_ln16_16       (mul          ) [ 0000000000011000000000000]
sext_ln16_26      (sext         ) [ 0110000000011111000000000]
mul_ln16_21       (mul          ) [ 0000000000011000000000000]
sext_ln16_31      (sext         ) [ 0000000000010000000000000]
mul_ln16_26       (mul          ) [ 0000000000011000000000000]
mul_ln16_31       (mul          ) [ 0000000000011000000000000]
add_ln16_26       (add          ) [ 0000000000011000000000000]
add_ln16_30       (add          ) [ 0000000000011100000000000]
mul_ln16_42       (mul          ) [ 0000000000010000000000000]
mul_ln16_47       (mul          ) [ 0000000000010000000000000]
sext_ln16_35      (sext         ) [ 0000000000011100000000000]
add_ln16_81       (add          ) [ 0111100000011111110000000]
add_ln16_85       (add          ) [ 0111100000011111110000000]
add_ln16_89       (add          ) [ 0111100000011111110000000]
add_ln16_93       (add          ) [ 0111100000011111110000000]
mul_ln16_124      (mul          ) [ 0000000000010000000000000]
add_ln16          (add          ) [ 0000000000000000000000000]
add_ln16_3        (add          ) [ 0000000000001000000000000]
add_ln16_4        (add          ) [ 0000000000000000000000000]
add_ln16_7        (add          ) [ 0000000000001000000000000]
add_ln16_8        (add          ) [ 0000000000000000000000000]
add_ln16_11       (add          ) [ 0000000000001100000000000]
mul_ln16_15       (mul          ) [ 0000000000001000000000000]
mul_ln16_20       (mul          ) [ 0000000000001000000000000]
mul_ln16_25       (mul          ) [ 0000000000001000000000000]
mul_ln16_30       (mul          ) [ 0000000000001000000000000]
mul_ln16_36       (mul          ) [ 0000000000001100000000000]
mul_ln16_41       (mul          ) [ 0000000000001100000000000]
add_ln16_34       (add          ) [ 0000000000001100000000000]
mul_ln16_46       (mul          ) [ 0000000000001100000000000]
add_ln16_38       (add          ) [ 0000000000001100000000000]
sext_ln16_36      (sext         ) [ 0000000000001000000000000]
mul_ln16_51       (mul          ) [ 0000000000001100000000000]
mul_ln16_52       (mul          ) [ 0000000000001000000000000]
mul_ln16_57       (mul          ) [ 0000000000001000000000000]
sext_ln16_42      (sext         ) [ 0110000000001111000000000]
add_ln16_97       (add          ) [ 0111110000001111111000000]
prod_addr         (getelementptr) [ 0000000000000000000000000]
prod_addr_1       (getelementptr) [ 0000000000000000000000000]
store_ln16        (store        ) [ 0000000000000000000000000]
store_ln16        (store        ) [ 0000000000000000000000000]
add_ln16_12       (add          ) [ 0000000000000000000000000]
add_ln16_15       (add          ) [ 0000000000000100000000000]
add_ln16_16       (add          ) [ 0000000000000000000000000]
add_ln16_19       (add          ) [ 0100000000000110000000000]
add_ln16_20       (add          ) [ 0000000000000000000000000]
add_ln16_23       (add          ) [ 0100000000000110000000000]
add_ln16_24       (add          ) [ 0000000000000000000000000]
add_ln16_27       (add          ) [ 0110000000000111000000000]
mul_ln16_35       (mul          ) [ 0000000000000100000000000]
mul_ln16_40       (mul          ) [ 0000000000000100000000000]
mul_ln16_45       (mul          ) [ 0000000000000100000000000]
mul_ln16_50       (mul          ) [ 0000000000000100000000000]
add_ln16_42       (add          ) [ 0000000000000100000000000]
mul_ln16_56       (mul          ) [ 0100000000000110000000000]
add_ln16_46       (add          ) [ 0100000000000110000000000]
mul_ln16_61       (mul          ) [ 0100000000000110000000000]
mul_ln16_62       (mul          ) [ 0000000000000100000000000]
mul_ln16_66       (mul          ) [ 0100000000000110000000000]
mul_ln16_67       (mul          ) [ 0000000000000100000000000]
mul_ln16_71       (mul          ) [ 0100000000000110000000000]
sext_ln16_40      (sext         ) [ 0110000000000111000000000]
prod_addr_2       (getelementptr) [ 0000000000000000000000000]
prod_addr_3       (getelementptr) [ 0000000000000000000000000]
store_ln16        (store        ) [ 0000000000000000000000000]
store_ln16        (store        ) [ 0000000000000000000000000]
add_ln16_28       (add          ) [ 0000000000000000000000000]
add_ln16_31       (add          ) [ 0110000000000011000000000]
add_ln16_32       (add          ) [ 0000000000000000000000000]
add_ln16_35       (add          ) [ 0111000000000011100000000]
add_ln16_36       (add          ) [ 0000000000000000000000000]
add_ln16_39       (add          ) [ 0111000000000011100000000]
add_ln16_40       (add          ) [ 0000000000000000000000000]
add_ln16_43       (add          ) [ 0111100000000011110000000]
mul_ln16_55       (mul          ) [ 0100000000000010000000000]
mul_ln16_60       (mul          ) [ 0100000000000010000000000]
add_ln16_50       (add          ) [ 0100000000000010000000000]
mul_ln16_65       (mul          ) [ 0100000000000010000000000]
add_ln16_54       (add          ) [ 0100000000000010000000000]
mul_ln16_70       (mul          ) [ 0100000000000010000000000]
mul_ln16_72       (mul          ) [ 0100000000000010000000000]
sext_ln16_41      (sext         ) [ 0100000000000010000000000]
mul_ln16_76       (mul          ) [ 0110000000000011000000000]
mul_ln16_77       (mul          ) [ 0100000000000010000000000]
mul_ln16_81       (mul          ) [ 0110000000000011000000000]
mul_ln16_86       (mul          ) [ 0110000000000011000000000]
mul_ln16_91       (mul          ) [ 0110000000000011000000000]
sext_ln16_45      (sext         ) [ 0111000000000011100000000]
prod_addr_4       (getelementptr) [ 0000000000000000000000000]
prod_addr_5       (getelementptr) [ 0000000000000000000000000]
store_ln16        (store        ) [ 0000000000000000000000000]
store_ln16        (store        ) [ 0000000000000000000000000]
add_ln16_44       (add          ) [ 0000000000000000000000000]
add_ln16_47       (add          ) [ 0011100000000001110000000]
add_ln16_48       (add          ) [ 0000000000000000000000000]
add_ln16_51       (add          ) [ 0011110000000001111000000]
add_ln16_52       (add          ) [ 0000000000000000000000000]
add_ln16_55       (add          ) [ 0011110000000001111000000]
add_ln16_56       (add          ) [ 0000000000000000000000000]
add_ln16_58       (add          ) [ 0000000000000000000000000]
add_ln16_59       (add          ) [ 0011111000000001111100000]
mul_ln16_75       (mul          ) [ 0010000000000001000000000]
add_ln16_62       (add          ) [ 0010000000000001000000000]
mul_ln16_80       (mul          ) [ 0010000000000001000000000]
mul_ln16_82       (mul          ) [ 0010000000000001000000000]
mul_ln16_85       (mul          ) [ 0010000000000001000000000]
mul_ln16_87       (mul          ) [ 0010000000000001000000000]
mul_ln16_90       (mul          ) [ 0010000000000001000000000]
mul_ln16_96       (mul          ) [ 0011000000000001100000000]
sext_ln16_46      (sext         ) [ 0010000000000001000000000]
mul_ln16_101      (mul          ) [ 0011000000000001100000000]
sext_ln16_47      (sext         ) [ 0011100000000001110000000]
mul_ln16_106      (mul          ) [ 0011000000000001100000000]
mul_ln16_111      (mul          ) [ 0011000000000001100000000]
prod_addr_6       (getelementptr) [ 0000000000000000000000000]
prod_addr_7       (getelementptr) [ 0000000000000000000000000]
store_ln16        (store        ) [ 0000000000000000000000000]
store_ln16        (store        ) [ 0000000000000000000000000]
add_ln16_60       (add          ) [ 0000000000000000000000000]
add_ln16_63       (add          ) [ 0001111000000000111100000]
add_ln16_64       (add          ) [ 0000000000000000000000000]
add_ln16_66       (add          ) [ 0000000000000000000000000]
add_ln16_67       (add          ) [ 0001111100000000111110000]
add_ln16_68       (add          ) [ 0000000000000000000000000]
add_ln16_70       (add          ) [ 0000000000000000000000000]
add_ln16_71       (add          ) [ 0001111100000000111110000]
mul_ln16_92       (mul          ) [ 0001000000000000100000000]
add_ln16_72       (add          ) [ 0001000000000000100000000]
mul_ln16_95       (mul          ) [ 0001000000000000100000000]
mul_ln16_97       (mul          ) [ 0001000000000000100000000]
mul_ln16_100      (mul          ) [ 0001000000000000100000000]
mul_ln16_105      (mul          ) [ 0001000000000000100000000]
mul_ln16_110      (mul          ) [ 0001000000000000100000000]
mul_ln16_116      (mul          ) [ 0001100000000000110000000]
mul_ln16_121      (mul          ) [ 0001100000000000110000000]
prod_addr_8       (getelementptr) [ 0000000000000000000000000]
prod_addr_9       (getelementptr) [ 0000000000000000000000000]
store_ln16        (store        ) [ 0000000000000000000000000]
store_ln16        (store        ) [ 0000000000000000000000000]
add_ln16_74       (add          ) [ 0000000000000000000000000]
add_ln16_75       (add          ) [ 0000111110000000011111000]
add_ln16_76       (add          ) [ 0000000000000000000000000]
add_ln16_78       (add          ) [ 0000000000000000000000000]
add_ln16_79       (add          ) [ 0000111110000000011111000]
mul_ln16_102      (mul          ) [ 0000100000000000010000000]
add_ln16_80       (add          ) [ 0000100000000000010000000]
mul_ln16_107      (mul          ) [ 0000100000000000010000000]
add_ln16_84       (add          ) [ 0000100000000000010000000]
mul_ln16_112      (mul          ) [ 0000100000000000010000000]
add_ln16_88       (add          ) [ 0000100000000000010000000]
mul_ln16_115      (mul          ) [ 0000100000000000010000000]
mul_ln16_117      (mul          ) [ 0000100000000000010000000]
mul_ln16_120      (mul          ) [ 0000100000000000010000000]
prod_addr_10      (getelementptr) [ 0000000000000000000000000]
prod_addr_11      (getelementptr) [ 0000000000000000000000000]
store_ln16        (store        ) [ 0000000000000000000000000]
store_ln16        (store        ) [ 0000000000000000000000000]
add_ln16_82       (add          ) [ 0000000000000000000000000]
add_ln16_83       (add          ) [ 0000011111000000001111100]
add_ln16_86       (add          ) [ 0000000000000000000000000]
add_ln16_87       (add          ) [ 0000011111000000001111100]
add_ln16_90       (add          ) [ 0000000000000000000000000]
add_ln16_91       (add          ) [ 0000011111100000001111110]
add_ln16_92       (add          ) [ 0000000000000000000000000]
add_ln16_94       (add          ) [ 0000000000000000000000000]
add_ln16_95       (add          ) [ 0000011111100000001111110]
mul_ln16_122      (mul          ) [ 0000010000000000001000000]
add_ln16_96       (add          ) [ 0000010000000000001000000]
prod_addr_12      (getelementptr) [ 0000000000000000000000000]
prod_addr_13      (getelementptr) [ 0000000000000000000000000]
store_ln16        (store        ) [ 0000000000000000000000000]
store_ln16        (store        ) [ 0000000000000000000000000]
add_ln16_98       (add          ) [ 0000000000000000000000000]
add_ln16_99       (add          ) [ 0000001111110000000111111]
prod_addr_14      (getelementptr) [ 0000000000000000000000000]
prod_addr_15      (getelementptr) [ 0000000000000000000000000]
store_ln16        (store        ) [ 0000000000000000000000000]
store_ln16        (store        ) [ 0000000000000000000000000]
prod_addr_16      (getelementptr) [ 0000000000000000000000000]
prod_addr_17      (getelementptr) [ 0000000000000000000000000]
store_ln16        (store        ) [ 0000000000000000000000000]
store_ln16        (store        ) [ 0000000000000000000000000]
prod_addr_18      (getelementptr) [ 0000000000000000000000000]
prod_addr_19      (getelementptr) [ 0000000000000000000000000]
store_ln16        (store        ) [ 0000000000000000000000000]
store_ln16        (store        ) [ 0000000000000000000000000]
prod_addr_20      (getelementptr) [ 0000000000000000000000000]
prod_addr_21      (getelementptr) [ 0000000000000000000000000]
store_ln16        (store        ) [ 0000000000000000000000000]
store_ln16        (store        ) [ 0000000000000000000000000]
prod_addr_22      (getelementptr) [ 0000000000000000000000000]
prod_addr_23      (getelementptr) [ 0000000000000000000000000]
store_ln16        (store        ) [ 0000000000000000000000000]
store_ln16        (store        ) [ 0000000000000000000000000]
prod_addr_24      (getelementptr) [ 0000000000000000000000000]
specpipeline_ln0  (specpipeline ) [ 0000000000000000000000000]
spectopmodule_ln0 (spectopmodule) [ 0000000000000000000000000]
specinterface_ln0 (specinterface) [ 0000000000000000000000000]
specbitsmap_ln0   (specbitsmap  ) [ 0000000000000000000000000]
specinterface_ln0 (specinterface) [ 0000000000000000000000000]
specbitsmap_ln0   (specbitsmap  ) [ 0000000000000000000000000]
specinterface_ln0 (specinterface) [ 0000000000000000000000000]
specbitsmap_ln0   (specbitsmap  ) [ 0000000000000000000000000]
store_ln16        (store        ) [ 0000000000000000000000000]
ret_ln21          (ret          ) [ 0000000000000000000000000]
</LifeTime>

<model>

<comp_list>
<comp id="0" class="1000" name="a">
<pin_list>
<pin id="1" dir="1" index="0" bw="1" slack="0"/>
</pin_list>
<bind>
<StgValue><ssdm name="a"/><MemPortTyVec>1 1 </MemPortTyVec>
</StgValue>
</bind>
</comp>

<comp id="2" class="1000" name="b">
<pin_list>
<pin id="3" dir="1" index="0" bw="1" slack="0"/>
</pin_list>
<bind>
<StgValue><ssdm name="b"/><MemPortTyVec>1 1 </MemPortTyVec>
</StgValue>
</bind>
</comp>

<comp id="4" class="1000" name="prod">
<pin_list>
<pin id="5" dir="1" index="0" bw="1" slack="0"/>
</pin_list>
<bind>
<StgValue><ssdm name="prod"/><MemPortTyVec>0 0 </MemPortTyVec>
</StgValue>
</bind>
</comp>

<comp id="6" class="1001" name="const_6">
<pin_list>
<pin id="7" dir="1" index="0" bw="1" slack="0"/>
</pin_list>
<bind>
<StgValue><ssdm name=""/></StgValue>
</bind>
</comp>

<comp id="8" class="1001" name="const_8">
<pin_list>
<pin id="9" dir="1" index="0" bw="1" slack="0"/>
</pin_list>
<bind>
<StgValue><ssdm name=""/></StgValue>
</bind>
</comp>

<comp id="10" class="1001" name="const_10">
<pin_list>
<pin id="11" dir="1" index="0" bw="1" slack="0"/>
</pin_list>
<bind>
<StgValue><ssdm name="_ssdm_op_PartSelect.i8.i40.i32.i32"/></StgValue>
</bind>
</comp>

<comp id="12" class="1001" name="const_12">
<pin_list>
<pin id="13" dir="1" index="0" bw="1" slack="0"/>
</pin_list>
<bind>
<StgValue><ssdm name=""/></StgValue>
</bind>
</comp>

<comp id="14" class="1001" name="const_14">
<pin_list>
<pin id="15" dir="1" index="0" bw="1" slack="0"/>
</pin_list>
<bind>
<StgValue><ssdm name=""/></StgValue>
</bind>
</comp>

<comp id="16" class="1001" name="const_16">
<pin_list>
<pin id="17" dir="1" index="0" bw="1" slack="0"/>
</pin_list>
<bind>
<StgValue><ssdm name=""/></StgValue>
</bind>
</comp>

<comp id="18" class="1001" name="const_18">
<pin_list>
<pin id="19" dir="1" index="0" bw="1" slack="0"/>
</pin_list>
<bind>
<StgValue><ssdm name=""/></StgValue>
</bind>
</comp>

<comp id="20" class="1001" name="const_20">
<pin_list>
<pin id="21" dir="1" index="0" bw="1" slack="0"/>
</pin_list>
<bind>
<StgValue><ssdm name=""/></StgValue>
</bind>
</comp>

<comp id="22" class="1001" name="const_22">
<pin_list>
<pin id="23" dir="1" index="0" bw="1" slack="0"/>
</pin_list>
<bind>
<StgValue><ssdm name=""/></StgValue>
</bind>
</comp>

<comp id="24" class="1001" name="const_24">
<pin_list>
<pin id="25" dir="1" index="0" bw="1" slack="0"/>
</pin_list>
<bind>
<StgValue><ssdm name=""/></StgValue>
</bind>
</comp>

<comp id="26" class="1001" name="const_26">
<pin_list>
<pin id="27" dir="1" index="0" bw="1" slack="0"/>
</pin_list>
<bind>
<StgValue><ssdm name=""/></StgValue>
</bind>
</comp>

<comp id="28" class="1001" name="const_28">
<pin_list>
<pin id="29" dir="1" index="0" bw="1" slack="0"/>
</pin_list>
<bind>
<StgValue><ssdm name=""/></StgValue>
</bind>
</comp>

<comp id="30" class="1001" name="const_30">
<pin_list>
<pin id="31" dir="1" index="0" bw="1" slack="0"/>
</pin_list>
<bind>
<StgValue><ssdm name=""/></StgValue>
</bind>
</comp>

<comp id="32" class="1001" name="const_32">
<pin_list>
<pin id="33" dir="1" index="0" bw="1" slack="0"/>
</pin_list>
<bind>
<StgValue><ssdm name=""/></StgValue>
</bind>
</comp>

<comp id="34" class="1001" name="const_34">
<pin_list>
<pin id="35" dir="1" index="0" bw="1" slack="0"/>
</pin_list>
<bind>
<StgValue><ssdm name=""/></StgValue>
</bind>
</comp>

<comp id="36" class="1001" name="const_36">
<pin_list>
<pin id="37" dir="1" index="0" bw="1" slack="0"/>
</pin_list>
<bind>
<StgValue><ssdm name=""/></StgValue>
</bind>
</comp>

<comp id="38" class="1001" name="const_38">
<pin_list>
<pin id="39" dir="1" index="0" bw="1" slack="0"/>
</pin_list>
<bind>
<StgValue><ssdm name=""/></StgValue>
</bind>
</comp>

<comp id="40" class="1001" name="const_40">
<pin_list>
<pin id="41" dir="1" index="0" bw="1" slack="0"/>
</pin_list>
<bind>
<StgValue><ssdm name=""/></StgValue>
</bind>
</comp>

<comp id="42" class="1001" name="const_42">
<pin_list>
<pin id="43" dir="1" index="0" bw="1" slack="0"/>
</pin_list>
<bind>
<StgValue><ssdm name=""/></StgValue>
</bind>
</comp>

<comp id="44" class="1001" name="const_44">
<pin_list>
<pin id="45" dir="1" index="0" bw="1" slack="0"/>
</pin_list>
<bind>
<StgValue><ssdm name=""/></StgValue>
</bind>
</comp>

<comp id="46" class="1001" name="const_46">
<pin_list>
<pin id="47" dir="1" index="0" bw="1" slack="0"/>
</pin_list>
<bind>
<StgValue><ssdm name=""/></StgValue>
</bind>
</comp>

<comp id="48" class="1001" name="const_48">
<pin_list>
<pin id="49" dir="1" index="0" bw="1" slack="0"/>
</pin_list>
<bind>
<StgValue><ssdm name=""/></StgValue>
</bind>
</comp>

<comp id="50" class="1001" name="const_50">
<pin_list>
<pin id="51" dir="1" index="0" bw="1" slack="0"/>
</pin_list>
<bind>
<StgValue><ssdm name=""/></StgValue>
</bind>
</comp>

<comp id="52" class="1001" name="const_52">
<pin_list>
<pin id="53" dir="1" index="0" bw="1" slack="0"/>
</pin_list>
<bind>
<StgValue><ssdm name=""/></StgValue>
</bind>
</comp>

<comp id="54" class="1001" name="const_54">
<pin_list>
<pin id="55" dir="1" index="0" bw="1" slack="0"/>
</pin_list>
<bind>
<StgValue><ssdm name=""/></StgValue>
</bind>
</comp>

<comp id="56" class="1001" name="const_56">
<pin_list>
<pin id="57" dir="1" index="0" bw="1" slack="0"/>
</pin_list>
<bind>
<StgValue><ssdm name=""/></StgValue>
</bind>
</comp>

<comp id="58" class="1001" name="const_58">
<pin_list>
<pin id="59" dir="1" index="0" bw="1" slack="0"/>
</pin_list>
<bind>
<StgValue><ssdm name=""/></StgValue>
</bind>
</comp>

<comp id="60" class="1001" name="const_60">
<pin_list>
<pin id="61" dir="1" index="0" bw="1" slack="0"/>
</pin_list>
<bind>
<StgValue><ssdm name=""/></StgValue>
</bind>
</comp>

<comp id="62" class="1001" name="const_62">
<pin_list>
<pin id="63" dir="1" index="0" bw="1" slack="0"/>
</pin_list>
<bind>
<StgValue><ssdm name=""/></StgValue>
</bind>
</comp>

<comp id="64" class="1001" name="const_64">
<pin_list>
<pin id="65" dir="1" index="0" bw="1" slack="0"/>
</pin_list>
<bind>
<StgValue><ssdm name=""/></StgValue>
</bind>
</comp>

<comp id="66" class="1001" name="const_66">
<pin_list>
<pin id="67" dir="1" index="0" bw="1" slack="0"/>
</pin_list>
<bind>
<StgValue><ssdm name=""/></StgValue>
</bind>
</comp>

<comp id="68" class="1001" name="const_68">
<pin_list>
<pin id="69" dir="1" index="0" bw="1" slack="0"/>
</pin_list>
<bind>
<StgValue><ssdm name=""/></StgValue>
</bind>
</comp>

<comp id="70" class="1001" name="const_70">
<pin_list>
<pin id="71" dir="1" index="0" bw="1" slack="0"/>
</pin_list>
<bind>
<StgValue><ssdm name=""/></StgValue>
</bind>
</comp>

<comp id="72" class="1001" name="const_72">
<pin_list>
<pin id="73" dir="1" index="0" bw="1" slack="0"/>
</pin_list>
<bind>
<StgValue><ssdm name=""/></StgValue>
</bind>
</comp>

<comp id="74" class="1001" name="const_74">
<pin_list>
<pin id="75" dir="1" index="0" bw="1" slack="2147483647"/>
</pin_list>
<bind>
<StgValue><ssdm name="_ssdm_op_SpecPipeline"/></StgValue>
</bind>
</comp>

<comp id="76" class="1001" name="const_76">
<pin_list>
<pin id="77" dir="1" index="0" bw="1" slack="2147483647"/>
</pin_list>
<bind>
<StgValue><ssdm name=""/></StgValue>
</bind>
</comp>

<comp id="78" class="1001" name="const_78">
<pin_list>
<pin id="79" dir="1" index="0" bw="1" slack="2147483647"/>
</pin_list>
<bind>
<StgValue><ssdm name=""/></StgValue>
</bind>
</comp>

<comp id="80" class="1001" name="const_80">
<pin_list>
<pin id="81" dir="1" index="0" bw="1" slack="2147483647"/>
</pin_list>
<bind>
<StgValue><ssdm name="empty_0"/></StgValue>
</bind>
</comp>

<comp id="82" class="1001" name="const_82">
<pin_list>
<pin id="83" dir="1" index="0" bw="1" slack="2147483647"/>
</pin_list>
<bind>
<StgValue><ssdm name="_ssdm_op_SpecTopModule"/></StgValue>
</bind>
</comp>

<comp id="84" class="1001" name="const_84">
<pin_list>
<pin id="85" dir="1" index="0" bw="1" slack="2147483647"/>
</pin_list>
<bind>
<StgValue><ssdm name="empty_1"/></StgValue>
</bind>
</comp>

<comp id="86" class="1001" name="const_86">
<pin_list>
<pin id="87" dir="1" index="0" bw="1" slack="2147483647"/>
</pin_list>
<bind>
<StgValue><ssdm name="_ssdm_op_SpecInterface"/></StgValue>
</bind>
</comp>

<comp id="88" class="1001" name="const_88">
<pin_list>
<pin id="89" dir="1" index="0" bw="1" slack="2147483647"/>
</pin_list>
<bind>
<StgValue><ssdm name="empty"/></StgValue>
</bind>
</comp>

<comp id="90" class="1001" name="const_90">
<pin_list>
<pin id="91" dir="1" index="0" bw="1" slack="2147483647"/>
</pin_list>
<bind>
<StgValue><ssdm name="_ssdm_op_SpecBitsMap"/></StgValue>
</bind>
</comp>

<comp id="92" class="1004" name="a_addr_gep_fu_92">
<pin_list>
<pin id="93" dir="0" index="0" bw="40" slack="0"/>
<pin id="94" dir="0" index="1" bw="1" slack="0"/>
<pin id="95" dir="0" index="2" bw="1" slack="0"/>
<pin id="96" dir="1" index="3" bw="3" slack="0"/>
</pin_list>
<bind>
<opcode="getelementptr(29) " fcode="getelementptr"/>
<opset="a_addr/1 "/>
</bind>
</comp>

<comp id="100" class="1004" name="grp_access_fu_100">
<pin_list>
<pin id="101" dir="0" index="0" bw="3" slack="0"/>
<pin id="102" dir="0" index="1" bw="40" slack="2147483647"/>
<pin id="103" dir="0" index="2" bw="0" slack="0"/>
<pin id="105" dir="0" index="4" bw="3" slack="2147483647"/>
<pin id="106" dir="0" index="5" bw="40" slack="2147483647"/>
<pin id="107" dir="0" index="6" bw="0" slack="2147483647"/>
<pin id="104" dir="1" index="3" bw="40" slack="0"/>
<pin id="108" dir="1" index="7" bw="40" slack="0"/>
</pin_list>
<bind>
<opcode="load(27) " fcode="load"/>
<opset="a_load/1 a_load_1/1 a_load_2/2 a_load_3/2 a_load_4/3 "/>
</bind>
</comp>

<comp id="110" class="1004" name="b_addr_gep_fu_110">
<pin_list>
<pin id="111" dir="0" index="0" bw="40" slack="0"/>
<pin id="112" dir="0" index="1" bw="1" slack="0"/>
<pin id="113" dir="0" index="2" bw="1" slack="0"/>
<pin id="114" dir="1" index="3" bw="3" slack="0"/>
</pin_list>
<bind>
<opcode="getelementptr(29) " fcode="getelementptr"/>
<opset="b_addr/1 "/>
</bind>
</comp>

<comp id="118" class="1004" name="grp_access_fu_118">
<pin_list>
<pin id="119" dir="0" index="0" bw="3" slack="0"/>
<pin id="120" dir="0" index="1" bw="40" slack="2147483647"/>
<pin id="121" dir="0" index="2" bw="0" slack="0"/>
<pin id="123" dir="0" index="4" bw="3" slack="2147483647"/>
<pin id="124" dir="0" index="5" bw="40" slack="2147483647"/>
<pin id="125" dir="0" index="6" bw="0" slack="2147483647"/>
<pin id="122" dir="1" index="3" bw="40" slack="0"/>
<pin id="126" dir="1" index="7" bw="40" slack="0"/>
</pin_list>
<bind>
<opcode="load(27) " fcode="load"/>
<opset="b_load/1 b_load_1/1 b_load_2/2 b_load_3/2 b_load_4/3 "/>
</bind>
</comp>

<comp id="128" class="1004" name="b_addr_1_gep_fu_128">
<pin_list>
<pin id="129" dir="0" index="0" bw="40" slack="0"/>
<pin id="130" dir="0" index="1" bw="1" slack="0"/>
<pin id="131" dir="0" index="2" bw="1" slack="0"/>
<pin id="132" dir="1" index="3" bw="3" slack="0"/>
</pin_list>
<bind>
<opcode="getelementptr(29) " fcode="getelementptr"/>
<opset="b_addr_1/1 "/>
</bind>
</comp>

<comp id="137" class="1004" name="a_addr_1_gep_fu_137">
<pin_list>
<pin id="138" dir="0" index="0" bw="40" slack="0"/>
<pin id="139" dir="0" index="1" bw="1" slack="0"/>
<pin id="140" dir="0" index="2" bw="1" slack="0"/>
<pin id="141" dir="1" index="3" bw="3" slack="0"/>
</pin_list>
<bind>
<opcode="getelementptr(29) " fcode="getelementptr"/>
<opset="a_addr_1/1 "/>
</bind>
</comp>

<comp id="146" class="1004" name="b_addr_2_gep_fu_146">
<pin_list>
<pin id="147" dir="0" index="0" bw="40" slack="0"/>
<pin id="148" dir="0" index="1" bw="1" slack="0"/>
<pin id="149" dir="0" index="2" bw="3" slack="0"/>
<pin id="150" dir="1" index="3" bw="3" slack="0"/>
</pin_list>
<bind>
<opcode="getelementptr(29) " fcode="getelementptr"/>
<opset="b_addr_2/2 "/>
</bind>
</comp>

<comp id="155" class="1004" name="b_addr_3_gep_fu_155">
<pin_list>
<pin id="156" dir="0" index="0" bw="40" slack="0"/>
<pin id="157" dir="0" index="1" bw="1" slack="0"/>
<pin id="158" dir="0" index="2" bw="3" slack="0"/>
<pin id="159" dir="1" index="3" bw="3" slack="0"/>
</pin_list>
<bind>
<opcode="getelementptr(29) " fcode="getelementptr"/>
<opset="b_addr_3/2 "/>
</bind>
</comp>

<comp id="164" class="1004" name="a_addr_2_gep_fu_164">
<pin_list>
<pin id="165" dir="0" index="0" bw="40" slack="0"/>
<pin id="166" dir="0" index="1" bw="1" slack="0"/>
<pin id="167" dir="0" index="2" bw="3" slack="0"/>
<pin id="168" dir="1" index="3" bw="3" slack="0"/>
</pin_list>
<bind>
<opcode="getelementptr(29) " fcode="getelementptr"/>
<opset="a_addr_2/2 "/>
</bind>
</comp>

<comp id="173" class="1004" name="a_addr_3_gep_fu_173">
<pin_list>
<pin id="174" dir="0" index="0" bw="40" slack="0"/>
<pin id="175" dir="0" index="1" bw="1" slack="0"/>
<pin id="176" dir="0" index="2" bw="3" slack="0"/>
<pin id="177" dir="1" index="3" bw="3" slack="0"/>
</pin_list>
<bind>
<opcode="getelementptr(29) " fcode="getelementptr"/>
<opset="a_addr_3/2 "/>
</bind>
</comp>

<comp id="182" class="1004" name="b_addr_4_gep_fu_182">
<pin_list>
<pin id="183" dir="0" index="0" bw="40" slack="0"/>
<pin id="184" dir="0" index="1" bw="1" slack="0"/>
<pin id="185" dir="0" index="2" bw="4" slack="0"/>
<pin id="186" dir="1" index="3" bw="3" slack="0"/>
</pin_list>
<bind>
<opcode="getelementptr(29) " fcode="getelementptr"/>
<opset="b_addr_4/3 "/>
</bind>
</comp>

<comp id="191" class="1004" name="a_addr_4_gep_fu_191">
<pin_list>
<pin id="192" dir="0" index="0" bw="40" slack="0"/>
<pin id="193" dir="0" index="1" bw="1" slack="0"/>
<pin id="194" dir="0" index="2" bw="4" slack="0"/>
<pin id="195" dir="1" index="3" bw="3" slack="0"/>
</pin_list>
<bind>
<opcode="getelementptr(29) " fcode="getelementptr"/>
<opset="a_addr_4/3 "/>
</bind>
</comp>

<comp id="200" class="1004" name="prod_addr_gep_fu_200">
<pin_list>
<pin id="201" dir="0" index="0" bw="16" slack="0"/>
<pin id="202" dir="0" index="1" bw="1" slack="0"/>
<pin id="203" dir="0" index="2" bw="1" slack="0"/>
<pin id="204" dir="1" index="3" bw="5" slack="0"/>
</pin_list>
<bind>
<opcode="getelementptr(29) " fcode="getelementptr"/>
<opset="prod_addr/12 "/>
</bind>
</comp>

<comp id="208" class="1004" name="prod_addr_1_gep_fu_208">
<pin_list>
<pin id="209" dir="0" index="0" bw="16" slack="0"/>
<pin id="210" dir="0" index="1" bw="1" slack="0"/>
<pin id="211" dir="0" index="2" bw="1" slack="0"/>
<pin id="212" dir="1" index="3" bw="5" slack="0"/>
</pin_list>
<bind>
<opcode="getelementptr(29) " fcode="getelementptr"/>
<opset="prod_addr_1/12 "/>
</bind>
</comp>

<comp id="216" class="1004" name="grp_access_fu_216">
<pin_list>
<pin id="217" dir="0" index="0" bw="5" slack="0"/>
<pin id="218" dir="0" index="1" bw="16" slack="1"/>
<pin id="219" dir="0" index="2" bw="0" slack="0"/>
<pin id="222" dir="0" index="4" bw="5" slack="1"/>
<pin id="223" dir="0" index="5" bw="16" slack="2147483647"/>
<pin id="224" dir="0" index="6" bw="0" slack="2147483647"/>
<pin id="220" dir="1" index="3" bw="16" slack="2147483647"/>
<pin id="225" dir="1" index="7" bw="16" slack="2147483647"/>
</pin_list>
<bind>
<opcode="store(28) " fcode="store"/>
<opset="store_ln16/12 store_ln16/12 store_ln16/13 store_ln16/13 store_ln16/14 store_ln16/14 store_ln16/15 store_ln16/15 store_ln16/16 store_ln16/16 store_ln16/17 store_ln16/17 store_ln16/18 store_ln16/18 store_ln16/19 store_ln16/19 store_ln16/20 store_ln16/20 store_ln16/21 store_ln16/21 store_ln16/22 store_ln16/22 store_ln16/23 store_ln16/23 store_ln16/24 "/>
</bind>
</comp>

<comp id="227" class="1004" name="prod_addr_2_gep_fu_227">
<pin_list>
<pin id="228" dir="0" index="0" bw="16" slack="0"/>
<pin id="229" dir="0" index="1" bw="1" slack="0"/>
<pin id="230" dir="0" index="2" bw="3" slack="0"/>
<pin id="231" dir="1" index="3" bw="5" slack="0"/>
</pin_list>
<bind>
<opcode="getelementptr(29) " fcode="getelementptr"/>
<opset="prod_addr_2/13 "/>
</bind>
</comp>

<comp id="235" class="1004" name="prod_addr_3_gep_fu_235">
<pin_list>
<pin id="236" dir="0" index="0" bw="16" slack="0"/>
<pin id="237" dir="0" index="1" bw="1" slack="0"/>
<pin id="238" dir="0" index="2" bw="3" slack="0"/>
<pin id="239" dir="1" index="3" bw="5" slack="0"/>
</pin_list>
<bind>
<opcode="getelementptr(29) " fcode="getelementptr"/>
<opset="prod_addr_3/13 "/>
</bind>
</comp>

<comp id="245" class="1004" name="prod_addr_4_gep_fu_245">
<pin_list>
<pin id="246" dir="0" index="0" bw="16" slack="0"/>
<pin id="247" dir="0" index="1" bw="1" slack="0"/>
<pin id="248" dir="0" index="2" bw="4" slack="0"/>
<pin id="249" dir="1" index="3" bw="5" slack="0"/>
</pin_list>
<bind>
<opcode="getelementptr(29) " fcode="getelementptr"/>
<opset="prod_addr_4/14 "/>
</bind>
</comp>

<comp id="253" class="1004" name="prod_addr_5_gep_fu_253">
<pin_list>
<pin id="254" dir="0" index="0" bw="16" slack="0"/>
<pin id="255" dir="0" index="1" bw="1" slack="0"/>
<pin id="256" dir="0" index="2" bw="4" slack="0"/>
<pin id="257" dir="1" index="3" bw="5" slack="0"/>
</pin_list>
<bind>
<opcode="getelementptr(29) " fcode="getelementptr"/>
<opset="prod_addr_5/14 "/>
</bind>
</comp>

<comp id="263" class="1004" name="prod_addr_6_gep_fu_263">
<pin_list>
<pin id="264" dir="0" index="0" bw="16" slack="0"/>
<pin id="265" dir="0" index="1" bw="1" slack="0"/>
<pin id="266" dir="0" index="2" bw="4" slack="0"/>
<pin id="267" dir="1" index="3" bw="5" slack="0"/>
</pin_list>
<bind>
<opcode="getelementptr(29) " fcode="getelementptr"/>
<opset="prod_addr_6/15 "/>
</bind>
</comp>

<comp id="271" class="1004" name="prod_addr_7_gep_fu_271">
<pin_list>
<pin id="272" dir="0" index="0" bw="16" slack="0"/>
<pin id="273" dir="0" index="1" bw="1" slack="0"/>
<pin id="274" dir="0" index="2" bw="4" slack="0"/>
<pin id="275" dir="1" index="3" bw="5" slack="0"/>
</pin_list>
<bind>
<opcode="getelementptr(29) " fcode="getelementptr"/>
<opset="prod_addr_7/15 "/>
</bind>
</comp>

<comp id="281" class="1004" name="prod_addr_8_gep_fu_281">
<pin_list>
<pin id="282" dir="0" index="0" bw="16" slack="0"/>
<pin id="283" dir="0" index="1" bw="1" slack="0"/>
<pin id="284" dir="0" index="2" bw="5" slack="0"/>
<pin id="285" dir="1" index="3" bw="5" slack="0"/>
</pin_list>
<bind>
<opcode="getelementptr(29) " fcode="getelementptr"/>
<opset="prod_addr_8/16 "/>
</bind>
</comp>

<comp id="289" class="1004" name="prod_addr_9_gep_fu_289">
<pin_list>
<pin id="290" dir="0" index="0" bw="16" slack="0"/>
<pin id="291" dir="0" index="1" bw="1" slack="0"/>
<pin id="292" dir="0" index="2" bw="5" slack="0"/>
<pin id="293" dir="1" index="3" bw="5" slack="0"/>
</pin_list>
<bind>
<opcode="getelementptr(29) " fcode="getelementptr"/>
<opset="prod_addr_9/16 "/>
</bind>
</comp>

<comp id="299" class="1004" name="prod_addr_10_gep_fu_299">
<pin_list>
<pin id="300" dir="0" index="0" bw="16" slack="0"/>
<pin id="301" dir="0" index="1" bw="1" slack="0"/>
<pin id="302" dir="0" index="2" bw="5" slack="0"/>
<pin id="303" dir="1" index="3" bw="5" slack="0"/>
</pin_list>
<bind>
<opcode="getelementptr(29) " fcode="getelementptr"/>
<opset="prod_addr_10/17 "/>
</bind>
</comp>

<comp id="307" class="1004" name="prod_addr_11_gep_fu_307">
<pin_list>
<pin id="308" dir="0" index="0" bw="16" slack="0"/>
<pin id="309" dir="0" index="1" bw="1" slack="0"/>
<pin id="310" dir="0" index="2" bw="5" slack="0"/>
<pin id="311" dir="1" index="3" bw="5" slack="0"/>
</pin_list>
<bind>
<opcode="getelementptr(29) " fcode="getelementptr"/>
<opset="prod_addr_11/17 "/>
</bind>
</comp>

<comp id="317" class="1004" name="prod_addr_12_gep_fu_317">
<pin_list>
<pin id="318" dir="0" index="0" bw="16" slack="0"/>
<pin id="319" dir="0" index="1" bw="1" slack="0"/>
<pin id="320" dir="0" index="2" bw="5" slack="0"/>
<pin id="321" dir="1" index="3" bw="5" slack="0"/>
</pin_list>
<bind>
<opcode="getelementptr(29) " fcode="getelementptr"/>
<opset="prod_addr_12/18 "/>
</bind>
</comp>

<comp id="325" class="1004" name="prod_addr_13_gep_fu_325">
<pin_list>
<pin id="326" dir="0" index="0" bw="16" slack="0"/>
<pin id="327" dir="0" index="1" bw="1" slack="0"/>
<pin id="328" dir="0" index="2" bw="5" slack="0"/>
<pin id="329" dir="1" index="3" bw="5" slack="0"/>
</pin_list>
<bind>
<opcode="getelementptr(29) " fcode="getelementptr"/>
<opset="prod_addr_13/18 "/>
</bind>
</comp>

<comp id="335" class="1004" name="prod_addr_14_gep_fu_335">
<pin_list>
<pin id="336" dir="0" index="0" bw="16" slack="0"/>
<pin id="337" dir="0" index="1" bw="1" slack="0"/>
<pin id="338" dir="0" index="2" bw="5" slack="0"/>
<pin id="339" dir="1" index="3" bw="5" slack="0"/>
</pin_list>
<bind>
<opcode="getelementptr(29) " fcode="getelementptr"/>
<opset="prod_addr_14/19 "/>
</bind>
</comp>

<comp id="343" class="1004" name="prod_addr_15_gep_fu_343">
<pin_list>
<pin id="344" dir="0" index="0" bw="16" slack="0"/>
<pin id="345" dir="0" index="1" bw="1" slack="0"/>
<pin id="346" dir="0" index="2" bw="5" slack="0"/>
<pin id="347" dir="1" index="3" bw="5" slack="0"/>
</pin_list>
<bind>
<opcode="getelementptr(29) " fcode="getelementptr"/>
<opset="prod_addr_15/19 "/>
</bind>
</comp>

<comp id="353" class="1004" name="prod_addr_16_gep_fu_353">
<pin_list>
<pin id="354" dir="0" index="0" bw="16" slack="0"/>
<pin id="355" dir="0" index="1" bw="1" slack="0"/>
<pin id="356" dir="0" index="2" bw="6" slack="0"/>
<pin id="357" dir="1" index="3" bw="5" slack="0"/>
</pin_list>
<bind>
<opcode="getelementptr(29) " fcode="getelementptr"/>
<opset="prod_addr_16/20 "/>
</bind>
</comp>

<comp id="361" class="1004" name="prod_addr_17_gep_fu_361">
<pin_list>
<pin id="362" dir="0" index="0" bw="16" slack="0"/>
<pin id="363" dir="0" index="1" bw="1" slack="0"/>
<pin id="364" dir="0" index="2" bw="6" slack="0"/>
<pin id="365" dir="1" index="3" bw="5" slack="0"/>
</pin_list>
<bind>
<opcode="getelementptr(29) " fcode="getelementptr"/>
<opset="prod_addr_17/20 "/>
</bind>
</comp>

<comp id="371" class="1004" name="prod_addr_18_gep_fu_371">
<pin_list>
<pin id="372" dir="0" index="0" bw="16" slack="0"/>
<pin id="373" dir="0" index="1" bw="1" slack="0"/>
<pin id="374" dir="0" index="2" bw="6" slack="0"/>
<pin id="375" dir="1" index="3" bw="5" slack="0"/>
</pin_list>
<bind>
<opcode="getelementptr(29) " fcode="getelementptr"/>
<opset="prod_addr_18/21 "/>
</bind>
</comp>

<comp id="379" class="1004" name="prod_addr_19_gep_fu_379">
<pin_list>
<pin id="380" dir="0" index="0" bw="16" slack="0"/>
<pin id="381" dir="0" index="1" bw="1" slack="0"/>
<pin id="382" dir="0" index="2" bw="6" slack="0"/>
<pin id="383" dir="1" index="3" bw="5" slack="0"/>
</pin_list>
<bind>
<opcode="getelementptr(29) " fcode="getelementptr"/>
<opset="prod_addr_19/21 "/>
</bind>
</comp>

<comp id="389" class="1004" name="prod_addr_20_gep_fu_389">
<pin_list>
<pin id="390" dir="0" index="0" bw="16" slack="0"/>
<pin id="391" dir="0" index="1" bw="1" slack="0"/>
<pin id="392" dir="0" index="2" bw="6" slack="0"/>
<pin id="393" dir="1" index="3" bw="5" slack="0"/>
</pin_list>
<bind>
<opcode="getelementptr(29) " fcode="getelementptr"/>
<opset="prod_addr_20/22 "/>
</bind>
</comp>

<comp id="397" class="1004" name="prod_addr_21_gep_fu_397">
<pin_list>
<pin id="398" dir="0" index="0" bw="16" slack="0"/>
<pin id="399" dir="0" index="1" bw="1" slack="0"/>
<pin id="400" dir="0" index="2" bw="6" slack="0"/>
<pin id="401" dir="1" index="3" bw="5" slack="0"/>
</pin_list>
<bind>
<opcode="getelementptr(29) " fcode="getelementptr"/>
<opset="prod_addr_21/22 "/>
</bind>
</comp>

<comp id="407" class="1004" name="prod_addr_22_gep_fu_407">
<pin_list>
<pin id="408" dir="0" index="0" bw="16" slack="0"/>
<pin id="409" dir="0" index="1" bw="1" slack="0"/>
<pin id="410" dir="0" index="2" bw="6" slack="0"/>
<pin id="411" dir="1" index="3" bw="5" slack="0"/>
</pin_list>
<bind>
<opcode="getelementptr(29) " fcode="getelementptr"/>
<opset="prod_addr_22/23 "/>
</bind>
</comp>

<comp id="415" class="1004" name="prod_addr_23_gep_fu_415">
<pin_list>
<pin id="416" dir="0" index="0" bw="16" slack="0"/>
<pin id="417" dir="0" index="1" bw="1" slack="0"/>
<pin id="418" dir="0" index="2" bw="6" slack="0"/>
<pin id="419" dir="1" index="3" bw="5" slack="0"/>
</pin_list>
<bind>
<opcode="getelementptr(29) " fcode="getelementptr"/>
<opset="prod_addr_23/23 "/>
</bind>
</comp>

<comp id="425" class="1004" name="prod_addr_24_gep_fu_425">
<pin_list>
<pin id="426" dir="0" index="0" bw="16" slack="0"/>
<pin id="427" dir="0" index="1" bw="1" slack="0"/>
<pin id="428" dir="0" index="2" bw="6" slack="0"/>
<pin id="429" dir="1" index="3" bw="5" slack="0"/>
</pin_list>
<bind>
<opcode="getelementptr(29) " fcode="getelementptr"/>
<opset="prod_addr_24/24 "/>
</bind>
</comp>

<comp id="434" class="1004" name="grp_fu_434">
<pin_list>
<pin id="435" dir="0" index="0" bw="8" slack="0"/>
<pin id="436" dir="0" index="1" bw="40" slack="0"/>
<pin id="437" dir="0" index="2" bw="5" slack="0"/>
<pin id="438" dir="0" index="3" bw="5" slack="0"/>
<pin id="439" dir="1" index="4" bw="8" slack="7"/>
</pin_list>
<bind>
<opcode="partselect(1002) " fcode="partselect"/>
<opset="tmp1/2 tmp_27/3 "/>
</bind>
</comp>

<comp id="444" class="1004" name="grp_fu_444">
<pin_list>
<pin id="445" dir="0" index="0" bw="8" slack="0"/>
<pin id="446" dir="0" index="1" bw="40" slack="0"/>
<pin id="447" dir="0" index="2" bw="5" slack="0"/>
<pin id="448" dir="0" index="3" bw="5" slack="0"/>
<pin id="449" dir="1" index="4" bw="8" slack="6"/>
</pin_list>
<bind>
<opcode="partselect(1002) " fcode="partselect"/>
<opset="tmp_s/2 tmp_11/3 "/>
</bind>
</comp>

<comp id="454" class="1004" name="grp_fu_454">
<pin_list>
<pin id="455" dir="0" index="0" bw="8" slack="0"/>
<pin id="456" dir="0" index="1" bw="40" slack="0"/>
<pin id="457" dir="0" index="2" bw="6" slack="0"/>
<pin id="458" dir="0" index="3" bw="6" slack="0"/>
<pin id="459" dir="1" index="4" bw="8" slack="2"/>
</pin_list>
<bind>
<opcode="partselect(1002) " fcode="partselect"/>
<opset="tmp_1/2 tmp_28/3 "/>
</bind>
</comp>

<comp id="464" class="1004" name="grp_fu_464">
<pin_list>
<pin id="465" dir="0" index="0" bw="8" slack="0"/>
<pin id="466" dir="0" index="1" bw="40" slack="0"/>
<pin id="467" dir="0" index="2" bw="6" slack="0"/>
<pin id="468" dir="0" index="3" bw="6" slack="0"/>
<pin id="469" dir="1" index="4" bw="8" slack="2"/>
</pin_list>
<bind>
<opcode="partselect(1002) " fcode="partselect"/>
<opset="tmp_2/2 tmp_12/3 "/>
</bind>
</comp>

<comp id="474" class="1004" name="grp_fu_474">
<pin_list>
<pin id="475" dir="0" index="0" bw="8" slack="0"/>
<pin id="476" dir="0" index="1" bw="40" slack="0"/>
<pin id="477" dir="0" index="2" bw="6" slack="0"/>
<pin id="478" dir="0" index="3" bw="6" slack="0"/>
<pin id="479" dir="1" index="4" bw="8" slack="1"/>
</pin_list>
<bind>
<opcode="partselect(1002) " fcode="partselect"/>
<opset="tmp_3/2 tmp_29/3 "/>
</bind>
</comp>

<comp id="484" class="1004" name="grp_fu_484">
<pin_list>
<pin id="485" dir="0" index="0" bw="8" slack="0"/>
<pin id="486" dir="0" index="1" bw="40" slack="0"/>
<pin id="487" dir="0" index="2" bw="6" slack="0"/>
<pin id="488" dir="0" index="3" bw="6" slack="0"/>
<pin id="489" dir="1" index="4" bw="8" slack="1"/>
</pin_list>
<bind>
<opcode="partselect(1002) " fcode="partselect"/>
<opset="tmp_4/2 tmp_13/3 "/>
</bind>
</comp>

<comp id="494" class="1004" name="grp_fu_494">
<pin_list>
<pin id="495" dir="0" index="0" bw="8" slack="0"/>
<pin id="496" dir="0" index="1" bw="40" slack="0"/>
<pin id="497" dir="0" index="2" bw="7" slack="0"/>
<pin id="498" dir="0" index="3" bw="7" slack="0"/>
<pin id="499" dir="1" index="4" bw="8" slack="0"/>
</pin_list>
<bind>
<opcode="partselect(1002) " fcode="partselect"/>
<opset="tmp_5/2 tmp_30/3 "/>
</bind>
</comp>

<comp id="504" class="1004" name="grp_fu_504">
<pin_list>
<pin id="505" dir="0" index="0" bw="8" slack="0"/>
<pin id="506" dir="0" index="1" bw="40" slack="0"/>
<pin id="507" dir="0" index="2" bw="7" slack="0"/>
<pin id="508" dir="0" index="3" bw="7" slack="0"/>
<pin id="509" dir="1" index="4" bw="8" slack="0"/>
</pin_list>
<bind>
<opcode="partselect(1002) " fcode="partselect"/>
<opset="tmp_6/2 tmp_14/3 "/>
</bind>
</comp>

<comp id="514" class="1004" name="grp_fu_514">
<pin_list>
<pin id="515" dir="0" index="0" bw="8" slack="0"/>
<pin id="516" dir="0" index="1" bw="40" slack="0"/>
<pin id="517" dir="0" index="2" bw="5" slack="0"/>
<pin id="518" dir="0" index="3" bw="5" slack="0"/>
<pin id="519" dir="1" index="4" bw="8" slack="6"/>
</pin_list>
<bind>
<opcode="partselect(1002) " fcode="partselect"/>
<opset="tmp_7/2 tmp_15/3 tmp_19/4 "/>
</bind>
</comp>

<comp id="524" class="1004" name="grp_fu_524">
<pin_list>
<pin id="525" dir="0" index="0" bw="8" slack="0"/>
<pin id="526" dir="0" index="1" bw="40" slack="0"/>
<pin id="527" dir="0" index="2" bw="6" slack="0"/>
<pin id="528" dir="0" index="3" bw="6" slack="0"/>
<pin id="529" dir="1" index="4" bw="8" slack="2"/>
</pin_list>
<bind>
<opcode="partselect(1002) " fcode="partselect"/>
<opset="tmp_8/2 tmp_16/3 tmp_20/4 "/>
</bind>
</comp>

<comp id="534" class="1004" name="grp_fu_534">
<pin_list>
<pin id="535" dir="0" index="0" bw="8" slack="0"/>
<pin id="536" dir="0" index="1" bw="40" slack="0"/>
<pin id="537" dir="0" index="2" bw="6" slack="0"/>
<pin id="538" dir="0" index="3" bw="6" slack="0"/>
<pin id="539" dir="1" index="4" bw="8" slack="1"/>
</pin_list>
<bind>
<opcode="partselect(1002) " fcode="partselect"/>
<opset="tmp_9/2 tmp_17/3 tmp_21/4 "/>
</bind>
</comp>

<comp id="544" class="1004" name="grp_fu_544">
<pin_list>
<pin id="545" dir="0" index="0" bw="8" slack="0"/>
<pin id="546" dir="0" index="1" bw="40" slack="0"/>
<pin id="547" dir="0" index="2" bw="7" slack="0"/>
<pin id="548" dir="0" index="3" bw="7" slack="0"/>
<pin id="549" dir="1" index="4" bw="8" slack="0"/>
</pin_list>
<bind>
<opcode="partselect(1002) " fcode="partselect"/>
<opset="tmp_10/2 tmp_18/3 tmp_22/4 "/>
</bind>
</comp>

<comp id="554" class="1004" name="grp_fu_554">
<pin_list>
<pin id="555" dir="0" index="0" bw="8" slack="0"/>
<pin id="556" dir="0" index="1" bw="40" slack="0"/>
<pin id="557" dir="0" index="2" bw="5" slack="0"/>
<pin id="558" dir="0" index="3" bw="5" slack="0"/>
<pin id="559" dir="1" index="4" bw="8" slack="8"/>
</pin_list>
<bind>
<opcode="partselect(1002) " fcode="partselect"/>
<opset="tmp_23/2 tmp_31/3 tmp_35/4 "/>
</bind>
</comp>

<comp id="564" class="1004" name="grp_fu_564">
<pin_list>
<pin id="565" dir="0" index="0" bw="8" slack="0"/>
<pin id="566" dir="0" index="1" bw="40" slack="0"/>
<pin id="567" dir="0" index="2" bw="6" slack="0"/>
<pin id="568" dir="0" index="3" bw="6" slack="0"/>
<pin id="569" dir="1" index="4" bw="8" slack="4"/>
</pin_list>
<bind>
<opcode="partselect(1002) " fcode="partselect"/>
<opset="tmp_24/2 tmp_32/3 tmp_36/4 "/>
</bind>
</comp>

<comp id="574" class="1004" name="grp_fu_574">
<pin_list>
<pin id="575" dir="0" index="0" bw="8" slack="0"/>
<pin id="576" dir="0" index="1" bw="40" slack="0"/>
<pin id="577" dir="0" index="2" bw="6" slack="0"/>
<pin id="578" dir="0" index="3" bw="6" slack="0"/>
<pin id="579" dir="1" index="4" bw="8" slack="1"/>
</pin_list>
<bind>
<opcode="partselect(1002) " fcode="partselect"/>
<opset="tmp_25/2 tmp_33/3 tmp_37/4 "/>
</bind>
</comp>

<comp id="584" class="1004" name="grp_fu_584">
<pin_list>
<pin id="585" dir="0" index="0" bw="8" slack="0"/>
<pin id="586" dir="0" index="1" bw="40" slack="0"/>
<pin id="587" dir="0" index="2" bw="7" slack="0"/>
<pin id="588" dir="0" index="3" bw="7" slack="0"/>
<pin id="589" dir="1" index="4" bw="8" slack="0"/>
</pin_list>
<bind>
<opcode="partselect(1002) " fcode="partselect"/>
<opset="tmp_26/2 tmp_34/3 tmp_38/4 "/>
</bind>
</comp>

<comp id="594" class="1005" name="reg_594">
<pin_list>
<pin id="595" dir="0" index="0" bw="8" slack="1"/>
<pin id="596" dir="1" index="1" bw="8" slack="1"/>
</pin_list>
<bind>
<opset="tmp_3 tmp_29 "/>
</bind>
</comp>

<comp id="598" class="1005" name="reg_598">
<pin_list>
<pin id="599" dir="0" index="0" bw="8" slack="1"/>
<pin id="600" dir="1" index="1" bw="8" slack="1"/>
</pin_list>
<bind>
<opset="tmp_4 tmp_13 "/>
</bind>
</comp>

<comp id="602" class="1005" name="reg_602">
<pin_list>
<pin id="603" dir="0" index="0" bw="8" slack="2"/>
<pin id="604" dir="1" index="1" bw="8" slack="2"/>
</pin_list>
<bind>
<opset="tmp_8 tmp_20 "/>
</bind>
</comp>

<comp id="606" class="1005" name="reg_606">
<pin_list>
<pin id="607" dir="0" index="0" bw="8" slack="1"/>
<pin id="608" dir="1" index="1" bw="8" slack="1"/>
</pin_list>
<bind>
<opset="tmp_9 tmp_17 tmp_21 "/>
</bind>
</comp>

<comp id="610" class="1005" name="reg_610">
<pin_list>
<pin id="611" dir="0" index="0" bw="8" slack="1"/>
<pin id="612" dir="1" index="1" bw="8" slack="1"/>
</pin_list>
<bind>
<opset="tmp_25 tmp_33 "/>
</bind>
</comp>

<comp id="614" class="1004" name="trunc_ln16_fu_614">
<pin_list>
<pin id="615" dir="0" index="0" bw="40" slack="0"/>
<pin id="616" dir="1" index="1" bw="8" slack="6"/>
</pin_list>
<bind>
<opcode="trunc(33) " fcode="trunc"/>
<opset="trunc_ln16/2 "/>
</bind>
</comp>

<comp id="618" class="1004" name="trunc_ln16_1_fu_618">
<pin_list>
<pin id="619" dir="0" index="0" bw="40" slack="0"/>
<pin id="620" dir="1" index="1" bw="8" slack="6"/>
</pin_list>
<bind>
<opcode="trunc(33) " fcode="trunc"/>
<opset="trunc_ln16_1/2 "/>
</bind>
</comp>

<comp id="622" class="1004" name="sext_ln16_8_fu_622">
<pin_list>
<pin id="623" dir="0" index="0" bw="8" slack="0"/>
<pin id="624" dir="1" index="1" bw="16" slack="0"/>
</pin_list>
<bind>
<opcode="sext(35) " fcode="sext"/>
<opset="sext_ln16_8/2 "/>
</bind>
</comp>

<comp id="626" class="1004" name="sext_ln16_9_fu_626">
<pin_list>
<pin id="627" dir="0" index="0" bw="8" slack="0"/>
<pin id="628" dir="1" index="1" bw="16" slack="0"/>
</pin_list>
<bind>
<opcode="sext(35) " fcode="sext"/>
<opset="sext_ln16_9/2 "/>
</bind>
</comp>

<comp id="630" class="1004" name="trunc_ln16_2_fu_630">
<pin_list>
<pin id="631" dir="0" index="0" bw="40" slack="0"/>
<pin id="632" dir="1" index="1" bw="8" slack="6"/>
</pin_list>
<bind>
<opcode="trunc(33) " fcode="trunc"/>
<opset="trunc_ln16_2/2 "/>
</bind>
</comp>

<comp id="634" class="1004" name="sext_ln16_14_fu_634">
<pin_list>
<pin id="635" dir="0" index="0" bw="8" slack="0"/>
<pin id="636" dir="1" index="1" bw="16" slack="0"/>
</pin_list>
<bind>
<opcode="sext(35) " fcode="sext"/>
<opset="sext_ln16_14/2 "/>
</bind>
</comp>

<comp id="638" class="1004" name="trunc_ln16_6_fu_638">
<pin_list>
<pin id="639" dir="0" index="0" bw="40" slack="0"/>
<pin id="640" dir="1" index="1" bw="8" slack="7"/>
</pin_list>
<bind>
<opcode="trunc(33) " fcode="trunc"/>
<opset="trunc_ln16_6/2 "/>
</bind>
</comp>

<comp id="642" class="1004" name="sext_ln16_34_fu_642">
<pin_list>
<pin id="643" dir="0" index="0" bw="8" slack="0"/>
<pin id="644" dir="1" index="1" bw="16" slack="0"/>
</pin_list>
<bind>
<opcode="sext(35) " fcode="sext"/>
<opset="sext_ln16_34/2 "/>
</bind>
</comp>

<comp id="646" class="1004" name="sext_ln16_6_fu_646">
<pin_list>
<pin id="647" dir="0" index="0" bw="8" slack="1"/>
<pin id="648" dir="1" index="1" bw="16" slack="0"/>
</pin_list>
<bind>
<opcode="sext(35) " fcode="sext"/>
<opset="sext_ln16_6/3 "/>
</bind>
</comp>

<comp id="650" class="1004" name="sext_ln16_7_fu_650">
<pin_list>
<pin id="651" dir="0" index="0" bw="8" slack="1"/>
<pin id="652" dir="1" index="1" bw="16" slack="0"/>
</pin_list>
<bind>
<opcode="sext(35) " fcode="sext"/>
<opset="sext_ln16_7/3 "/>
</bind>
</comp>

<comp id="654" class="1004" name="mul_ln16_3_fu_654">
<pin_list>
<pin id="655" dir="0" index="0" bw="8" slack="0"/>
<pin id="656" dir="0" index="1" bw="8" slack="0"/>
<pin id="657" dir="1" index="2" bw="16" slack="1"/>
</pin_list>
<bind>
<opcode="mul(12) " fcode="mul"/>
<opset="mul_ln16_3/3 "/>
</bind>
</comp>

<comp id="660" class="1004" name="sext_ln16_13_fu_660">
<pin_list>
<pin id="661" dir="0" index="0" bw="8" slack="1"/>
<pin id="662" dir="1" index="1" bw="16" slack="0"/>
</pin_list>
<bind>
<opcode="sext(35) " fcode="sext"/>
<opset="sext_ln16_13/3 "/>
</bind>
</comp>

<comp id="664" class="1004" name="mul_ln16_8_fu_664">
<pin_list>
<pin id="665" dir="0" index="0" bw="8" slack="0"/>
<pin id="666" dir="0" index="1" bw="8" slack="0"/>
<pin id="667" dir="1" index="2" bw="16" slack="1"/>
</pin_list>
<bind>
<opcode="mul(12) " fcode="mul"/>
<opset="mul_ln16_8/3 "/>
</bind>
</comp>

<comp id="670" class="1004" name="trunc_ln16_3_fu_670">
<pin_list>
<pin id="671" dir="0" index="0" bw="40" slack="0"/>
<pin id="672" dir="1" index="1" bw="8" slack="5"/>
</pin_list>
<bind>
<opcode="trunc(33) " fcode="trunc"/>
<opset="trunc_ln16_3/3 "/>
</bind>
</comp>

<comp id="674" class="1004" name="sext_ln16_19_fu_674">
<pin_list>
<pin id="675" dir="0" index="0" bw="8" slack="0"/>
<pin id="676" dir="1" index="1" bw="16" slack="0"/>
</pin_list>
<bind>
<opcode="sext(35) " fcode="sext"/>
<opset="sext_ln16_19/3 "/>
</bind>
</comp>

<comp id="678" class="1004" name="trunc_ln16_4_fu_678">
<pin_list>
<pin id="679" dir="0" index="0" bw="40" slack="0"/>
<pin id="680" dir="1" index="1" bw="8" slack="6"/>
</pin_list>
<bind>
<opcode="trunc(33) " fcode="trunc"/>
<opset="trunc_ln16_4/3 "/>
</bind>
</comp>

<comp id="682" class="1004" name="sext_ln16_24_fu_682">
<pin_list>
<pin id="683" dir="0" index="0" bw="8" slack="0"/>
<pin id="684" dir="1" index="1" bw="16" slack="0"/>
</pin_list>
<bind>
<opcode="sext(35) " fcode="sext"/>
<opset="sext_ln16_24/3 "/>
</bind>
</comp>

<comp id="686" class="1004" name="sext_ln16_33_fu_686">
<pin_list>
<pin id="687" dir="0" index="0" bw="8" slack="1"/>
<pin id="688" dir="1" index="1" bw="16" slack="0"/>
</pin_list>
<bind>
<opcode="sext(35) " fcode="sext"/>
<opset="sext_ln16_33/3 "/>
</bind>
</comp>

<comp id="690" class="1004" name="mul_ln16_28_fu_690">
<pin_list>
<pin id="691" dir="0" index="0" bw="8" slack="0"/>
<pin id="692" dir="0" index="1" bw="8" slack="0"/>
<pin id="693" dir="1" index="2" bw="16" slack="1"/>
</pin_list>
<bind>
<opcode="mul(12) " fcode="mul"/>
<opset="mul_ln16_28/3 "/>
</bind>
</comp>

<comp id="696" class="1004" name="mul_ln16_33_fu_696">
<pin_list>
<pin id="697" dir="0" index="0" bw="8" slack="0"/>
<pin id="698" dir="0" index="1" bw="8" slack="0"/>
<pin id="699" dir="1" index="2" bw="16" slack="1"/>
</pin_list>
<bind>
<opcode="mul(12) " fcode="mul"/>
<opset="mul_ln16_33/3 "/>
</bind>
</comp>

<comp id="702" class="1004" name="trunc_ln16_7_fu_702">
<pin_list>
<pin id="703" dir="0" index="0" bw="40" slack="0"/>
<pin id="704" dir="1" index="1" bw="8" slack="7"/>
</pin_list>
<bind>
<opcode="trunc(33) " fcode="trunc"/>
<opset="trunc_ln16_7/3 "/>
</bind>
</comp>

<comp id="706" class="1004" name="trunc_ln16_8_fu_706">
<pin_list>
<pin id="707" dir="0" index="0" bw="40" slack="0"/>
<pin id="708" dir="1" index="1" bw="8" slack="9"/>
</pin_list>
<bind>
<opcode="trunc(33) " fcode="trunc"/>
<opset="trunc_ln16_8/3 "/>
</bind>
</comp>

<comp id="710" class="1004" name="sext_ln16_4_fu_710">
<pin_list>
<pin id="711" dir="0" index="0" bw="8" slack="2"/>
<pin id="712" dir="1" index="1" bw="16" slack="0"/>
</pin_list>
<bind>
<opcode="sext(35) " fcode="sext"/>
<opset="sext_ln16_4/4 "/>
</bind>
</comp>

<comp id="713" class="1004" name="sext_ln16_5_fu_713">
<pin_list>
<pin id="714" dir="0" index="0" bw="8" slack="2"/>
<pin id="715" dir="1" index="1" bw="16" slack="0"/>
</pin_list>
<bind>
<opcode="sext(35) " fcode="sext"/>
<opset="sext_ln16_5/4 "/>
</bind>
</comp>

<comp id="716" class="1004" name="sext_ln16_12_fu_716">
<pin_list>
<pin id="717" dir="0" index="0" bw="8" slack="2"/>
<pin id="718" dir="1" index="1" bw="16" slack="0"/>
</pin_list>
<bind>
<opcode="sext(35) " fcode="sext"/>
<opset="sext_ln16_12/4 "/>
</bind>
</comp>

<comp id="720" class="1004" name="sext_ln16_18_fu_720">
<pin_list>
<pin id="721" dir="0" index="0" bw="8" slack="1"/>
<pin id="722" dir="1" index="1" bw="16" slack="0"/>
</pin_list>
<bind>
<opcode="sext(35) " fcode="sext"/>
<opset="sext_ln16_18/4 "/>
</bind>
</comp>

<comp id="724" class="1004" name="mul_ln16_13_fu_724">
<pin_list>
<pin id="725" dir="0" index="0" bw="8" slack="0"/>
<pin id="726" dir="0" index="1" bw="8" slack="1"/>
<pin id="727" dir="1" index="2" bw="16" slack="1"/>
</pin_list>
<bind>
<opcode="mul(12) " fcode="mul"/>
<opset="mul_ln16_13/4 "/>
</bind>
</comp>

<comp id="729" class="1004" name="sext_ln16_23_fu_729">
<pin_list>
<pin id="730" dir="0" index="0" bw="8" slack="1"/>
<pin id="731" dir="1" index="1" bw="16" slack="0"/>
</pin_list>
<bind>
<opcode="sext(35) " fcode="sext"/>
<opset="sext_ln16_23/4 "/>
</bind>
</comp>

<comp id="733" class="1004" name="mul_ln16_18_fu_733">
<pin_list>
<pin id="734" dir="0" index="0" bw="8" slack="0"/>
<pin id="735" dir="0" index="1" bw="8" slack="1"/>
<pin id="736" dir="1" index="2" bw="16" slack="1"/>
</pin_list>
<bind>
<opcode="mul(12) " fcode="mul"/>
<opset="mul_ln16_18/4 "/>
</bind>
</comp>

<comp id="738" class="1004" name="trunc_ln16_5_fu_738">
<pin_list>
<pin id="739" dir="0" index="0" bw="40" slack="0"/>
<pin id="740" dir="1" index="1" bw="8" slack="5"/>
</pin_list>
<bind>
<opcode="trunc(33) " fcode="trunc"/>
<opset="trunc_ln16_5/4 "/>
</bind>
</comp>

<comp id="742" class="1004" name="sext_ln16_29_fu_742">
<pin_list>
<pin id="743" dir="0" index="0" bw="8" slack="0"/>
<pin id="744" dir="1" index="1" bw="16" slack="0"/>
</pin_list>
<bind>
<opcode="sext(35) " fcode="sext"/>
<opset="sext_ln16_29/4 "/>
</bind>
</comp>

<comp id="746" class="1004" name="mul_ln16_38_fu_746">
<pin_list>
<pin id="747" dir="0" index="0" bw="8" slack="1"/>
<pin id="748" dir="0" index="1" bw="8" slack="0"/>
<pin id="749" dir="1" index="2" bw="16" slack="1"/>
</pin_list>
<bind>
<opcode="mul(12) " fcode="mul"/>
<opset="mul_ln16_38/4 "/>
</bind>
</comp>

<comp id="751" class="1004" name="mul_ln16_43_fu_751">
<pin_list>
<pin id="752" dir="0" index="0" bw="8" slack="1"/>
<pin id="753" dir="0" index="1" bw="8" slack="0"/>
<pin id="754" dir="1" index="2" bw="16" slack="1"/>
</pin_list>
<bind>
<opcode="mul(12) " fcode="mul"/>
<opset="mul_ln16_43/4 "/>
</bind>
</comp>

<comp id="756" class="1004" name="sext_ln16_39_fu_756">
<pin_list>
<pin id="757" dir="0" index="0" bw="8" slack="1"/>
<pin id="758" dir="1" index="1" bw="16" slack="0"/>
</pin_list>
<bind>
<opcode="sext(35) " fcode="sext"/>
<opset="sext_ln16_39/4 "/>
</bind>
</comp>

<comp id="759" class="1004" name="trunc_ln16_9_fu_759">
<pin_list>
<pin id="760" dir="0" index="0" bw="40" slack="0"/>
<pin id="761" dir="1" index="1" bw="8" slack="9"/>
</pin_list>
<bind>
<opcode="trunc(33) " fcode="trunc"/>
<opset="trunc_ln16_9/4 "/>
</bind>
</comp>

<comp id="763" class="1004" name="sext_ln16_17_fu_763">
<pin_list>
<pin id="764" dir="0" index="0" bw="8" slack="2"/>
<pin id="765" dir="1" index="1" bw="16" slack="0"/>
</pin_list>
<bind>
<opcode="sext(35) " fcode="sext"/>
<opset="sext_ln16_17/5 "/>
</bind>
</comp>

<comp id="766" class="1004" name="sext_ln16_22_fu_766">
<pin_list>
<pin id="767" dir="0" index="0" bw="8" slack="2"/>
<pin id="768" dir="1" index="1" bw="16" slack="0"/>
</pin_list>
<bind>
<opcode="sext(35) " fcode="sext"/>
<opset="sext_ln16_22/5 "/>
</bind>
</comp>

<comp id="769" class="1004" name="sext_ln16_28_fu_769">
<pin_list>
<pin id="770" dir="0" index="0" bw="8" slack="1"/>
<pin id="771" dir="1" index="1" bw="16" slack="0"/>
</pin_list>
<bind>
<opcode="sext(35) " fcode="sext"/>
<opset="sext_ln16_28/5 "/>
</bind>
</comp>

<comp id="773" class="1004" name="mul_ln16_23_fu_773">
<pin_list>
<pin id="774" dir="0" index="0" bw="8" slack="0"/>
<pin id="775" dir="0" index="1" bw="8" slack="2"/>
<pin id="776" dir="1" index="2" bw="16" slack="1"/>
</pin_list>
<bind>
<opcode="mul(12) " fcode="mul"/>
<opset="mul_ln16_23/5 "/>
</bind>
</comp>

<comp id="778" class="1004" name="mul_ln16_48_fu_778">
<pin_list>
<pin id="779" dir="0" index="0" bw="8" slack="2"/>
<pin id="780" dir="0" index="1" bw="8" slack="0"/>
<pin id="781" dir="1" index="2" bw="16" slack="1"/>
</pin_list>
<bind>
<opcode="mul(12) " fcode="mul"/>
<opset="mul_ln16_48/5 "/>
</bind>
</comp>

<comp id="783" class="1004" name="sext_ln16_38_fu_783">
<pin_list>
<pin id="784" dir="0" index="0" bw="8" slack="2"/>
<pin id="785" dir="1" index="1" bw="16" slack="0"/>
</pin_list>
<bind>
<opcode="sext(35) " fcode="sext"/>
<opset="sext_ln16_38/5 "/>
</bind>
</comp>

<comp id="787" class="1004" name="mul_ln16_53_fu_787">
<pin_list>
<pin id="788" dir="0" index="0" bw="8" slack="0"/>
<pin id="789" dir="0" index="1" bw="8" slack="2"/>
<pin id="790" dir="1" index="2" bw="16" slack="1"/>
</pin_list>
<bind>
<opcode="mul(12) " fcode="mul"/>
<opset="mul_ln16_53/5 "/>
</bind>
</comp>

<comp id="792" class="1004" name="mul_ln16_58_fu_792">
<pin_list>
<pin id="793" dir="0" index="0" bw="8" slack="0"/>
<pin id="794" dir="0" index="1" bw="8" slack="2"/>
<pin id="795" dir="1" index="2" bw="16" slack="1"/>
</pin_list>
<bind>
<opcode="mul(12) " fcode="mul"/>
<opset="mul_ln16_58/5 "/>
</bind>
</comp>

<comp id="797" class="1004" name="sext_ln16_44_fu_797">
<pin_list>
<pin id="798" dir="0" index="0" bw="8" slack="2"/>
<pin id="799" dir="1" index="1" bw="16" slack="0"/>
</pin_list>
<bind>
<opcode="sext(35) " fcode="sext"/>
<opset="sext_ln16_44/5 "/>
</bind>
</comp>

<comp id="800" class="1004" name="sext_ln16_27_fu_800">
<pin_list>
<pin id="801" dir="0" index="0" bw="8" slack="2"/>
<pin id="802" dir="1" index="1" bw="16" slack="0"/>
</pin_list>
<bind>
<opcode="sext(35) " fcode="sext"/>
<opset="sext_ln16_27/6 "/>
</bind>
</comp>

<comp id="804" class="1004" name="sext_ln16_32_fu_804">
<pin_list>
<pin id="805" dir="0" index="0" bw="8" slack="4"/>
<pin id="806" dir="1" index="1" bw="16" slack="0"/>
</pin_list>
<bind>
<opcode="sext(35) " fcode="sext"/>
<opset="sext_ln16_32/6 "/>
</bind>
</comp>

<comp id="807" class="1004" name="mul_ln16_63_fu_807">
<pin_list>
<pin id="808" dir="0" index="0" bw="8" slack="1"/>
<pin id="809" dir="0" index="1" bw="8" slack="2"/>
<pin id="810" dir="1" index="2" bw="16" slack="1"/>
</pin_list>
<bind>
<opcode="mul(12) " fcode="mul"/>
<opset="mul_ln16_63/6 "/>
</bind>
</comp>

<comp id="811" class="1004" name="mul_ln16_68_fu_811">
<pin_list>
<pin id="812" dir="0" index="0" bw="8" slack="1"/>
<pin id="813" dir="0" index="1" bw="8" slack="2"/>
<pin id="814" dir="1" index="2" bw="16" slack="1"/>
</pin_list>
<bind>
<opcode="mul(12) " fcode="mul"/>
<opset="mul_ln16_68/6 "/>
</bind>
</comp>

<comp id="815" class="1004" name="mul_ln16_73_fu_815">
<pin_list>
<pin id="816" dir="0" index="0" bw="8" slack="1"/>
<pin id="817" dir="0" index="1" bw="8" slack="1"/>
<pin id="818" dir="1" index="2" bw="16" slack="1"/>
</pin_list>
<bind>
<opcode="mul(12) " fcode="mul"/>
<opset="mul_ln16_73/6 "/>
</bind>
</comp>

<comp id="819" class="1004" name="sext_ln16_43_fu_819">
<pin_list>
<pin id="820" dir="0" index="0" bw="8" slack="3"/>
<pin id="821" dir="1" index="1" bw="16" slack="0"/>
</pin_list>
<bind>
<opcode="sext(35) " fcode="sext"/>
<opset="sext_ln16_43/6 "/>
</bind>
</comp>

<comp id="823" class="1004" name="mul_ln16_78_fu_823">
<pin_list>
<pin id="824" dir="0" index="0" bw="8" slack="0"/>
<pin id="825" dir="0" index="1" bw="8" slack="3"/>
<pin id="826" dir="1" index="2" bw="16" slack="1"/>
</pin_list>
<bind>
<opcode="mul(12) " fcode="mul"/>
<opset="mul_ln16_78/6 "/>
</bind>
</comp>

<comp id="828" class="1004" name="mul_ln16_83_fu_828">
<pin_list>
<pin id="829" dir="0" index="0" bw="8" slack="1"/>
<pin id="830" dir="0" index="1" bw="8" slack="4"/>
<pin id="831" dir="1" index="2" bw="16" slack="1"/>
</pin_list>
<bind>
<opcode="mul(12) " fcode="mul"/>
<opset="mul_ln16_83/7 "/>
</bind>
</comp>

<comp id="832" class="1004" name="mul_ln16_88_fu_832">
<pin_list>
<pin id="833" dir="0" index="0" bw="8" slack="1"/>
<pin id="834" dir="0" index="1" bw="8" slack="3"/>
<pin id="835" dir="1" index="2" bw="16" slack="1"/>
</pin_list>
<bind>
<opcode="mul(12) " fcode="mul"/>
<opset="mul_ln16_88/7 "/>
</bind>
</comp>

<comp id="836" class="1004" name="mul_ln16_93_fu_836">
<pin_list>
<pin id="837" dir="0" index="0" bw="8" slack="1"/>
<pin id="838" dir="0" index="1" bw="8" slack="3"/>
<pin id="839" dir="1" index="2" bw="16" slack="1"/>
</pin_list>
<bind>
<opcode="mul(12) " fcode="mul"/>
<opset="mul_ln16_93/7 "/>
</bind>
</comp>

<comp id="840" class="1004" name="mul_ln16_98_fu_840">
<pin_list>
<pin id="841" dir="0" index="0" bw="8" slack="1"/>
<pin id="842" dir="0" index="1" bw="8" slack="2"/>
<pin id="843" dir="1" index="2" bw="16" slack="1"/>
</pin_list>
<bind>
<opcode="mul(12) " fcode="mul"/>
<opset="mul_ln16_98/7 "/>
</bind>
</comp>

<comp id="844" class="1004" name="sext_ln16_49_fu_844">
<pin_list>
<pin id="845" dir="0" index="0" bw="8" slack="3"/>
<pin id="846" dir="1" index="1" bw="16" slack="0"/>
</pin_list>
<bind>
<opcode="sext(35) " fcode="sext"/>
<opset="sext_ln16_49/7 "/>
</bind>
</comp>

<comp id="847" class="1004" name="sext_ln16_fu_847">
<pin_list>
<pin id="848" dir="0" index="0" bw="8" slack="6"/>
<pin id="849" dir="1" index="1" bw="16" slack="0"/>
</pin_list>
<bind>
<opcode="sext(35) " fcode="sext"/>
<opset="sext_ln16/8 "/>
</bind>
</comp>

<comp id="850" class="1004" name="sext_ln16_1_fu_850">
<pin_list>
<pin id="851" dir="0" index="0" bw="8" slack="6"/>
<pin id="852" dir="1" index="1" bw="16" slack="0"/>
</pin_list>
<bind>
<opcode="sext(35) " fcode="sext"/>
<opset="sext_ln16_1/8 "/>
</bind>
</comp>

<comp id="853" class="1004" name="sext_ln16_10_fu_853">
<pin_list>
<pin id="854" dir="0" index="0" bw="8" slack="6"/>
<pin id="855" dir="1" index="1" bw="16" slack="0"/>
</pin_list>
<bind>
<opcode="sext(35) " fcode="sext"/>
<opset="sext_ln16_10/8 "/>
</bind>
</comp>

<comp id="856" class="1004" name="sext_ln16_15_fu_856">
<pin_list>
<pin id="857" dir="0" index="0" bw="8" slack="5"/>
<pin id="858" dir="1" index="1" bw="16" slack="0"/>
</pin_list>
<bind>
<opcode="sext(35) " fcode="sext"/>
<opset="sext_ln16_15/8 "/>
</bind>
</comp>

<comp id="859" class="1004" name="sext_ln16_48_fu_859">
<pin_list>
<pin id="860" dir="0" index="0" bw="8" slack="4"/>
<pin id="861" dir="1" index="1" bw="16" slack="0"/>
</pin_list>
<bind>
<opcode="sext(35) " fcode="sext"/>
<opset="sext_ln16_48/8 "/>
</bind>
</comp>

<comp id="862" class="1004" name="mul_ln16_103_fu_862">
<pin_list>
<pin id="863" dir="0" index="0" bw="8" slack="0"/>
<pin id="864" dir="0" index="1" bw="8" slack="5"/>
<pin id="865" dir="1" index="2" bw="16" slack="1"/>
</pin_list>
<bind>
<opcode="mul(12) " fcode="mul"/>
<opset="mul_ln16_103/8 "/>
</bind>
</comp>

<comp id="867" class="1004" name="mul_ln16_108_fu_867">
<pin_list>
<pin id="868" dir="0" index="0" bw="8" slack="0"/>
<pin id="869" dir="0" index="1" bw="8" slack="5"/>
<pin id="870" dir="1" index="2" bw="16" slack="1"/>
</pin_list>
<bind>
<opcode="mul(12) " fcode="mul"/>
<opset="mul_ln16_108/8 "/>
</bind>
</comp>

<comp id="872" class="1004" name="mul_ln16_113_fu_872">
<pin_list>
<pin id="873" dir="0" index="0" bw="8" slack="0"/>
<pin id="874" dir="0" index="1" bw="8" slack="4"/>
<pin id="875" dir="1" index="2" bw="16" slack="1"/>
</pin_list>
<bind>
<opcode="mul(12) " fcode="mul"/>
<opset="mul_ln16_113/8 "/>
</bind>
</comp>

<comp id="877" class="1004" name="mul_ln16_118_fu_877">
<pin_list>
<pin id="878" dir="0" index="0" bw="8" slack="0"/>
<pin id="879" dir="0" index="1" bw="8" slack="4"/>
<pin id="880" dir="1" index="2" bw="16" slack="1"/>
</pin_list>
<bind>
<opcode="mul(12) " fcode="mul"/>
<opset="mul_ln16_118/8 "/>
</bind>
</comp>

<comp id="882" class="1004" name="sext_ln16_2_fu_882">
<pin_list>
<pin id="883" dir="0" index="0" bw="8" slack="7"/>
<pin id="884" dir="1" index="1" bw="16" slack="0"/>
</pin_list>
<bind>
<opcode="sext(35) " fcode="sext"/>
<opset="sext_ln16_2/9 "/>
</bind>
</comp>

<comp id="885" class="1004" name="sext_ln16_3_fu_885">
<pin_list>
<pin id="886" dir="0" index="0" bw="8" slack="7"/>
<pin id="887" dir="1" index="1" bw="16" slack="0"/>
</pin_list>
<bind>
<opcode="sext(35) " fcode="sext"/>
<opset="sext_ln16_3/9 "/>
</bind>
</comp>

<comp id="888" class="1004" name="mul_ln16_1_fu_888">
<pin_list>
<pin id="889" dir="0" index="0" bw="8" slack="0"/>
<pin id="890" dir="0" index="1" bw="8" slack="0"/>
<pin id="891" dir="1" index="2" bw="16" slack="1"/>
</pin_list>
<bind>
<opcode="mul(12) " fcode="mul"/>
<opset="mul_ln16_1/9 "/>
</bind>
</comp>

<comp id="894" class="1004" name="sext_ln16_11_fu_894">
<pin_list>
<pin id="895" dir="0" index="0" bw="8" slack="7"/>
<pin id="896" dir="1" index="1" bw="16" slack="0"/>
</pin_list>
<bind>
<opcode="sext(35) " fcode="sext"/>
<opset="sext_ln16_11/9 "/>
</bind>
</comp>

<comp id="897" class="1004" name="mul_ln16_6_fu_897">
<pin_list>
<pin id="898" dir="0" index="0" bw="8" slack="0"/>
<pin id="899" dir="0" index="1" bw="8" slack="0"/>
<pin id="900" dir="1" index="2" bw="16" slack="1"/>
</pin_list>
<bind>
<opcode="mul(12) " fcode="mul"/>
<opset="mul_ln16_6/9 "/>
</bind>
</comp>

<comp id="903" class="1004" name="sext_ln16_16_fu_903">
<pin_list>
<pin id="904" dir="0" index="0" bw="8" slack="6"/>
<pin id="905" dir="1" index="1" bw="16" slack="0"/>
</pin_list>
<bind>
<opcode="sext(35) " fcode="sext"/>
<opset="sext_ln16_16/9 "/>
</bind>
</comp>

<comp id="906" class="1004" name="mul_ln16_11_fu_906">
<pin_list>
<pin id="907" dir="0" index="0" bw="8" slack="0"/>
<pin id="908" dir="0" index="1" bw="8" slack="0"/>
<pin id="909" dir="1" index="2" bw="16" slack="1"/>
</pin_list>
<bind>
<opcode="mul(12) " fcode="mul"/>
<opset="mul_ln16_11/9 "/>
</bind>
</comp>

<comp id="912" class="1004" name="sext_ln16_20_fu_912">
<pin_list>
<pin id="913" dir="0" index="0" bw="8" slack="6"/>
<pin id="914" dir="1" index="1" bw="16" slack="0"/>
</pin_list>
<bind>
<opcode="sext(35) " fcode="sext"/>
<opset="sext_ln16_20/9 "/>
</bind>
</comp>

<comp id="915" class="1004" name="sext_ln16_25_fu_915">
<pin_list>
<pin id="916" dir="0" index="0" bw="8" slack="5"/>
<pin id="917" dir="1" index="1" bw="16" slack="0"/>
</pin_list>
<bind>
<opcode="sext(35) " fcode="sext"/>
<opset="sext_ln16_25/9 "/>
</bind>
</comp>

<comp id="918" class="1004" name="sext_ln16_30_fu_918">
<pin_list>
<pin id="919" dir="0" index="0" bw="8" slack="7"/>
<pin id="920" dir="1" index="1" bw="16" slack="0"/>
</pin_list>
<bind>
<opcode="sext(35) " fcode="sext"/>
<opset="sext_ln16_30/9 "/>
</bind>
</comp>

<comp id="921" class="1004" name="sext_ln16_37_fu_921">
<pin_list>
<pin id="922" dir="0" index="0" bw="8" slack="6"/>
<pin id="923" dir="1" index="1" bw="16" slack="0"/>
</pin_list>
<bind>
<opcode="sext(35) " fcode="sext"/>
<opset="sext_ln16_37/9 "/>
</bind>
</comp>

<comp id="924" class="1004" name="mul_ln16_123_fu_924">
<pin_list>
<pin id="925" dir="0" index="0" bw="8" slack="1"/>
<pin id="926" dir="0" index="1" bw="8" slack="4"/>
<pin id="927" dir="1" index="2" bw="16" slack="1"/>
</pin_list>
<bind>
<opcode="mul(12) " fcode="mul"/>
<opset="mul_ln16_123/9 "/>
</bind>
</comp>

<comp id="928" class="1004" name="sext_ln16_21_fu_928">
<pin_list>
<pin id="929" dir="0" index="0" bw="8" slack="7"/>
<pin id="930" dir="1" index="1" bw="16" slack="0"/>
</pin_list>
<bind>
<opcode="sext(35) " fcode="sext"/>
<opset="sext_ln16_21/10 "/>
</bind>
</comp>

<comp id="931" class="1004" name="mul_ln16_16_fu_931">
<pin_list>
<pin id="932" dir="0" index="0" bw="8" slack="0"/>
<pin id="933" dir="0" index="1" bw="8" slack="1"/>
<pin id="934" dir="1" index="2" bw="16" slack="1"/>
</pin_list>
<bind>
<opcode="mul(12) " fcode="mul"/>
<opset="mul_ln16_16/10 "/>
</bind>
</comp>

<comp id="936" class="1004" name="sext_ln16_26_fu_936">
<pin_list>
<pin id="937" dir="0" index="0" bw="8" slack="6"/>
<pin id="938" dir="1" index="1" bw="16" slack="0"/>
</pin_list>
<bind>
<opcode="sext(35) " fcode="sext"/>
<opset="sext_ln16_26/10 "/>
</bind>
</comp>

<comp id="939" class="1004" name="mul_ln16_21_fu_939">
<pin_list>
<pin id="940" dir="0" index="0" bw="8" slack="0"/>
<pin id="941" dir="0" index="1" bw="8" slack="1"/>
<pin id="942" dir="1" index="2" bw="16" slack="1"/>
</pin_list>
<bind>
<opcode="mul(12) " fcode="mul"/>
<opset="mul_ln16_21/10 "/>
</bind>
</comp>

<comp id="944" class="1004" name="sext_ln16_31_fu_944">
<pin_list>
<pin id="945" dir="0" index="0" bw="8" slack="8"/>
<pin id="946" dir="1" index="1" bw="16" slack="0"/>
</pin_list>
<bind>
<opcode="sext(35) " fcode="sext"/>
<opset="sext_ln16_31/10 "/>
</bind>
</comp>

<comp id="947" class="1004" name="mul_ln16_26_fu_947">
<pin_list>
<pin id="948" dir="0" index="0" bw="8" slack="0"/>
<pin id="949" dir="0" index="1" bw="8" slack="1"/>
<pin id="950" dir="1" index="2" bw="16" slack="1"/>
</pin_list>
<bind>
<opcode="mul(12) " fcode="mul"/>
<opset="mul_ln16_26/10 "/>
</bind>
</comp>

<comp id="952" class="1004" name="mul_ln16_31_fu_952">
<pin_list>
<pin id="953" dir="0" index="0" bw="8" slack="0"/>
<pin id="954" dir="0" index="1" bw="8" slack="1"/>
<pin id="955" dir="1" index="2" bw="16" slack="1"/>
</pin_list>
<bind>
<opcode="mul(12) " fcode="mul"/>
<opset="mul_ln16_31/10 "/>
</bind>
</comp>

<comp id="957" class="1004" name="sext_ln16_35_fu_957">
<pin_list>
<pin id="958" dir="0" index="0" bw="8" slack="7"/>
<pin id="959" dir="1" index="1" bw="16" slack="0"/>
</pin_list>
<bind>
<opcode="sext(35) " fcode="sext"/>
<opset="sext_ln16_35/10 "/>
</bind>
</comp>

<comp id="960" class="1004" name="add_ln16_3_fu_960">
<pin_list>
<pin id="961" dir="0" index="0" bw="16" slack="4"/>
<pin id="962" dir="0" index="1" bw="16" slack="0"/>
<pin id="963" dir="1" index="2" bw="16" slack="1"/>
</pin_list>
<bind>
<opcode="add(8) " fcode="add"/>
<opset="add_ln16_3/11 "/>
</bind>
</comp>

<comp id="964" class="1004" name="add_ln16_7_fu_964">
<pin_list>
<pin id="965" dir="0" index="0" bw="16" slack="4"/>
<pin id="966" dir="0" index="1" bw="16" slack="0"/>
<pin id="967" dir="1" index="2" bw="16" slack="1"/>
</pin_list>
<bind>
<opcode="add(8) " fcode="add"/>
<opset="add_ln16_7/11 "/>
</bind>
</comp>

<comp id="968" class="1004" name="add_ln16_11_fu_968">
<pin_list>
<pin id="969" dir="0" index="0" bw="16" slack="3"/>
<pin id="970" dir="0" index="1" bw="16" slack="0"/>
<pin id="971" dir="1" index="2" bw="16" slack="2"/>
</pin_list>
<bind>
<opcode="add(8) " fcode="add"/>
<opset="add_ln16_11/11 "/>
</bind>
</comp>

<comp id="972" class="1004" name="mul_ln16_36_fu_972">
<pin_list>
<pin id="973" dir="0" index="0" bw="8" slack="1"/>
<pin id="974" dir="0" index="1" bw="8" slack="2"/>
<pin id="975" dir="1" index="2" bw="16" slack="1"/>
</pin_list>
<bind>
<opcode="mul(12) " fcode="mul"/>
<opset="mul_ln16_36/11 "/>
</bind>
</comp>

<comp id="976" class="1004" name="mul_ln16_41_fu_976">
<pin_list>
<pin id="977" dir="0" index="0" bw="8" slack="1"/>
<pin id="978" dir="0" index="1" bw="8" slack="1"/>
<pin id="979" dir="1" index="2" bw="16" slack="1"/>
</pin_list>
<bind>
<opcode="mul(12) " fcode="mul"/>
<opset="mul_ln16_41/11 "/>
</bind>
</comp>

<comp id="980" class="1004" name="mul_ln16_46_fu_980">
<pin_list>
<pin id="981" dir="0" index="0" bw="8" slack="1"/>
<pin id="982" dir="0" index="1" bw="8" slack="1"/>
<pin id="983" dir="1" index="2" bw="16" slack="1"/>
</pin_list>
<bind>
<opcode="mul(12) " fcode="mul"/>
<opset="mul_ln16_46/11 "/>
</bind>
</comp>

<comp id="984" class="1004" name="sext_ln16_36_fu_984">
<pin_list>
<pin id="985" dir="0" index="0" bw="8" slack="8"/>
<pin id="986" dir="1" index="1" bw="16" slack="0"/>
</pin_list>
<bind>
<opcode="sext(35) " fcode="sext"/>
<opset="sext_ln16_36/11 "/>
</bind>
</comp>

<comp id="987" class="1004" name="mul_ln16_51_fu_987">
<pin_list>
<pin id="988" dir="0" index="0" bw="8" slack="0"/>
<pin id="989" dir="0" index="1" bw="8" slack="2"/>
<pin id="990" dir="1" index="2" bw="16" slack="1"/>
</pin_list>
<bind>
<opcode="mul(12) " fcode="mul"/>
<opset="mul_ln16_51/11 "/>
</bind>
</comp>

<comp id="992" class="1004" name="sext_ln16_42_fu_992">
<pin_list>
<pin id="993" dir="0" index="0" bw="8" slack="8"/>
<pin id="994" dir="1" index="1" bw="16" slack="0"/>
</pin_list>
<bind>
<opcode="sext(35) " fcode="sext"/>
<opset="sext_ln16_42/11 "/>
</bind>
</comp>

<comp id="995" class="1004" name="add_ln16_15_fu_995">
<pin_list>
<pin id="996" dir="0" index="0" bw="16" slack="4"/>
<pin id="997" dir="0" index="1" bw="16" slack="0"/>
<pin id="998" dir="1" index="2" bw="16" slack="1"/>
</pin_list>
<bind>
<opcode="add(8) " fcode="add"/>
<opset="add_ln16_15/12 "/>
</bind>
</comp>

<comp id="999" class="1004" name="add_ln16_19_fu_999">
<pin_list>
<pin id="1000" dir="0" index="0" bw="16" slack="3"/>
<pin id="1001" dir="0" index="1" bw="16" slack="0"/>
<pin id="1002" dir="1" index="2" bw="16" slack="2"/>
</pin_list>
<bind>
<opcode="add(8) " fcode="add"/>
<opset="add_ln16_19/12 "/>
</bind>
</comp>

<comp id="1003" class="1004" name="add_ln16_23_fu_1003">
<pin_list>
<pin id="1004" dir="0" index="0" bw="16" slack="3"/>
<pin id="1005" dir="0" index="1" bw="16" slack="0"/>
<pin id="1006" dir="1" index="2" bw="16" slack="2"/>
</pin_list>
<bind>
<opcode="add(8) " fcode="add"/>
<opset="add_ln16_23/12 "/>
</bind>
</comp>

<comp id="1007" class="1004" name="add_ln16_27_fu_1007">
<pin_list>
<pin id="1008" dir="0" index="0" bw="16" slack="2"/>
<pin id="1009" dir="0" index="1" bw="16" slack="0"/>
<pin id="1010" dir="1" index="2" bw="16" slack="3"/>
</pin_list>
<bind>
<opcode="add(8) " fcode="add"/>
<opset="add_ln16_27/12 "/>
</bind>
</comp>

<comp id="1011" class="1004" name="mul_ln16_56_fu_1011">
<pin_list>
<pin id="1012" dir="0" index="0" bw="8" slack="1"/>
<pin id="1013" dir="0" index="1" bw="8" slack="3"/>
<pin id="1014" dir="1" index="2" bw="16" slack="1"/>
</pin_list>
<bind>
<opcode="mul(12) " fcode="mul"/>
<opset="mul_ln16_56/12 "/>
</bind>
</comp>

<comp id="1015" class="1004" name="mul_ln16_61_fu_1015">
<pin_list>
<pin id="1016" dir="0" index="0" bw="8" slack="1"/>
<pin id="1017" dir="0" index="1" bw="8" slack="3"/>
<pin id="1018" dir="1" index="2" bw="16" slack="1"/>
</pin_list>
<bind>
<opcode="mul(12) " fcode="mul"/>
<opset="mul_ln16_61/12 "/>
</bind>
</comp>

<comp id="1019" class="1004" name="mul_ln16_66_fu_1019">
<pin_list>
<pin id="1020" dir="0" index="0" bw="8" slack="1"/>
<pin id="1021" dir="0" index="1" bw="8" slack="2"/>
<pin id="1022" dir="1" index="2" bw="16" slack="1"/>
</pin_list>
<bind>
<opcode="mul(12) " fcode="mul"/>
<opset="mul_ln16_66/12 "/>
</bind>
</comp>

<comp id="1023" class="1004" name="mul_ln16_71_fu_1023">
<pin_list>
<pin id="1024" dir="0" index="0" bw="8" slack="1"/>
<pin id="1025" dir="0" index="1" bw="8" slack="2"/>
<pin id="1026" dir="1" index="2" bw="16" slack="1"/>
</pin_list>
<bind>
<opcode="mul(12) " fcode="mul"/>
<opset="mul_ln16_71/12 "/>
</bind>
</comp>

<comp id="1027" class="1004" name="sext_ln16_40_fu_1027">
<pin_list>
<pin id="1028" dir="0" index="0" bw="8" slack="9"/>
<pin id="1029" dir="1" index="1" bw="16" slack="0"/>
</pin_list>
<bind>
<opcode="sext(35) " fcode="sext"/>
<opset="sext_ln16_40/12 "/>
</bind>
</comp>

<comp id="1030" class="1004" name="add_ln16_31_fu_1030">
<pin_list>
<pin id="1031" dir="0" index="0" bw="16" slack="3"/>
<pin id="1032" dir="0" index="1" bw="16" slack="0"/>
<pin id="1033" dir="1" index="2" bw="16" slack="2"/>
</pin_list>
<bind>
<opcode="add(8) " fcode="add"/>
<opset="add_ln16_31/13 "/>
</bind>
</comp>

<comp id="1034" class="1004" name="add_ln16_35_fu_1034">
<pin_list>
<pin id="1035" dir="0" index="0" bw="16" slack="2"/>
<pin id="1036" dir="0" index="1" bw="16" slack="0"/>
<pin id="1037" dir="1" index="2" bw="16" slack="3"/>
</pin_list>
<bind>
<opcode="add(8) " fcode="add"/>
<opset="add_ln16_35/13 "/>
</bind>
</comp>

<comp id="1038" class="1004" name="add_ln16_39_fu_1038">
<pin_list>
<pin id="1039" dir="0" index="0" bw="16" slack="2"/>
<pin id="1040" dir="0" index="1" bw="16" slack="0"/>
<pin id="1041" dir="1" index="2" bw="16" slack="3"/>
</pin_list>
<bind>
<opcode="add(8) " fcode="add"/>
<opset="add_ln16_39/13 "/>
</bind>
</comp>

<comp id="1042" class="1004" name="add_ln16_43_fu_1042">
<pin_list>
<pin id="1043" dir="0" index="0" bw="16" slack="1"/>
<pin id="1044" dir="0" index="1" bw="16" slack="0"/>
<pin id="1045" dir="1" index="2" bw="16" slack="4"/>
</pin_list>
<bind>
<opcode="add(8) " fcode="add"/>
<opset="add_ln16_43/13 "/>
</bind>
</comp>

<comp id="1046" class="1004" name="sext_ln16_41_fu_1046">
<pin_list>
<pin id="1047" dir="0" index="0" bw="8" slack="10"/>
<pin id="1048" dir="1" index="1" bw="16" slack="0"/>
</pin_list>
<bind>
<opcode="sext(35) " fcode="sext"/>
<opset="sext_ln16_41/13 "/>
</bind>
</comp>

<comp id="1049" class="1004" name="mul_ln16_76_fu_1049">
<pin_list>
<pin id="1050" dir="0" index="0" bw="8" slack="0"/>
<pin id="1051" dir="0" index="1" bw="8" slack="4"/>
<pin id="1052" dir="1" index="2" bw="16" slack="1"/>
</pin_list>
<bind>
<opcode="mul(12) " fcode="mul"/>
<opset="mul_ln16_76/13 "/>
</bind>
</comp>

<comp id="1054" class="1004" name="mul_ln16_81_fu_1054">
<pin_list>
<pin id="1055" dir="0" index="0" bw="8" slack="0"/>
<pin id="1056" dir="0" index="1" bw="8" slack="4"/>
<pin id="1057" dir="1" index="2" bw="16" slack="1"/>
</pin_list>
<bind>
<opcode="mul(12) " fcode="mul"/>
<opset="mul_ln16_81/13 "/>
</bind>
</comp>

<comp id="1059" class="1004" name="mul_ln16_86_fu_1059">
<pin_list>
<pin id="1060" dir="0" index="0" bw="8" slack="0"/>
<pin id="1061" dir="0" index="1" bw="8" slack="4"/>
<pin id="1062" dir="1" index="2" bw="16" slack="1"/>
</pin_list>
<bind>
<opcode="mul(12) " fcode="mul"/>
<opset="mul_ln16_86/13 "/>
</bind>
</comp>

<comp id="1064" class="1004" name="mul_ln16_91_fu_1064">
<pin_list>
<pin id="1065" dir="0" index="0" bw="8" slack="0"/>
<pin id="1066" dir="0" index="1" bw="8" slack="3"/>
<pin id="1067" dir="1" index="2" bw="16" slack="1"/>
</pin_list>
<bind>
<opcode="mul(12) " fcode="mul"/>
<opset="mul_ln16_91/13 "/>
</bind>
</comp>

<comp id="1069" class="1004" name="sext_ln16_45_fu_1069">
<pin_list>
<pin id="1070" dir="0" index="0" bw="8" slack="9"/>
<pin id="1071" dir="1" index="1" bw="16" slack="0"/>
</pin_list>
<bind>
<opcode="sext(35) " fcode="sext"/>
<opset="sext_ln16_45/13 "/>
</bind>
</comp>

<comp id="1072" class="1004" name="add_ln16_47_fu_1072">
<pin_list>
<pin id="1073" dir="0" index="0" bw="16" slack="2"/>
<pin id="1074" dir="0" index="1" bw="16" slack="0"/>
<pin id="1075" dir="1" index="2" bw="16" slack="3"/>
</pin_list>
<bind>
<opcode="add(8) " fcode="add"/>
<opset="add_ln16_47/14 "/>
</bind>
</comp>

<comp id="1076" class="1004" name="add_ln16_51_fu_1076">
<pin_list>
<pin id="1077" dir="0" index="0" bw="16" slack="1"/>
<pin id="1078" dir="0" index="1" bw="16" slack="0"/>
<pin id="1079" dir="1" index="2" bw="16" slack="4"/>
</pin_list>
<bind>
<opcode="add(8) " fcode="add"/>
<opset="add_ln16_51/14 "/>
</bind>
</comp>

<comp id="1080" class="1004" name="add_ln16_55_fu_1080">
<pin_list>
<pin id="1081" dir="0" index="0" bw="16" slack="1"/>
<pin id="1082" dir="0" index="1" bw="16" slack="0"/>
<pin id="1083" dir="1" index="2" bw="16" slack="4"/>
</pin_list>
<bind>
<opcode="add(8) " fcode="add"/>
<opset="add_ln16_55/14 "/>
</bind>
</comp>

<comp id="1084" class="1004" name="add_ln16_59_fu_1084">
<pin_list>
<pin id="1085" dir="0" index="0" bw="16" slack="0"/>
<pin id="1086" dir="0" index="1" bw="16" slack="0"/>
<pin id="1087" dir="1" index="2" bw="16" slack="5"/>
</pin_list>
<bind>
<opcode="add(8) " fcode="add"/>
<opset="add_ln16_59/14 "/>
</bind>
</comp>

<comp id="1088" class="1004" name="mul_ln16_96_fu_1088">
<pin_list>
<pin id="1089" dir="0" index="0" bw="8" slack="1"/>
<pin id="1090" dir="0" index="1" bw="8" slack="4"/>
<pin id="1091" dir="1" index="2" bw="16" slack="1"/>
</pin_list>
<bind>
<opcode="mul(12) " fcode="mul"/>
<opset="mul_ln16_96/14 "/>
</bind>
</comp>

<comp id="1092" class="1004" name="sext_ln16_46_fu_1092">
<pin_list>
<pin id="1093" dir="0" index="0" bw="8" slack="10"/>
<pin id="1094" dir="1" index="1" bw="16" slack="0"/>
</pin_list>
<bind>
<opcode="sext(35) " fcode="sext"/>
<opset="sext_ln16_46/14 "/>
</bind>
</comp>

<comp id="1095" class="1004" name="mul_ln16_101_fu_1095">
<pin_list>
<pin id="1096" dir="0" index="0" bw="8" slack="0"/>
<pin id="1097" dir="0" index="1" bw="8" slack="5"/>
<pin id="1098" dir="1" index="2" bw="16" slack="1"/>
</pin_list>
<bind>
<opcode="mul(12) " fcode="mul"/>
<opset="mul_ln16_101/14 "/>
</bind>
</comp>

<comp id="1100" class="1004" name="sext_ln16_47_fu_1100">
<pin_list>
<pin id="1101" dir="0" index="0" bw="8" slack="10"/>
<pin id="1102" dir="1" index="1" bw="16" slack="0"/>
</pin_list>
<bind>
<opcode="sext(35) " fcode="sext"/>
<opset="sext_ln16_47/14 "/>
</bind>
</comp>

<comp id="1103" class="1004" name="mul_ln16_106_fu_1103">
<pin_list>
<pin id="1104" dir="0" index="0" bw="8" slack="0"/>
<pin id="1105" dir="0" index="1" bw="8" slack="5"/>
<pin id="1106" dir="1" index="2" bw="16" slack="1"/>
</pin_list>
<bind>
<opcode="mul(12) " fcode="mul"/>
<opset="mul_ln16_106/14 "/>
</bind>
</comp>

<comp id="1108" class="1004" name="mul_ln16_111_fu_1108">
<pin_list>
<pin id="1109" dir="0" index="0" bw="8" slack="0"/>
<pin id="1110" dir="0" index="1" bw="8" slack="5"/>
<pin id="1111" dir="1" index="2" bw="16" slack="1"/>
</pin_list>
<bind>
<opcode="mul(12) " fcode="mul"/>
<opset="mul_ln16_111/14 "/>
</bind>
</comp>

<comp id="1113" class="1004" name="add_ln16_63_fu_1113">
<pin_list>
<pin id="1114" dir="0" index="0" bw="16" slack="1"/>
<pin id="1115" dir="0" index="1" bw="16" slack="0"/>
<pin id="1116" dir="1" index="2" bw="16" slack="4"/>
</pin_list>
<bind>
<opcode="add(8) " fcode="add"/>
<opset="add_ln16_63/15 "/>
</bind>
</comp>

<comp id="1117" class="1004" name="add_ln16_67_fu_1117">
<pin_list>
<pin id="1118" dir="0" index="0" bw="16" slack="0"/>
<pin id="1119" dir="0" index="1" bw="16" slack="0"/>
<pin id="1120" dir="1" index="2" bw="16" slack="5"/>
</pin_list>
<bind>
<opcode="add(8) " fcode="add"/>
<opset="add_ln16_67/15 "/>
</bind>
</comp>

<comp id="1121" class="1004" name="add_ln16_71_fu_1121">
<pin_list>
<pin id="1122" dir="0" index="0" bw="16" slack="0"/>
<pin id="1123" dir="0" index="1" bw="16" slack="0"/>
<pin id="1124" dir="1" index="2" bw="16" slack="5"/>
</pin_list>
<bind>
<opcode="add(8) " fcode="add"/>
<opset="add_ln16_71/15 "/>
</bind>
</comp>

<comp id="1125" class="1004" name="mul_ln16_116_fu_1125">
<pin_list>
<pin id="1126" dir="0" index="0" bw="8" slack="1"/>
<pin id="1127" dir="0" index="1" bw="8" slack="5"/>
<pin id="1128" dir="1" index="2" bw="16" slack="1"/>
</pin_list>
<bind>
<opcode="mul(12) " fcode="mul"/>
<opset="mul_ln16_116/15 "/>
</bind>
</comp>

<comp id="1129" class="1004" name="mul_ln16_121_fu_1129">
<pin_list>
<pin id="1130" dir="0" index="0" bw="8" slack="1"/>
<pin id="1131" dir="0" index="1" bw="8" slack="5"/>
<pin id="1132" dir="1" index="2" bw="16" slack="1"/>
</pin_list>
<bind>
<opcode="mul(12) " fcode="mul"/>
<opset="mul_ln16_121/15 "/>
</bind>
</comp>

<comp id="1133" class="1004" name="add_ln16_75_fu_1133">
<pin_list>
<pin id="1134" dir="0" index="0" bw="16" slack="0"/>
<pin id="1135" dir="0" index="1" bw="16" slack="1"/>
<pin id="1136" dir="1" index="2" bw="16" slack="5"/>
</pin_list>
<bind>
<opcode="add(8) " fcode="add"/>
<opset="add_ln16_75/16 "/>
</bind>
</comp>

<comp id="1137" class="1004" name="add_ln16_79_fu_1137">
<pin_list>
<pin id="1138" dir="0" index="0" bw="16" slack="0"/>
<pin id="1139" dir="0" index="1" bw="16" slack="0"/>
<pin id="1140" dir="1" index="2" bw="16" slack="5"/>
</pin_list>
<bind>
<opcode="add(8) " fcode="add"/>
<opset="add_ln16_79/16 "/>
</bind>
</comp>

<comp id="1141" class="1004" name="add_ln16_83_fu_1141">
<pin_list>
<pin id="1142" dir="0" index="0" bw="16" slack="0"/>
<pin id="1143" dir="0" index="1" bw="16" slack="1"/>
<pin id="1144" dir="1" index="2" bw="16" slack="5"/>
</pin_list>
<bind>
<opcode="add(8) " fcode="add"/>
<opset="add_ln16_83/17 "/>
</bind>
</comp>

<comp id="1145" class="1004" name="add_ln16_87_fu_1145">
<pin_list>
<pin id="1146" dir="0" index="0" bw="16" slack="0"/>
<pin id="1147" dir="0" index="1" bw="16" slack="1"/>
<pin id="1148" dir="1" index="2" bw="16" slack="5"/>
</pin_list>
<bind>
<opcode="add(8) " fcode="add"/>
<opset="add_ln16_87/17 "/>
</bind>
</comp>

<comp id="1149" class="1004" name="add_ln16_91_fu_1149">
<pin_list>
<pin id="1150" dir="0" index="0" bw="16" slack="0"/>
<pin id="1151" dir="0" index="1" bw="16" slack="1"/>
<pin id="1152" dir="1" index="2" bw="16" slack="6"/>
</pin_list>
<bind>
<opcode="add(8) " fcode="add"/>
<opset="add_ln16_91/17 "/>
</bind>
</comp>

<comp id="1153" class="1004" name="add_ln16_95_fu_1153">
<pin_list>
<pin id="1154" dir="0" index="0" bw="16" slack="0"/>
<pin id="1155" dir="0" index="1" bw="16" slack="0"/>
<pin id="1156" dir="1" index="2" bw="16" slack="6"/>
</pin_list>
<bind>
<opcode="add(8) " fcode="add"/>
<opset="add_ln16_95/17 "/>
</bind>
</comp>

<comp id="1157" class="1004" name="add_ln16_99_fu_1157">
<pin_list>
<pin id="1158" dir="0" index="0" bw="16" slack="0"/>
<pin id="1159" dir="0" index="1" bw="16" slack="1"/>
<pin id="1160" dir="1" index="2" bw="16" slack="6"/>
</pin_list>
<bind>
<opcode="add(8) " fcode="add"/>
<opset="add_ln16_99/18 "/>
</bind>
</comp>

<comp id="1161" class="1007" name="grp_fu_1161">
<pin_list>
<pin id="1162" dir="0" index="0" bw="8" slack="0"/>
<pin id="1163" dir="0" index="1" bw="8" slack="0"/>
<pin id="1164" dir="0" index="2" bw="16" slack="2147483647"/>
<pin id="1165" dir="1" index="3" bw="16" slack="1"/>
</pin_list>
<bind>
<opcode="muladd(1172) " fcode="muladd"/>
<opset="mul_ln16_4/2 add_ln16_1/4 "/>
</bind>
</comp>

<comp id="1168" class="1007" name="grp_fu_1168">
<pin_list>
<pin id="1169" dir="0" index="0" bw="8" slack="0"/>
<pin id="1170" dir="0" index="1" bw="8" slack="0"/>
<pin id="1171" dir="0" index="2" bw="16" slack="2147483647"/>
<pin id="1172" dir="1" index="3" bw="16" slack="1"/>
</pin_list>
<bind>
<opcode="muladd(1172) " fcode="muladd"/>
<opset="mul_ln16_9/2 add_ln16_5/4 "/>
</bind>
</comp>

<comp id="1175" class="1007" name="grp_fu_1175">
<pin_list>
<pin id="1176" dir="0" index="0" bw="8" slack="0"/>
<pin id="1177" dir="0" index="1" bw="8" slack="0"/>
<pin id="1178" dir="0" index="2" bw="16" slack="2147483647"/>
<pin id="1179" dir="1" index="3" bw="16" slack="3"/>
</pin_list>
<bind>
<opcode="muladd(1172) " fcode="muladd"/>
<opset="mul_ln16_29/2 add_ln16_21/4 "/>
</bind>
</comp>

<comp id="1182" class="1007" name="grp_fu_1182">
<pin_list>
<pin id="1183" dir="0" index="0" bw="8" slack="0"/>
<pin id="1184" dir="0" index="1" bw="8" slack="0"/>
<pin id="1185" dir="0" index="2" bw="16" slack="2147483647"/>
<pin id="1186" dir="1" index="3" bw="16" slack="4"/>
</pin_list>
<bind>
<opcode="muladd(1172) " fcode="muladd"/>
<opset="mul_ln16_34/2 add_ln16_25/4 "/>
</bind>
</comp>

<comp id="1189" class="1007" name="grp_fu_1189">
<pin_list>
<pin id="1190" dir="0" index="0" bw="8" slack="0"/>
<pin id="1191" dir="0" index="1" bw="8" slack="1"/>
<pin id="1192" dir="0" index="2" bw="16" slack="2147483647"/>
<pin id="1193" dir="1" index="3" bw="16" slack="1"/>
</pin_list>
<bind>
<opcode="muladd(1172) " fcode="muladd"/>
<opset="mul_ln16_14/3 add_ln16_9/5 "/>
</bind>
</comp>

<comp id="1195" class="1007" name="grp_fu_1195">
<pin_list>
<pin id="1196" dir="0" index="0" bw="8" slack="0"/>
<pin id="1197" dir="0" index="1" bw="8" slack="1"/>
<pin id="1198" dir="0" index="2" bw="16" slack="2147483647"/>
<pin id="1199" dir="1" index="3" bw="16" slack="1"/>
</pin_list>
<bind>
<opcode="muladd(1172) " fcode="muladd"/>
<opset="mul_ln16_19/3 add_ln16_13/5 "/>
</bind>
</comp>

<comp id="1201" class="1007" name="grp_fu_1201">
<pin_list>
<pin id="1202" dir="0" index="0" bw="8" slack="1"/>
<pin id="1203" dir="0" index="1" bw="8" slack="0"/>
<pin id="1204" dir="0" index="2" bw="16" slack="2147483647"/>
<pin id="1205" dir="1" index="3" bw="16" slack="3"/>
</pin_list>
<bind>
<opcode="muladd(1172) " fcode="muladd"/>
<opset="mul_ln16_39/3 add_ln16_29/5 "/>
</bind>
</comp>

<comp id="1207" class="1007" name="grp_fu_1207">
<pin_list>
<pin id="1208" dir="0" index="0" bw="8" slack="1"/>
<pin id="1209" dir="0" index="1" bw="8" slack="0"/>
<pin id="1210" dir="0" index="2" bw="16" slack="2147483647"/>
<pin id="1211" dir="1" index="3" bw="16" slack="4"/>
</pin_list>
<bind>
<opcode="muladd(1172) " fcode="muladd"/>
<opset="mul_ln16_44/3 add_ln16_33/5 "/>
</bind>
</comp>

<comp id="1213" class="1007" name="grp_fu_1213">
<pin_list>
<pin id="1214" dir="0" index="0" bw="8" slack="0"/>
<pin id="1215" dir="0" index="1" bw="8" slack="0"/>
<pin id="1216" dir="0" index="2" bw="16" slack="2147483647"/>
<pin id="1217" dir="1" index="3" bw="16" slack="4"/>
</pin_list>
<bind>
<opcode="muladd(1172) " fcode="muladd"/>
<opset="mul_ln16_2/4 add_ln16_2/6 "/>
</bind>
</comp>

<comp id="1220" class="1007" name="grp_fu_1220">
<pin_list>
<pin id="1221" dir="0" index="0" bw="8" slack="0"/>
<pin id="1222" dir="0" index="1" bw="8" slack="0"/>
<pin id="1223" dir="0" index="2" bw="16" slack="2147483647"/>
<pin id="1224" dir="1" index="3" bw="16" slack="4"/>
</pin_list>
<bind>
<opcode="muladd(1172) " fcode="muladd"/>
<opset="mul_ln16_7/4 add_ln16_6/6 "/>
</bind>
</comp>

<comp id="1227" class="1007" name="grp_fu_1227">
<pin_list>
<pin id="1228" dir="0" index="0" bw="8" slack="0"/>
<pin id="1229" dir="0" index="1" bw="8" slack="2"/>
<pin id="1230" dir="0" index="2" bw="16" slack="2147483647"/>
<pin id="1231" dir="1" index="3" bw="16" slack="1"/>
</pin_list>
<bind>
<opcode="muladd(1172) " fcode="muladd"/>
<opset="mul_ln16_24/4 add_ln16_17/6 "/>
</bind>
</comp>

<comp id="1233" class="1007" name="grp_fu_1233">
<pin_list>
<pin id="1234" dir="0" index="0" bw="8" slack="1"/>
<pin id="1235" dir="0" index="1" bw="8" slack="0"/>
<pin id="1236" dir="0" index="2" bw="16" slack="2147483647"/>
<pin id="1237" dir="1" index="3" bw="16" slack="3"/>
</pin_list>
<bind>
<opcode="muladd(1172) " fcode="muladd"/>
<opset="mul_ln16_49/4 add_ln16_37/6 "/>
</bind>
</comp>

<comp id="1239" class="1007" name="grp_fu_1239">
<pin_list>
<pin id="1240" dir="0" index="0" bw="8" slack="0"/>
<pin id="1241" dir="0" index="1" bw="8" slack="2"/>
<pin id="1242" dir="0" index="2" bw="16" slack="2147483647"/>
<pin id="1243" dir="1" index="3" bw="16" slack="4"/>
</pin_list>
<bind>
<opcode="muladd(1172) " fcode="muladd"/>
<opset="mul_ln16_54/4 add_ln16_41/6 "/>
</bind>
</comp>

<comp id="1245" class="1007" name="grp_fu_1245">
<pin_list>
<pin id="1246" dir="0" index="0" bw="8" slack="0"/>
<pin id="1247" dir="0" index="1" bw="8" slack="2"/>
<pin id="1248" dir="0" index="2" bw="16" slack="2147483647"/>
<pin id="1249" dir="1" index="3" bw="16" slack="4"/>
</pin_list>
<bind>
<opcode="muladd(1172) " fcode="muladd"/>
<opset="mul_ln16_59/4 add_ln16_45/6 "/>
</bind>
</comp>

<comp id="1251" class="1007" name="grp_fu_1251">
<pin_list>
<pin id="1252" dir="0" index="0" bw="8" slack="0"/>
<pin id="1253" dir="0" index="1" bw="8" slack="1"/>
<pin id="1254" dir="0" index="2" bw="16" slack="2147483647"/>
<pin id="1255" dir="1" index="3" bw="16" slack="3"/>
</pin_list>
<bind>
<opcode="muladd(1172) " fcode="muladd"/>
<opset="mul_ln16_12/5 add_ln16_10/7 "/>
</bind>
</comp>

<comp id="1257" class="1007" name="grp_fu_1257">
<pin_list>
<pin id="1258" dir="0" index="0" bw="8" slack="0"/>
<pin id="1259" dir="0" index="1" bw="8" slack="1"/>
<pin id="1260" dir="0" index="2" bw="16" slack="2147483647"/>
<pin id="1261" dir="1" index="3" bw="16" slack="4"/>
</pin_list>
<bind>
<opcode="muladd(1172) " fcode="muladd"/>
<opset="mul_ln16_17/5 add_ln16_14/7 "/>
</bind>
</comp>

<comp id="1263" class="1007" name="grp_fu_1263">
<pin_list>
<pin id="1264" dir="0" index="0" bw="8" slack="1"/>
<pin id="1265" dir="0" index="1" bw="8" slack="2"/>
<pin id="1266" dir="0" index="2" bw="16" slack="2147483647"/>
<pin id="1267" dir="1" index="3" bw="16" slack="4"/>
</pin_list>
<bind>
<opcode="muladd(1172) " fcode="muladd"/>
<opset="mul_ln16_64/5 add_ln16_49/7 "/>
</bind>
</comp>

<comp id="1268" class="1007" name="grp_fu_1268">
<pin_list>
<pin id="1269" dir="0" index="0" bw="8" slack="1"/>
<pin id="1270" dir="0" index="1" bw="8" slack="2"/>
<pin id="1271" dir="0" index="2" bw="16" slack="2147483647"/>
<pin id="1272" dir="1" index="3" bw="16" slack="4"/>
</pin_list>
<bind>
<opcode="muladd(1172) " fcode="muladd"/>
<opset="mul_ln16_69/5 add_ln16_53/7 "/>
</bind>
</comp>

<comp id="1273" class="1007" name="grp_fu_1273">
<pin_list>
<pin id="1274" dir="0" index="0" bw="8" slack="1"/>
<pin id="1275" dir="0" index="1" bw="8" slack="1"/>
<pin id="1276" dir="0" index="2" bw="16" slack="2147483647"/>
<pin id="1277" dir="1" index="3" bw="16" slack="5"/>
</pin_list>
<bind>
<opcode="muladd(1172) " fcode="muladd"/>
<opset="mul_ln16_74/5 add_ln16_57/7 "/>
</bind>
</comp>

<comp id="1278" class="1007" name="grp_fu_1278">
<pin_list>
<pin id="1279" dir="0" index="0" bw="8" slack="0"/>
<pin id="1280" dir="0" index="1" bw="8" slack="3"/>
<pin id="1281" dir="0" index="2" bw="16" slack="2147483647"/>
<pin id="1282" dir="1" index="3" bw="16" slack="5"/>
</pin_list>
<bind>
<opcode="muladd(1172) " fcode="muladd"/>
<opset="mul_ln16_79/5 add_ln16_61/7 "/>
</bind>
</comp>

<comp id="1284" class="1007" name="grp_fu_1284">
<pin_list>
<pin id="1285" dir="0" index="0" bw="8" slack="0"/>
<pin id="1286" dir="0" index="1" bw="8" slack="2"/>
<pin id="1287" dir="0" index="2" bw="16" slack="2147483647"/>
<pin id="1288" dir="1" index="3" bw="16" slack="3"/>
</pin_list>
<bind>
<opcode="muladd(1172) " fcode="muladd"/>
<opset="mul_ln16_22/6 add_ln16_18/8 "/>
</bind>
</comp>

<comp id="1290" class="1007" name="grp_fu_1290">
<pin_list>
<pin id="1291" dir="0" index="0" bw="8" slack="0"/>
<pin id="1292" dir="0" index="1" bw="8" slack="2"/>
<pin id="1293" dir="0" index="2" bw="16" slack="2147483647"/>
<pin id="1294" dir="1" index="3" bw="16" slack="3"/>
</pin_list>
<bind>
<opcode="muladd(1172) " fcode="muladd"/>
<opset="mul_ln16_27/6 add_ln16_22/8 "/>
</bind>
</comp>

<comp id="1296" class="1007" name="grp_fu_1296">
<pin_list>
<pin id="1297" dir="0" index="0" bw="8" slack="1"/>
<pin id="1298" dir="0" index="1" bw="8" slack="4"/>
<pin id="1299" dir="0" index="2" bw="16" slack="2147483647"/>
<pin id="1300" dir="1" index="3" bw="16" slack="5"/>
</pin_list>
<bind>
<opcode="muladd(1172) " fcode="muladd"/>
<opset="mul_ln16_84/6 add_ln16_65/8 "/>
</bind>
</comp>

<comp id="1301" class="1007" name="grp_fu_1301">
<pin_list>
<pin id="1302" dir="0" index="0" bw="8" slack="1"/>
<pin id="1303" dir="0" index="1" bw="8" slack="3"/>
<pin id="1304" dir="0" index="2" bw="16" slack="2147483647"/>
<pin id="1305" dir="1" index="3" bw="16" slack="5"/>
</pin_list>
<bind>
<opcode="muladd(1172) " fcode="muladd"/>
<opset="mul_ln16_89/6 add_ln16_69/8 "/>
</bind>
</comp>

<comp id="1306" class="1007" name="grp_fu_1306">
<pin_list>
<pin id="1307" dir="0" index="0" bw="8" slack="1"/>
<pin id="1308" dir="0" index="1" bw="8" slack="3"/>
<pin id="1309" dir="0" index="2" bw="16" slack="2147483647"/>
<pin id="1310" dir="1" index="3" bw="16" slack="6"/>
</pin_list>
<bind>
<opcode="muladd(1172) " fcode="muladd"/>
<opset="mul_ln16_94/6 add_ln16_73/8 "/>
</bind>
</comp>

<comp id="1311" class="1007" name="grp_fu_1311">
<pin_list>
<pin id="1312" dir="0" index="0" bw="8" slack="1"/>
<pin id="1313" dir="0" index="1" bw="8" slack="2"/>
<pin id="1314" dir="0" index="2" bw="16" slack="2147483647"/>
<pin id="1315" dir="1" index="3" bw="16" slack="6"/>
</pin_list>
<bind>
<opcode="muladd(1172) " fcode="muladd"/>
<opset="mul_ln16_99/6 add_ln16_77/8 "/>
</bind>
</comp>

<comp id="1316" class="1007" name="grp_fu_1316">
<pin_list>
<pin id="1317" dir="0" index="0" bw="8" slack="1"/>
<pin id="1318" dir="0" index="1" bw="8" slack="3"/>
<pin id="1319" dir="0" index="2" bw="16" slack="2147483647"/>
<pin id="1320" dir="1" index="3" bw="16" slack="2"/>
</pin_list>
<bind>
<opcode="muladd(1172) " fcode="muladd"/>
<opset="mul_ln16_32/7 add_ln16_26/9 "/>
</bind>
</comp>

<comp id="1321" class="1007" name="grp_fu_1321">
<pin_list>
<pin id="1322" dir="0" index="0" bw="8" slack="1"/>
<pin id="1323" dir="0" index="1" bw="8" slack="2"/>
<pin id="1324" dir="0" index="2" bw="16" slack="2147483647"/>
<pin id="1325" dir="1" index="3" bw="16" slack="3"/>
</pin_list>
<bind>
<opcode="muladd(1172) " fcode="muladd"/>
<opset="mul_ln16_37/7 add_ln16_30/9 "/>
</bind>
</comp>

<comp id="1326" class="1007" name="grp_fu_1326">
<pin_list>
<pin id="1327" dir="0" index="0" bw="8" slack="0"/>
<pin id="1328" dir="0" index="1" bw="8" slack="5"/>
<pin id="1329" dir="0" index="2" bw="16" slack="2147483647"/>
<pin id="1330" dir="1" index="3" bw="16" slack="6"/>
</pin_list>
<bind>
<opcode="muladd(1172) " fcode="muladd"/>
<opset="mul_ln16_104/7 add_ln16_81/9 "/>
</bind>
</comp>

<comp id="1332" class="1007" name="grp_fu_1332">
<pin_list>
<pin id="1333" dir="0" index="0" bw="8" slack="0"/>
<pin id="1334" dir="0" index="1" bw="8" slack="5"/>
<pin id="1335" dir="0" index="2" bw="16" slack="2147483647"/>
<pin id="1336" dir="1" index="3" bw="16" slack="6"/>
</pin_list>
<bind>
<opcode="muladd(1172) " fcode="muladd"/>
<opset="mul_ln16_109/7 add_ln16_85/9 "/>
</bind>
</comp>

<comp id="1338" class="1007" name="grp_fu_1338">
<pin_list>
<pin id="1339" dir="0" index="0" bw="8" slack="0"/>
<pin id="1340" dir="0" index="1" bw="8" slack="4"/>
<pin id="1341" dir="0" index="2" bw="16" slack="2147483647"/>
<pin id="1342" dir="1" index="3" bw="16" slack="6"/>
</pin_list>
<bind>
<opcode="muladd(1172) " fcode="muladd"/>
<opset="mul_ln16_114/7 add_ln16_89/9 "/>
</bind>
</comp>

<comp id="1344" class="1007" name="grp_fu_1344">
<pin_list>
<pin id="1345" dir="0" index="0" bw="8" slack="0"/>
<pin id="1346" dir="0" index="1" bw="8" slack="4"/>
<pin id="1347" dir="0" index="2" bw="16" slack="2147483647"/>
<pin id="1348" dir="1" index="3" bw="16" slack="6"/>
</pin_list>
<bind>
<opcode="muladd(1172) " fcode="muladd"/>
<opset="mul_ln16_119/7 add_ln16_93/9 "/>
</bind>
</comp>

<comp id="1350" class="1007" name="grp_fu_1350">
<pin_list>
<pin id="1351" dir="0" index="0" bw="8" slack="0"/>
<pin id="1352" dir="0" index="1" bw="8" slack="0"/>
<pin id="1353" dir="0" index="2" bw="16" slack="2147483647"/>
<pin id="1354" dir="1" index="3" bw="16" slack="0"/>
</pin_list>
<bind>
<opcode="muladd(1172) " fcode="muladd"/>
<opset="mul_ln16/8 add_ln16/10 "/>
</bind>
</comp>

<comp id="1358" class="1007" name="grp_fu_1358">
<pin_list>
<pin id="1359" dir="0" index="0" bw="8" slack="0"/>
<pin id="1360" dir="0" index="1" bw="8" slack="0"/>
<pin id="1361" dir="0" index="2" bw="16" slack="2147483647"/>
<pin id="1362" dir="1" index="3" bw="16" slack="0"/>
</pin_list>
<bind>
<opcode="muladd(1172) " fcode="muladd"/>
<opset="mul_ln16_5/8 add_ln16_4/10 "/>
</bind>
</comp>

<comp id="1366" class="1007" name="grp_fu_1366">
<pin_list>
<pin id="1367" dir="0" index="0" bw="8" slack="0"/>
<pin id="1368" dir="0" index="1" bw="8" slack="0"/>
<pin id="1369" dir="0" index="2" bw="16" slack="2147483647"/>
<pin id="1370" dir="1" index="3" bw="16" slack="0"/>
</pin_list>
<bind>
<opcode="muladd(1172) " fcode="muladd"/>
<opset="mul_ln16_10/8 add_ln16_8/10 "/>
</bind>
</comp>

<comp id="1374" class="1007" name="grp_fu_1374">
<pin_list>
<pin id="1375" dir="0" index="0" bw="8" slack="2"/>
<pin id="1376" dir="0" index="1" bw="8" slack="3"/>
<pin id="1377" dir="0" index="2" bw="16" slack="2147483647"/>
<pin id="1378" dir="1" index="3" bw="16" slack="2"/>
</pin_list>
<bind>
<opcode="muladd(1172) " fcode="muladd"/>
<opset="mul_ln16_42/8 add_ln16_34/10 "/>
</bind>
</comp>

<comp id="1379" class="1007" name="grp_fu_1379">
<pin_list>
<pin id="1380" dir="0" index="0" bw="8" slack="2"/>
<pin id="1381" dir="0" index="1" bw="8" slack="2"/>
<pin id="1382" dir="0" index="2" bw="16" slack="2147483647"/>
<pin id="1383" dir="1" index="3" bw="16" slack="2"/>
</pin_list>
<bind>
<opcode="muladd(1172) " fcode="muladd"/>
<opset="mul_ln16_47/8 add_ln16_38/10 "/>
</bind>
</comp>

<comp id="1384" class="1007" name="grp_fu_1384">
<pin_list>
<pin id="1385" dir="0" index="0" bw="8" slack="1"/>
<pin id="1386" dir="0" index="1" bw="8" slack="4"/>
<pin id="1387" dir="0" index="2" bw="16" slack="2147483647"/>
<pin id="1388" dir="1" index="3" bw="16" slack="6"/>
</pin_list>
<bind>
<opcode="muladd(1172) " fcode="muladd"/>
<opset="mul_ln16_124/8 add_ln16_97/10 "/>
</bind>
</comp>

<comp id="1389" class="1007" name="grp_fu_1389">
<pin_list>
<pin id="1390" dir="0" index="0" bw="8" slack="0"/>
<pin id="1391" dir="0" index="1" bw="8" slack="1"/>
<pin id="1392" dir="0" index="2" bw="16" slack="2147483647"/>
<pin id="1393" dir="1" index="3" bw="16" slack="0"/>
</pin_list>
<bind>
<opcode="muladd(1172) " fcode="muladd"/>
<opset="mul_ln16_15/9 add_ln16_12/11 "/>
</bind>
</comp>

<comp id="1396" class="1007" name="grp_fu_1396">
<pin_list>
<pin id="1397" dir="0" index="0" bw="8" slack="0"/>
<pin id="1398" dir="0" index="1" bw="8" slack="1"/>
<pin id="1399" dir="0" index="2" bw="16" slack="2147483647"/>
<pin id="1400" dir="1" index="3" bw="16" slack="0"/>
</pin_list>
<bind>
<opcode="muladd(1172) " fcode="muladd"/>
<opset="mul_ln16_20/9 add_ln16_16/11 "/>
</bind>
</comp>

<comp id="1403" class="1007" name="grp_fu_1403">
<pin_list>
<pin id="1404" dir="0" index="0" bw="8" slack="0"/>
<pin id="1405" dir="0" index="1" bw="8" slack="1"/>
<pin id="1406" dir="0" index="2" bw="16" slack="2147483647"/>
<pin id="1407" dir="1" index="3" bw="16" slack="0"/>
</pin_list>
<bind>
<opcode="muladd(1172) " fcode="muladd"/>
<opset="mul_ln16_25/9 add_ln16_20/11 "/>
</bind>
</comp>

<comp id="1410" class="1007" name="grp_fu_1410">
<pin_list>
<pin id="1411" dir="0" index="0" bw="8" slack="0"/>
<pin id="1412" dir="0" index="1" bw="8" slack="1"/>
<pin id="1413" dir="0" index="2" bw="16" slack="2147483647"/>
<pin id="1414" dir="1" index="3" bw="16" slack="0"/>
</pin_list>
<bind>
<opcode="muladd(1172) " fcode="muladd"/>
<opset="mul_ln16_30/9 add_ln16_24/11 "/>
</bind>
</comp>

<comp id="1417" class="1007" name="grp_fu_1417">
<pin_list>
<pin id="1418" dir="0" index="0" bw="8" slack="0"/>
<pin id="1419" dir="0" index="1" bw="8" slack="5"/>
<pin id="1420" dir="0" index="2" bw="16" slack="2147483647"/>
<pin id="1421" dir="1" index="3" bw="16" slack="1"/>
</pin_list>
<bind>
<opcode="muladd(1172) " fcode="muladd"/>
<opset="mul_ln16_52/9 add_ln16_42/11 "/>
</bind>
</comp>

<comp id="1423" class="1007" name="grp_fu_1423">
<pin_list>
<pin id="1424" dir="0" index="0" bw="8" slack="0"/>
<pin id="1425" dir="0" index="1" bw="8" slack="5"/>
<pin id="1426" dir="0" index="2" bw="16" slack="2147483647"/>
<pin id="1427" dir="1" index="3" bw="16" slack="2"/>
</pin_list>
<bind>
<opcode="muladd(1172) " fcode="muladd"/>
<opset="mul_ln16_57/9 add_ln16_46/11 "/>
</bind>
</comp>

<comp id="1429" class="1007" name="grp_fu_1429">
<pin_list>
<pin id="1430" dir="0" index="0" bw="8" slack="1"/>
<pin id="1431" dir="0" index="1" bw="8" slack="2"/>
<pin id="1432" dir="0" index="2" bw="16" slack="2147483647"/>
<pin id="1433" dir="1" index="3" bw="16" slack="0"/>
</pin_list>
<bind>
<opcode="muladd(1172) " fcode="muladd"/>
<opset="mul_ln16_35/10 add_ln16_28/12 "/>
</bind>
</comp>

<comp id="1435" class="1007" name="grp_fu_1435">
<pin_list>
<pin id="1436" dir="0" index="0" bw="8" slack="1"/>
<pin id="1437" dir="0" index="1" bw="8" slack="1"/>
<pin id="1438" dir="0" index="2" bw="16" slack="2147483647"/>
<pin id="1439" dir="1" index="3" bw="16" slack="0"/>
</pin_list>
<bind>
<opcode="muladd(1172) " fcode="muladd"/>
<opset="mul_ln16_40/10 add_ln16_32/12 "/>
</bind>
</comp>

<comp id="1441" class="1007" name="grp_fu_1441">
<pin_list>
<pin id="1442" dir="0" index="0" bw="8" slack="1"/>
<pin id="1443" dir="0" index="1" bw="8" slack="1"/>
<pin id="1444" dir="0" index="2" bw="16" slack="2147483647"/>
<pin id="1445" dir="1" index="3" bw="16" slack="0"/>
</pin_list>
<bind>
<opcode="muladd(1172) " fcode="muladd"/>
<opset="mul_ln16_45/10 add_ln16_36/12 "/>
</bind>
</comp>

<comp id="1447" class="1007" name="grp_fu_1447">
<pin_list>
<pin id="1448" dir="0" index="0" bw="8" slack="0"/>
<pin id="1449" dir="0" index="1" bw="8" slack="2"/>
<pin id="1450" dir="0" index="2" bw="16" slack="2147483647"/>
<pin id="1451" dir="1" index="3" bw="16" slack="0"/>
</pin_list>
<bind>
<opcode="muladd(1172) " fcode="muladd"/>
<opset="mul_ln16_50/10 add_ln16_40/12 "/>
</bind>
</comp>

<comp id="1454" class="1007" name="grp_fu_1454">
<pin_list>
<pin id="1455" dir="0" index="0" bw="8" slack="1"/>
<pin id="1456" dir="0" index="1" bw="8" slack="5"/>
<pin id="1457" dir="0" index="2" bw="16" slack="2147483647"/>
<pin id="1458" dir="1" index="3" bw="16" slack="1"/>
</pin_list>
<bind>
<opcode="muladd(1172) " fcode="muladd"/>
<opset="mul_ln16_62/10 add_ln16_50/12 "/>
</bind>
</comp>

<comp id="1459" class="1007" name="grp_fu_1459">
<pin_list>
<pin id="1460" dir="0" index="0" bw="8" slack="1"/>
<pin id="1461" dir="0" index="1" bw="8" slack="5"/>
<pin id="1462" dir="0" index="2" bw="16" slack="2147483647"/>
<pin id="1463" dir="1" index="3" bw="16" slack="1"/>
</pin_list>
<bind>
<opcode="muladd(1172) " fcode="muladd"/>
<opset="mul_ln16_67/10 add_ln16_54/12 "/>
</bind>
</comp>

<comp id="1464" class="1007" name="grp_fu_1464">
<pin_list>
<pin id="1465" dir="0" index="0" bw="8" slack="1"/>
<pin id="1466" dir="0" index="1" bw="8" slack="3"/>
<pin id="1467" dir="0" index="2" bw="16" slack="2147483647"/>
<pin id="1468" dir="1" index="3" bw="16" slack="0"/>
</pin_list>
<bind>
<opcode="muladd(1172) " fcode="muladd"/>
<opset="mul_ln16_55/11 add_ln16_44/13 "/>
</bind>
</comp>

<comp id="1470" class="1007" name="grp_fu_1470">
<pin_list>
<pin id="1471" dir="0" index="0" bw="8" slack="1"/>
<pin id="1472" dir="0" index="1" bw="8" slack="3"/>
<pin id="1473" dir="0" index="2" bw="16" slack="2147483647"/>
<pin id="1474" dir="1" index="3" bw="16" slack="0"/>
</pin_list>
<bind>
<opcode="muladd(1172) " fcode="muladd"/>
<opset="mul_ln16_60/11 add_ln16_48/13 "/>
</bind>
</comp>

<comp id="1476" class="1007" name="grp_fu_1476">
<pin_list>
<pin id="1477" dir="0" index="0" bw="8" slack="1"/>
<pin id="1478" dir="0" index="1" bw="8" slack="2"/>
<pin id="1479" dir="0" index="2" bw="16" slack="2147483647"/>
<pin id="1480" dir="1" index="3" bw="16" slack="0"/>
</pin_list>
<bind>
<opcode="muladd(1172) " fcode="muladd"/>
<opset="mul_ln16_65/11 add_ln16_52/13 "/>
</bind>
</comp>

<comp id="1482" class="1007" name="grp_fu_1482">
<pin_list>
<pin id="1483" dir="0" index="0" bw="8" slack="1"/>
<pin id="1484" dir="0" index="1" bw="8" slack="2"/>
<pin id="1485" dir="0" index="2" bw="16" slack="2147483647"/>
<pin id="1486" dir="1" index="3" bw="16" slack="0"/>
</pin_list>
<bind>
<opcode="muladd(1172) " fcode="muladd"/>
<opset="mul_ln16_70/11 add_ln16_56/13 "/>
</bind>
</comp>

<comp id="1488" class="1007" name="grp_fu_1488">
<pin_list>
<pin id="1489" dir="0" index="0" bw="8" slack="2"/>
<pin id="1490" dir="0" index="1" bw="8" slack="5"/>
<pin id="1491" dir="0" index="2" bw="16" slack="2147483647"/>
<pin id="1492" dir="1" index="3" bw="16" slack="0"/>
</pin_list>
<bind>
<opcode="muladd(1172) " fcode="muladd"/>
<opset="mul_ln16_72/11 add_ln16_58/13 "/>
</bind>
</comp>

<comp id="1494" class="1007" name="grp_fu_1494">
<pin_list>
<pin id="1495" dir="0" index="0" bw="8" slack="0"/>
<pin id="1496" dir="0" index="1" bw="8" slack="7"/>
<pin id="1497" dir="0" index="2" bw="16" slack="2147483647"/>
<pin id="1498" dir="1" index="3" bw="16" slack="1"/>
</pin_list>
<bind>
<opcode="muladd(1172) " fcode="muladd"/>
<opset="mul_ln16_77/11 add_ln16_62/13 "/>
</bind>
</comp>

<comp id="1500" class="1007" name="grp_fu_1500">
<pin_list>
<pin id="1501" dir="0" index="0" bw="8" slack="0"/>
<pin id="1502" dir="0" index="1" bw="8" slack="4"/>
<pin id="1503" dir="0" index="2" bw="16" slack="2147483647"/>
<pin id="1504" dir="1" index="3" bw="16" slack="0"/>
</pin_list>
<bind>
<opcode="muladd(1172) " fcode="muladd"/>
<opset="mul_ln16_75/12 add_ln16_60/14 "/>
</bind>
</comp>

<comp id="1507" class="1007" name="grp_fu_1507">
<pin_list>
<pin id="1508" dir="0" index="0" bw="8" slack="0"/>
<pin id="1509" dir="0" index="1" bw="8" slack="4"/>
<pin id="1510" dir="0" index="2" bw="16" slack="2147483647"/>
<pin id="1511" dir="1" index="3" bw="16" slack="0"/>
</pin_list>
<bind>
<opcode="muladd(1172) " fcode="muladd"/>
<opset="mul_ln16_80/12 add_ln16_64/14 "/>
</bind>
</comp>

<comp id="1514" class="1007" name="grp_fu_1514">
<pin_list>
<pin id="1515" dir="0" index="0" bw="8" slack="1"/>
<pin id="1516" dir="0" index="1" bw="8" slack="8"/>
<pin id="1517" dir="0" index="2" bw="16" slack="2147483647"/>
<pin id="1518" dir="1" index="3" bw="16" slack="0"/>
</pin_list>
<bind>
<opcode="muladd(1172) " fcode="muladd"/>
<opset="mul_ln16_82/12 add_ln16_66/14 "/>
</bind>
</comp>

<comp id="1520" class="1007" name="grp_fu_1520">
<pin_list>
<pin id="1521" dir="0" index="0" bw="8" slack="0"/>
<pin id="1522" dir="0" index="1" bw="8" slack="4"/>
<pin id="1523" dir="0" index="2" bw="16" slack="2147483647"/>
<pin id="1524" dir="1" index="3" bw="16" slack="0"/>
</pin_list>
<bind>
<opcode="muladd(1172) " fcode="muladd"/>
<opset="mul_ln16_85/12 add_ln16_68/14 "/>
</bind>
</comp>

<comp id="1527" class="1007" name="grp_fu_1527">
<pin_list>
<pin id="1528" dir="0" index="0" bw="8" slack="1"/>
<pin id="1529" dir="0" index="1" bw="8" slack="7"/>
<pin id="1530" dir="0" index="2" bw="16" slack="2147483647"/>
<pin id="1531" dir="1" index="3" bw="16" slack="0"/>
</pin_list>
<bind>
<opcode="muladd(1172) " fcode="muladd"/>
<opset="mul_ln16_87/12 add_ln16_70/14 "/>
</bind>
</comp>

<comp id="1533" class="1007" name="grp_fu_1533">
<pin_list>
<pin id="1534" dir="0" index="0" bw="8" slack="0"/>
<pin id="1535" dir="0" index="1" bw="8" slack="3"/>
<pin id="1536" dir="0" index="2" bw="16" slack="2147483647"/>
<pin id="1537" dir="1" index="3" bw="16" slack="1"/>
</pin_list>
<bind>
<opcode="muladd(1172) " fcode="muladd"/>
<opset="mul_ln16_90/12 add_ln16_72/14 "/>
</bind>
</comp>

<comp id="1539" class="1007" name="grp_fu_1539">
<pin_list>
<pin id="1540" dir="0" index="0" bw="8" slack="2"/>
<pin id="1541" dir="0" index="1" bw="8" slack="8"/>
<pin id="1542" dir="0" index="2" bw="16" slack="2147483647"/>
<pin id="1543" dir="1" index="3" bw="16" slack="0"/>
</pin_list>
<bind>
<opcode="muladd(1172) " fcode="muladd"/>
<opset="mul_ln16_92/13 add_ln16_74/15 "/>
</bind>
</comp>

<comp id="1545" class="1007" name="grp_fu_1545">
<pin_list>
<pin id="1546" dir="0" index="0" bw="8" slack="1"/>
<pin id="1547" dir="0" index="1" bw="8" slack="4"/>
<pin id="1548" dir="0" index="2" bw="16" slack="2147483647"/>
<pin id="1549" dir="1" index="3" bw="16" slack="0"/>
</pin_list>
<bind>
<opcode="muladd(1172) " fcode="muladd"/>
<opset="mul_ln16_95/13 add_ln16_76/15 "/>
</bind>
</comp>

<comp id="1551" class="1007" name="grp_fu_1551">
<pin_list>
<pin id="1552" dir="0" index="0" bw="8" slack="2"/>
<pin id="1553" dir="0" index="1" bw="8" slack="7"/>
<pin id="1554" dir="0" index="2" bw="16" slack="2147483647"/>
<pin id="1555" dir="1" index="3" bw="16" slack="0"/>
</pin_list>
<bind>
<opcode="muladd(1172) " fcode="muladd"/>
<opset="mul_ln16_97/13 add_ln16_78/15 "/>
</bind>
</comp>

<comp id="1557" class="1007" name="grp_fu_1557">
<pin_list>
<pin id="1558" dir="0" index="0" bw="8" slack="0"/>
<pin id="1559" dir="0" index="1" bw="8" slack="5"/>
<pin id="1560" dir="0" index="2" bw="16" slack="2147483647"/>
<pin id="1561" dir="1" index="3" bw="16" slack="1"/>
</pin_list>
<bind>
<opcode="muladd(1172) " fcode="muladd"/>
<opset="mul_ln16_100/13 add_ln16_80/15 "/>
</bind>
</comp>

<comp id="1563" class="1007" name="grp_fu_1563">
<pin_list>
<pin id="1564" dir="0" index="0" bw="8" slack="0"/>
<pin id="1565" dir="0" index="1" bw="8" slack="5"/>
<pin id="1566" dir="0" index="2" bw="16" slack="2147483647"/>
<pin id="1567" dir="1" index="3" bw="16" slack="1"/>
</pin_list>
<bind>
<opcode="muladd(1172) " fcode="muladd"/>
<opset="mul_ln16_105/13 add_ln16_84/15 "/>
</bind>
</comp>

<comp id="1569" class="1007" name="grp_fu_1569">
<pin_list>
<pin id="1570" dir="0" index="0" bw="8" slack="0"/>
<pin id="1571" dir="0" index="1" bw="8" slack="5"/>
<pin id="1572" dir="0" index="2" bw="16" slack="2147483647"/>
<pin id="1573" dir="1" index="3" bw="16" slack="1"/>
</pin_list>
<bind>
<opcode="muladd(1172) " fcode="muladd"/>
<opset="mul_ln16_110/13 add_ln16_88/15 "/>
</bind>
</comp>

<comp id="1575" class="1007" name="grp_fu_1575">
<pin_list>
<pin id="1576" dir="0" index="0" bw="8" slack="0"/>
<pin id="1577" dir="0" index="1" bw="8" slack="10"/>
<pin id="1578" dir="0" index="2" bw="16" slack="2147483647"/>
<pin id="1579" dir="1" index="3" bw="16" slack="0"/>
</pin_list>
<bind>
<opcode="muladd(1172) " fcode="muladd"/>
<opset="mul_ln16_102/14 add_ln16_82/16 "/>
</bind>
</comp>

<comp id="1582" class="1007" name="grp_fu_1582">
<pin_list>
<pin id="1583" dir="0" index="0" bw="8" slack="0"/>
<pin id="1584" dir="0" index="1" bw="8" slack="10"/>
<pin id="1585" dir="0" index="2" bw="16" slack="2147483647"/>
<pin id="1586" dir="1" index="3" bw="16" slack="0"/>
</pin_list>
<bind>
<opcode="muladd(1172) " fcode="muladd"/>
<opset="mul_ln16_107/14 add_ln16_86/16 "/>
</bind>
</comp>

<comp id="1589" class="1007" name="grp_fu_1589">
<pin_list>
<pin id="1590" dir="0" index="0" bw="8" slack="0"/>
<pin id="1591" dir="0" index="1" bw="8" slack="9"/>
<pin id="1592" dir="0" index="2" bw="16" slack="2147483647"/>
<pin id="1593" dir="1" index="3" bw="16" slack="0"/>
</pin_list>
<bind>
<opcode="muladd(1172) " fcode="muladd"/>
<opset="mul_ln16_112/14 add_ln16_90/16 "/>
</bind>
</comp>

<comp id="1596" class="1007" name="grp_fu_1596">
<pin_list>
<pin id="1597" dir="0" index="0" bw="8" slack="1"/>
<pin id="1598" dir="0" index="1" bw="8" slack="5"/>
<pin id="1599" dir="0" index="2" bw="16" slack="2147483647"/>
<pin id="1600" dir="1" index="3" bw="16" slack="0"/>
</pin_list>
<bind>
<opcode="muladd(1172) " fcode="muladd"/>
<opset="mul_ln16_115/14 add_ln16_92/16 "/>
</bind>
</comp>

<comp id="1602" class="1007" name="grp_fu_1602">
<pin_list>
<pin id="1603" dir="0" index="0" bw="8" slack="0"/>
<pin id="1604" dir="0" index="1" bw="8" slack="9"/>
<pin id="1605" dir="0" index="2" bw="16" slack="2147483647"/>
<pin id="1606" dir="1" index="3" bw="16" slack="0"/>
</pin_list>
<bind>
<opcode="muladd(1172) " fcode="muladd"/>
<opset="mul_ln16_117/14 add_ln16_94/16 "/>
</bind>
</comp>

<comp id="1609" class="1007" name="grp_fu_1609">
<pin_list>
<pin id="1610" dir="0" index="0" bw="8" slack="1"/>
<pin id="1611" dir="0" index="1" bw="8" slack="5"/>
<pin id="1612" dir="0" index="2" bw="16" slack="2147483647"/>
<pin id="1613" dir="1" index="3" bw="16" slack="1"/>
</pin_list>
<bind>
<opcode="muladd(1172) " fcode="muladd"/>
<opset="mul_ln16_120/14 add_ln16_96/16 "/>
</bind>
</comp>

<comp id="1614" class="1007" name="grp_fu_1614">
<pin_list>
<pin id="1615" dir="0" index="0" bw="8" slack="1"/>
<pin id="1616" dir="0" index="1" bw="8" slack="9"/>
<pin id="1617" dir="0" index="2" bw="16" slack="2147483647"/>
<pin id="1618" dir="1" index="3" bw="16" slack="0"/>
</pin_list>
<bind>
<opcode="muladd(1172) " fcode="muladd"/>
<opset="mul_ln16_122/15 add_ln16_98/17 "/>
</bind>
</comp>

<comp id="1620" class="1005" name="a_addr_reg_1620">
<pin_list>
<pin id="1621" dir="0" index="0" bw="3" slack="1"/>
<pin id="1622" dir="1" index="1" bw="3" slack="1"/>
</pin_list>
<bind>
<opset="a_addr "/>
</bind>
</comp>

<comp id="1625" class="1005" name="b_addr_reg_1625">
<pin_list>
<pin id="1626" dir="0" index="0" bw="3" slack="1"/>
<pin id="1627" dir="1" index="1" bw="3" slack="1"/>
</pin_list>
<bind>
<opset="b_addr "/>
</bind>
</comp>

<comp id="1630" class="1005" name="b_addr_1_reg_1630">
<pin_list>
<pin id="1631" dir="0" index="0" bw="3" slack="1"/>
<pin id="1632" dir="1" index="1" bw="3" slack="1"/>
</pin_list>
<bind>
<opset="b_addr_1 "/>
</bind>
</comp>

<comp id="1635" class="1005" name="a_addr_1_reg_1635">
<pin_list>
<pin id="1636" dir="0" index="0" bw="3" slack="1"/>
<pin id="1637" dir="1" index="1" bw="3" slack="1"/>
</pin_list>
<bind>
<opset="a_addr_1 "/>
</bind>
</comp>

<comp id="1640" class="1005" name="trunc_ln16_reg_1640">
<pin_list>
<pin id="1641" dir="0" index="0" bw="8" slack="6"/>
<pin id="1642" dir="1" index="1" bw="8" slack="6"/>
</pin_list>
<bind>
<opset="trunc_ln16 "/>
</bind>
</comp>

<comp id="1645" class="1005" name="trunc_ln16_1_reg_1645">
<pin_list>
<pin id="1646" dir="0" index="0" bw="8" slack="6"/>
<pin id="1647" dir="1" index="1" bw="8" slack="6"/>
</pin_list>
<bind>
<opset="trunc_ln16_1 "/>
</bind>
</comp>

<comp id="1650" class="1005" name="tmp1_reg_1650">
<pin_list>
<pin id="1651" dir="0" index="0" bw="8" slack="7"/>
<pin id="1652" dir="1" index="1" bw="8" slack="7"/>
</pin_list>
<bind>
<opset="tmp1 "/>
</bind>
</comp>

<comp id="1655" class="1005" name="tmp_s_reg_1655">
<pin_list>
<pin id="1656" dir="0" index="0" bw="8" slack="7"/>
<pin id="1657" dir="1" index="1" bw="8" slack="7"/>
</pin_list>
<bind>
<opset="tmp_s "/>
</bind>
</comp>

<comp id="1660" class="1005" name="tmp_1_reg_1660">
<pin_list>
<pin id="1661" dir="0" index="0" bw="8" slack="2"/>
<pin id="1662" dir="1" index="1" bw="8" slack="2"/>
</pin_list>
<bind>
<opset="tmp_1 "/>
</bind>
</comp>

<comp id="1665" class="1005" name="tmp_2_reg_1665">
<pin_list>
<pin id="1666" dir="0" index="0" bw="8" slack="2"/>
<pin id="1667" dir="1" index="1" bw="8" slack="2"/>
</pin_list>
<bind>
<opset="tmp_2 "/>
</bind>
</comp>

<comp id="1670" class="1005" name="sext_ln16_8_reg_1670">
<pin_list>
<pin id="1671" dir="0" index="0" bw="16" slack="1"/>
<pin id="1672" dir="1" index="1" bw="16" slack="1"/>
</pin_list>
<bind>
<opset="sext_ln16_8 "/>
</bind>
</comp>

<comp id="1679" class="1005" name="sext_ln16_9_reg_1679">
<pin_list>
<pin id="1680" dir="0" index="0" bw="16" slack="1"/>
<pin id="1681" dir="1" index="1" bw="16" slack="1"/>
</pin_list>
<bind>
<opset="sext_ln16_9 "/>
</bind>
</comp>

<comp id="1688" class="1005" name="trunc_ln16_2_reg_1688">
<pin_list>
<pin id="1689" dir="0" index="0" bw="8" slack="6"/>
<pin id="1690" dir="1" index="1" bw="8" slack="6"/>
</pin_list>
<bind>
<opset="trunc_ln16_2 "/>
</bind>
</comp>

<comp id="1693" class="1005" name="tmp_7_reg_1693">
<pin_list>
<pin id="1694" dir="0" index="0" bw="8" slack="7"/>
<pin id="1695" dir="1" index="1" bw="8" slack="7"/>
</pin_list>
<bind>
<opset="tmp_7 "/>
</bind>
</comp>

<comp id="1698" class="1005" name="sext_ln16_14_reg_1698">
<pin_list>
<pin id="1699" dir="0" index="0" bw="16" slack="1"/>
<pin id="1700" dir="1" index="1" bw="16" slack="1"/>
</pin_list>
<bind>
<opset="sext_ln16_14 "/>
</bind>
</comp>

<comp id="1707" class="1005" name="b_addr_2_reg_1707">
<pin_list>
<pin id="1708" dir="0" index="0" bw="3" slack="1"/>
<pin id="1709" dir="1" index="1" bw="3" slack="1"/>
</pin_list>
<bind>
<opset="b_addr_2 "/>
</bind>
</comp>

<comp id="1712" class="1005" name="b_addr_3_reg_1712">
<pin_list>
<pin id="1713" dir="0" index="0" bw="3" slack="1"/>
<pin id="1714" dir="1" index="1" bw="3" slack="1"/>
</pin_list>
<bind>
<opset="b_addr_3 "/>
</bind>
</comp>

<comp id="1717" class="1005" name="trunc_ln16_6_reg_1717">
<pin_list>
<pin id="1718" dir="0" index="0" bw="8" slack="7"/>
<pin id="1719" dir="1" index="1" bw="8" slack="7"/>
</pin_list>
<bind>
<opset="trunc_ln16_6 "/>
</bind>
</comp>

<comp id="1722" class="1005" name="tmp_23_reg_1722">
<pin_list>
<pin id="1723" dir="0" index="0" bw="8" slack="8"/>
<pin id="1724" dir="1" index="1" bw="8" slack="8"/>
</pin_list>
<bind>
<opset="tmp_23 "/>
</bind>
</comp>

<comp id="1727" class="1005" name="tmp_24_reg_1727">
<pin_list>
<pin id="1728" dir="0" index="0" bw="8" slack="4"/>
<pin id="1729" dir="1" index="1" bw="8" slack="4"/>
</pin_list>
<bind>
<opset="tmp_24 "/>
</bind>
</comp>

<comp id="1732" class="1005" name="sext_ln16_34_reg_1732">
<pin_list>
<pin id="1733" dir="0" index="0" bw="16" slack="1"/>
<pin id="1734" dir="1" index="1" bw="16" slack="1"/>
</pin_list>
<bind>
<opset="sext_ln16_34 "/>
</bind>
</comp>

<comp id="1741" class="1005" name="a_addr_2_reg_1741">
<pin_list>
<pin id="1742" dir="0" index="0" bw="3" slack="1"/>
<pin id="1743" dir="1" index="1" bw="3" slack="1"/>
</pin_list>
<bind>
<opset="a_addr_2 "/>
</bind>
</comp>

<comp id="1746" class="1005" name="a_addr_3_reg_1746">
<pin_list>
<pin id="1747" dir="0" index="0" bw="3" slack="1"/>
<pin id="1748" dir="1" index="1" bw="3" slack="1"/>
</pin_list>
<bind>
<opset="a_addr_3 "/>
</bind>
</comp>

<comp id="1751" class="1005" name="sext_ln16_6_reg_1751">
<pin_list>
<pin id="1752" dir="0" index="0" bw="16" slack="1"/>
<pin id="1753" dir="1" index="1" bw="16" slack="1"/>
</pin_list>
<bind>
<opset="sext_ln16_6 "/>
</bind>
</comp>

<comp id="1758" class="1005" name="sext_ln16_7_reg_1758">
<pin_list>
<pin id="1759" dir="0" index="0" bw="16" slack="2"/>
<pin id="1760" dir="1" index="1" bw="16" slack="2"/>
</pin_list>
<bind>
<opset="sext_ln16_7 "/>
</bind>
</comp>

<comp id="1765" class="1005" name="mul_ln16_3_reg_1765">
<pin_list>
<pin id="1766" dir="0" index="0" bw="16" slack="1"/>
<pin id="1767" dir="1" index="1" bw="16" slack="1"/>
</pin_list>
<bind>
<opset="mul_ln16_3 "/>
</bind>
</comp>

<comp id="1770" class="1005" name="sext_ln16_13_reg_1770">
<pin_list>
<pin id="1771" dir="0" index="0" bw="16" slack="2"/>
<pin id="1772" dir="1" index="1" bw="16" slack="2"/>
</pin_list>
<bind>
<opset="sext_ln16_13 "/>
</bind>
</comp>

<comp id="1777" class="1005" name="mul_ln16_8_reg_1777">
<pin_list>
<pin id="1778" dir="0" index="0" bw="16" slack="1"/>
<pin id="1779" dir="1" index="1" bw="16" slack="1"/>
</pin_list>
<bind>
<opset="mul_ln16_8 "/>
</bind>
</comp>

<comp id="1782" class="1005" name="trunc_ln16_3_reg_1782">
<pin_list>
<pin id="1783" dir="0" index="0" bw="8" slack="5"/>
<pin id="1784" dir="1" index="1" bw="8" slack="5"/>
</pin_list>
<bind>
<opset="trunc_ln16_3 "/>
</bind>
</comp>

<comp id="1787" class="1005" name="tmp_11_reg_1787">
<pin_list>
<pin id="1788" dir="0" index="0" bw="8" slack="6"/>
<pin id="1789" dir="1" index="1" bw="8" slack="6"/>
</pin_list>
<bind>
<opset="tmp_11 "/>
</bind>
</comp>

<comp id="1792" class="1005" name="tmp_12_reg_1792">
<pin_list>
<pin id="1793" dir="0" index="0" bw="8" slack="2"/>
<pin id="1794" dir="1" index="1" bw="8" slack="2"/>
</pin_list>
<bind>
<opset="tmp_12 "/>
</bind>
</comp>

<comp id="1797" class="1005" name="sext_ln16_19_reg_1797">
<pin_list>
<pin id="1798" dir="0" index="0" bw="16" slack="1"/>
<pin id="1799" dir="1" index="1" bw="16" slack="1"/>
</pin_list>
<bind>
<opset="sext_ln16_19 "/>
</bind>
</comp>

<comp id="1806" class="1005" name="trunc_ln16_4_reg_1806">
<pin_list>
<pin id="1807" dir="0" index="0" bw="8" slack="6"/>
<pin id="1808" dir="1" index="1" bw="8" slack="6"/>
</pin_list>
<bind>
<opset="trunc_ln16_4 "/>
</bind>
</comp>

<comp id="1811" class="1005" name="tmp_15_reg_1811">
<pin_list>
<pin id="1812" dir="0" index="0" bw="8" slack="7"/>
<pin id="1813" dir="1" index="1" bw="8" slack="7"/>
</pin_list>
<bind>
<opset="tmp_15 "/>
</bind>
</comp>

<comp id="1816" class="1005" name="tmp_16_reg_1816">
<pin_list>
<pin id="1817" dir="0" index="0" bw="8" slack="2"/>
<pin id="1818" dir="1" index="1" bw="8" slack="2"/>
</pin_list>
<bind>
<opset="tmp_16 "/>
</bind>
</comp>

<comp id="1821" class="1005" name="sext_ln16_24_reg_1821">
<pin_list>
<pin id="1822" dir="0" index="0" bw="16" slack="1"/>
<pin id="1823" dir="1" index="1" bw="16" slack="1"/>
</pin_list>
<bind>
<opset="sext_ln16_24 "/>
</bind>
</comp>

<comp id="1830" class="1005" name="b_addr_4_reg_1830">
<pin_list>
<pin id="1831" dir="0" index="0" bw="3" slack="1"/>
<pin id="1832" dir="1" index="1" bw="3" slack="1"/>
</pin_list>
<bind>
<opset="b_addr_4 "/>
</bind>
</comp>

<comp id="1835" class="1005" name="sext_ln16_33_reg_1835">
<pin_list>
<pin id="1836" dir="0" index="0" bw="16" slack="1"/>
<pin id="1837" dir="1" index="1" bw="16" slack="1"/>
</pin_list>
<bind>
<opset="sext_ln16_33 "/>
</bind>
</comp>

<comp id="1842" class="1005" name="mul_ln16_28_reg_1842">
<pin_list>
<pin id="1843" dir="0" index="0" bw="16" slack="1"/>
<pin id="1844" dir="1" index="1" bw="16" slack="1"/>
</pin_list>
<bind>
<opset="mul_ln16_28 "/>
</bind>
</comp>

<comp id="1847" class="1005" name="mul_ln16_33_reg_1847">
<pin_list>
<pin id="1848" dir="0" index="0" bw="16" slack="1"/>
<pin id="1849" dir="1" index="1" bw="16" slack="1"/>
</pin_list>
<bind>
<opset="mul_ln16_33 "/>
</bind>
</comp>

<comp id="1852" class="1005" name="trunc_ln16_7_reg_1852">
<pin_list>
<pin id="1853" dir="0" index="0" bw="8" slack="7"/>
<pin id="1854" dir="1" index="1" bw="8" slack="7"/>
</pin_list>
<bind>
<opset="trunc_ln16_7 "/>
</bind>
</comp>

<comp id="1857" class="1005" name="tmp_27_reg_1857">
<pin_list>
<pin id="1858" dir="0" index="0" bw="8" slack="8"/>
<pin id="1859" dir="1" index="1" bw="8" slack="8"/>
</pin_list>
<bind>
<opset="tmp_27 "/>
</bind>
</comp>

<comp id="1862" class="1005" name="tmp_28_reg_1862">
<pin_list>
<pin id="1863" dir="0" index="0" bw="8" slack="6"/>
<pin id="1864" dir="1" index="1" bw="8" slack="6"/>
</pin_list>
<bind>
<opset="tmp_28 "/>
</bind>
</comp>

<comp id="1867" class="1005" name="tmp_30_reg_1867">
<pin_list>
<pin id="1868" dir="0" index="0" bw="8" slack="1"/>
<pin id="1869" dir="1" index="1" bw="8" slack="1"/>
</pin_list>
<bind>
<opset="tmp_30 "/>
</bind>
</comp>

<comp id="1872" class="1005" name="trunc_ln16_8_reg_1872">
<pin_list>
<pin id="1873" dir="0" index="0" bw="8" slack="9"/>
<pin id="1874" dir="1" index="1" bw="8" slack="9"/>
</pin_list>
<bind>
<opset="trunc_ln16_8 "/>
</bind>
</comp>

<comp id="1877" class="1005" name="tmp_31_reg_1877">
<pin_list>
<pin id="1878" dir="0" index="0" bw="8" slack="10"/>
<pin id="1879" dir="1" index="1" bw="8" slack="10"/>
</pin_list>
<bind>
<opset="tmp_31 "/>
</bind>
</comp>

<comp id="1882" class="1005" name="tmp_32_reg_1882">
<pin_list>
<pin id="1883" dir="0" index="0" bw="8" slack="8"/>
<pin id="1884" dir="1" index="1" bw="8" slack="8"/>
</pin_list>
<bind>
<opset="tmp_32 "/>
</bind>
</comp>

<comp id="1887" class="1005" name="tmp_34_reg_1887">
<pin_list>
<pin id="1888" dir="0" index="0" bw="8" slack="2"/>
<pin id="1889" dir="1" index="1" bw="8" slack="2"/>
</pin_list>
<bind>
<opset="tmp_34 "/>
</bind>
</comp>

<comp id="1892" class="1005" name="a_addr_4_reg_1892">
<pin_list>
<pin id="1893" dir="0" index="0" bw="3" slack="1"/>
<pin id="1894" dir="1" index="1" bw="3" slack="1"/>
</pin_list>
<bind>
<opset="a_addr_4 "/>
</bind>
</comp>

<comp id="1897" class="1005" name="sext_ln16_4_reg_1897">
<pin_list>
<pin id="1898" dir="0" index="0" bw="16" slack="1"/>
<pin id="1899" dir="1" index="1" bw="16" slack="1"/>
</pin_list>
<bind>
<opset="sext_ln16_4 "/>
</bind>
</comp>

<comp id="1906" class="1005" name="sext_ln16_5_reg_1906">
<pin_list>
<pin id="1907" dir="0" index="0" bw="16" slack="1"/>
<pin id="1908" dir="1" index="1" bw="16" slack="1"/>
</pin_list>
<bind>
<opset="sext_ln16_5 "/>
</bind>
</comp>

<comp id="1915" class="1005" name="sext_ln16_12_reg_1915">
<pin_list>
<pin id="1916" dir="0" index="0" bw="16" slack="1"/>
<pin id="1917" dir="1" index="1" bw="16" slack="1"/>
</pin_list>
<bind>
<opset="sext_ln16_12 "/>
</bind>
</comp>

<comp id="1924" class="1005" name="sext_ln16_18_reg_1924">
<pin_list>
<pin id="1925" dir="0" index="0" bw="16" slack="2"/>
<pin id="1926" dir="1" index="1" bw="16" slack="2"/>
</pin_list>
<bind>
<opset="sext_ln16_18 "/>
</bind>
</comp>

<comp id="1931" class="1005" name="mul_ln16_13_reg_1931">
<pin_list>
<pin id="1932" dir="0" index="0" bw="16" slack="1"/>
<pin id="1933" dir="1" index="1" bw="16" slack="1"/>
</pin_list>
<bind>
<opset="mul_ln16_13 "/>
</bind>
</comp>

<comp id="1936" class="1005" name="sext_ln16_23_reg_1936">
<pin_list>
<pin id="1937" dir="0" index="0" bw="16" slack="2"/>
<pin id="1938" dir="1" index="1" bw="16" slack="2"/>
</pin_list>
<bind>
<opset="sext_ln16_23 "/>
</bind>
</comp>

<comp id="1943" class="1005" name="mul_ln16_18_reg_1943">
<pin_list>
<pin id="1944" dir="0" index="0" bw="16" slack="1"/>
<pin id="1945" dir="1" index="1" bw="16" slack="1"/>
</pin_list>
<bind>
<opset="mul_ln16_18 "/>
</bind>
</comp>

<comp id="1948" class="1005" name="trunc_ln16_5_reg_1948">
<pin_list>
<pin id="1949" dir="0" index="0" bw="8" slack="5"/>
<pin id="1950" dir="1" index="1" bw="8" slack="5"/>
</pin_list>
<bind>
<opset="trunc_ln16_5 "/>
</bind>
</comp>

<comp id="1953" class="1005" name="tmp_19_reg_1953">
<pin_list>
<pin id="1954" dir="0" index="0" bw="8" slack="6"/>
<pin id="1955" dir="1" index="1" bw="8" slack="6"/>
</pin_list>
<bind>
<opset="tmp_19 "/>
</bind>
</comp>

<comp id="1958" class="1005" name="sext_ln16_29_reg_1958">
<pin_list>
<pin id="1959" dir="0" index="0" bw="16" slack="1"/>
<pin id="1960" dir="1" index="1" bw="16" slack="1"/>
</pin_list>
<bind>
<opset="sext_ln16_29 "/>
</bind>
</comp>

<comp id="1967" class="1005" name="mul_ln16_38_reg_1967">
<pin_list>
<pin id="1968" dir="0" index="0" bw="16" slack="1"/>
<pin id="1969" dir="1" index="1" bw="16" slack="1"/>
</pin_list>
<bind>
<opset="mul_ln16_38 "/>
</bind>
</comp>

<comp id="1972" class="1005" name="mul_ln16_43_reg_1972">
<pin_list>
<pin id="1973" dir="0" index="0" bw="16" slack="1"/>
<pin id="1974" dir="1" index="1" bw="16" slack="1"/>
</pin_list>
<bind>
<opset="mul_ln16_43 "/>
</bind>
</comp>

<comp id="1977" class="1005" name="sext_ln16_39_reg_1977">
<pin_list>
<pin id="1978" dir="0" index="0" bw="16" slack="1"/>
<pin id="1979" dir="1" index="1" bw="16" slack="1"/>
</pin_list>
<bind>
<opset="sext_ln16_39 "/>
</bind>
</comp>

<comp id="1986" class="1005" name="trunc_ln16_9_reg_1986">
<pin_list>
<pin id="1987" dir="0" index="0" bw="8" slack="9"/>
<pin id="1988" dir="1" index="1" bw="8" slack="9"/>
</pin_list>
<bind>
<opset="trunc_ln16_9 "/>
</bind>
</comp>

<comp id="1991" class="1005" name="tmp_35_reg_1991">
<pin_list>
<pin id="1992" dir="0" index="0" bw="8" slack="10"/>
<pin id="1993" dir="1" index="1" bw="8" slack="10"/>
</pin_list>
<bind>
<opset="tmp_35 "/>
</bind>
</comp>

<comp id="1996" class="1005" name="tmp_36_reg_1996">
<pin_list>
<pin id="1997" dir="0" index="0" bw="8" slack="10"/>
<pin id="1998" dir="1" index="1" bw="8" slack="10"/>
</pin_list>
<bind>
<opset="tmp_36 "/>
</bind>
</comp>

<comp id="2001" class="1005" name="tmp_37_reg_2001">
<pin_list>
<pin id="2002" dir="0" index="0" bw="8" slack="4"/>
<pin id="2003" dir="1" index="1" bw="8" slack="4"/>
</pin_list>
<bind>
<opset="tmp_37 "/>
</bind>
</comp>

<comp id="2006" class="1005" name="tmp_38_reg_2006">
<pin_list>
<pin id="2007" dir="0" index="0" bw="8" slack="3"/>
<pin id="2008" dir="1" index="1" bw="8" slack="3"/>
</pin_list>
<bind>
<opset="tmp_38 "/>
</bind>
</comp>

<comp id="2011" class="1005" name="add_ln16_1_reg_2011">
<pin_list>
<pin id="2012" dir="0" index="0" bw="16" slack="1"/>
<pin id="2013" dir="1" index="1" bw="16" slack="1"/>
</pin_list>
<bind>
<opset="add_ln16_1 "/>
</bind>
</comp>

<comp id="2016" class="1005" name="add_ln16_5_reg_2016">
<pin_list>
<pin id="2017" dir="0" index="0" bw="16" slack="1"/>
<pin id="2018" dir="1" index="1" bw="16" slack="1"/>
</pin_list>
<bind>
<opset="add_ln16_5 "/>
</bind>
</comp>

<comp id="2021" class="1005" name="sext_ln16_17_reg_2021">
<pin_list>
<pin id="2022" dir="0" index="0" bw="16" slack="1"/>
<pin id="2023" dir="1" index="1" bw="16" slack="1"/>
</pin_list>
<bind>
<opset="sext_ln16_17 "/>
</bind>
</comp>

<comp id="2030" class="1005" name="sext_ln16_22_reg_2030">
<pin_list>
<pin id="2031" dir="0" index="0" bw="16" slack="1"/>
<pin id="2032" dir="1" index="1" bw="16" slack="1"/>
</pin_list>
<bind>
<opset="sext_ln16_22 "/>
</bind>
</comp>

<comp id="2039" class="1005" name="sext_ln16_28_reg_2039">
<pin_list>
<pin id="2040" dir="0" index="0" bw="16" slack="1"/>
<pin id="2041" dir="1" index="1" bw="16" slack="1"/>
</pin_list>
<bind>
<opset="sext_ln16_28 "/>
</bind>
</comp>

<comp id="2046" class="1005" name="mul_ln16_23_reg_2046">
<pin_list>
<pin id="2047" dir="0" index="0" bw="16" slack="1"/>
<pin id="2048" dir="1" index="1" bw="16" slack="1"/>
</pin_list>
<bind>
<opset="mul_ln16_23 "/>
</bind>
</comp>

<comp id="2051" class="1005" name="add_ln16_21_reg_2051">
<pin_list>
<pin id="2052" dir="0" index="0" bw="16" slack="3"/>
<pin id="2053" dir="1" index="1" bw="16" slack="3"/>
</pin_list>
<bind>
<opset="add_ln16_21 "/>
</bind>
</comp>

<comp id="2056" class="1005" name="add_ln16_25_reg_2056">
<pin_list>
<pin id="2057" dir="0" index="0" bw="16" slack="4"/>
<pin id="2058" dir="1" index="1" bw="16" slack="4"/>
</pin_list>
<bind>
<opset="add_ln16_25 "/>
</bind>
</comp>

<comp id="2061" class="1005" name="mul_ln16_48_reg_2061">
<pin_list>
<pin id="2062" dir="0" index="0" bw="16" slack="1"/>
<pin id="2063" dir="1" index="1" bw="16" slack="1"/>
</pin_list>
<bind>
<opset="mul_ln16_48 "/>
</bind>
</comp>

<comp id="2066" class="1005" name="sext_ln16_38_reg_2066">
<pin_list>
<pin id="2067" dir="0" index="0" bw="16" slack="1"/>
<pin id="2068" dir="1" index="1" bw="16" slack="1"/>
</pin_list>
<bind>
<opset="sext_ln16_38 "/>
</bind>
</comp>

<comp id="2073" class="1005" name="mul_ln16_53_reg_2073">
<pin_list>
<pin id="2074" dir="0" index="0" bw="16" slack="1"/>
<pin id="2075" dir="1" index="1" bw="16" slack="1"/>
</pin_list>
<bind>
<opset="mul_ln16_53 "/>
</bind>
</comp>

<comp id="2078" class="1005" name="mul_ln16_58_reg_2078">
<pin_list>
<pin id="2079" dir="0" index="0" bw="16" slack="1"/>
<pin id="2080" dir="1" index="1" bw="16" slack="1"/>
</pin_list>
<bind>
<opset="mul_ln16_58 "/>
</bind>
</comp>

<comp id="2083" class="1005" name="sext_ln16_44_reg_2083">
<pin_list>
<pin id="2084" dir="0" index="0" bw="16" slack="1"/>
<pin id="2085" dir="1" index="1" bw="16" slack="1"/>
</pin_list>
<bind>
<opset="sext_ln16_44 "/>
</bind>
</comp>

<comp id="2092" class="1005" name="add_ln16_9_reg_2092">
<pin_list>
<pin id="2093" dir="0" index="0" bw="16" slack="1"/>
<pin id="2094" dir="1" index="1" bw="16" slack="1"/>
</pin_list>
<bind>
<opset="add_ln16_9 "/>
</bind>
</comp>

<comp id="2097" class="1005" name="add_ln16_13_reg_2097">
<pin_list>
<pin id="2098" dir="0" index="0" bw="16" slack="1"/>
<pin id="2099" dir="1" index="1" bw="16" slack="1"/>
</pin_list>
<bind>
<opset="add_ln16_13 "/>
</bind>
</comp>

<comp id="2102" class="1005" name="sext_ln16_27_reg_2102">
<pin_list>
<pin id="2103" dir="0" index="0" bw="16" slack="1"/>
<pin id="2104" dir="1" index="1" bw="16" slack="1"/>
</pin_list>
<bind>
<opset="sext_ln16_27 "/>
</bind>
</comp>

<comp id="2111" class="1005" name="sext_ln16_32_reg_2111">
<pin_list>
<pin id="2112" dir="0" index="0" bw="16" slack="1"/>
<pin id="2113" dir="1" index="1" bw="16" slack="1"/>
</pin_list>
<bind>
<opset="sext_ln16_32 "/>
</bind>
</comp>

<comp id="2120" class="1005" name="add_ln16_29_reg_2120">
<pin_list>
<pin id="2121" dir="0" index="0" bw="16" slack="3"/>
<pin id="2122" dir="1" index="1" bw="16" slack="3"/>
</pin_list>
<bind>
<opset="add_ln16_29 "/>
</bind>
</comp>

<comp id="2125" class="1005" name="add_ln16_33_reg_2125">
<pin_list>
<pin id="2126" dir="0" index="0" bw="16" slack="4"/>
<pin id="2127" dir="1" index="1" bw="16" slack="4"/>
</pin_list>
<bind>
<opset="add_ln16_33 "/>
</bind>
</comp>

<comp id="2130" class="1005" name="mul_ln16_63_reg_2130">
<pin_list>
<pin id="2131" dir="0" index="0" bw="16" slack="1"/>
<pin id="2132" dir="1" index="1" bw="16" slack="1"/>
</pin_list>
<bind>
<opset="mul_ln16_63 "/>
</bind>
</comp>

<comp id="2135" class="1005" name="mul_ln16_68_reg_2135">
<pin_list>
<pin id="2136" dir="0" index="0" bw="16" slack="1"/>
<pin id="2137" dir="1" index="1" bw="16" slack="1"/>
</pin_list>
<bind>
<opset="mul_ln16_68 "/>
</bind>
</comp>

<comp id="2140" class="1005" name="mul_ln16_73_reg_2140">
<pin_list>
<pin id="2141" dir="0" index="0" bw="16" slack="1"/>
<pin id="2142" dir="1" index="1" bw="16" slack="1"/>
</pin_list>
<bind>
<opset="mul_ln16_73 "/>
</bind>
</comp>

<comp id="2145" class="1005" name="sext_ln16_43_reg_2145">
<pin_list>
<pin id="2146" dir="0" index="0" bw="16" slack="1"/>
<pin id="2147" dir="1" index="1" bw="16" slack="1"/>
</pin_list>
<bind>
<opset="sext_ln16_43 "/>
</bind>
</comp>

<comp id="2153" class="1005" name="mul_ln16_78_reg_2153">
<pin_list>
<pin id="2154" dir="0" index="0" bw="16" slack="1"/>
<pin id="2155" dir="1" index="1" bw="16" slack="1"/>
</pin_list>
<bind>
<opset="mul_ln16_78 "/>
</bind>
</comp>

<comp id="2158" class="1005" name="add_ln16_2_reg_2158">
<pin_list>
<pin id="2159" dir="0" index="0" bw="16" slack="4"/>
<pin id="2160" dir="1" index="1" bw="16" slack="4"/>
</pin_list>
<bind>
<opset="add_ln16_2 "/>
</bind>
</comp>

<comp id="2163" class="1005" name="add_ln16_6_reg_2163">
<pin_list>
<pin id="2164" dir="0" index="0" bw="16" slack="4"/>
<pin id="2165" dir="1" index="1" bw="16" slack="4"/>
</pin_list>
<bind>
<opset="add_ln16_6 "/>
</bind>
</comp>

<comp id="2168" class="1005" name="add_ln16_17_reg_2168">
<pin_list>
<pin id="2169" dir="0" index="0" bw="16" slack="1"/>
<pin id="2170" dir="1" index="1" bw="16" slack="1"/>
</pin_list>
<bind>
<opset="add_ln16_17 "/>
</bind>
</comp>

<comp id="2173" class="1005" name="add_ln16_37_reg_2173">
<pin_list>
<pin id="2174" dir="0" index="0" bw="16" slack="3"/>
<pin id="2175" dir="1" index="1" bw="16" slack="3"/>
</pin_list>
<bind>
<opset="add_ln16_37 "/>
</bind>
</comp>

<comp id="2178" class="1005" name="add_ln16_41_reg_2178">
<pin_list>
<pin id="2179" dir="0" index="0" bw="16" slack="4"/>
<pin id="2180" dir="1" index="1" bw="16" slack="4"/>
</pin_list>
<bind>
<opset="add_ln16_41 "/>
</bind>
</comp>

<comp id="2183" class="1005" name="add_ln16_45_reg_2183">
<pin_list>
<pin id="2184" dir="0" index="0" bw="16" slack="4"/>
<pin id="2185" dir="1" index="1" bw="16" slack="4"/>
</pin_list>
<bind>
<opset="add_ln16_45 "/>
</bind>
</comp>

<comp id="2188" class="1005" name="mul_ln16_83_reg_2188">
<pin_list>
<pin id="2189" dir="0" index="0" bw="16" slack="1"/>
<pin id="2190" dir="1" index="1" bw="16" slack="1"/>
</pin_list>
<bind>
<opset="mul_ln16_83 "/>
</bind>
</comp>

<comp id="2193" class="1005" name="mul_ln16_88_reg_2193">
<pin_list>
<pin id="2194" dir="0" index="0" bw="16" slack="1"/>
<pin id="2195" dir="1" index="1" bw="16" slack="1"/>
</pin_list>
<bind>
<opset="mul_ln16_88 "/>
</bind>
</comp>

<comp id="2198" class="1005" name="mul_ln16_93_reg_2198">
<pin_list>
<pin id="2199" dir="0" index="0" bw="16" slack="1"/>
<pin id="2200" dir="1" index="1" bw="16" slack="1"/>
</pin_list>
<bind>
<opset="mul_ln16_93 "/>
</bind>
</comp>

<comp id="2203" class="1005" name="mul_ln16_98_reg_2203">
<pin_list>
<pin id="2204" dir="0" index="0" bw="16" slack="1"/>
<pin id="2205" dir="1" index="1" bw="16" slack="1"/>
</pin_list>
<bind>
<opset="mul_ln16_98 "/>
</bind>
</comp>

<comp id="2208" class="1005" name="sext_ln16_49_reg_2208">
<pin_list>
<pin id="2209" dir="0" index="0" bw="16" slack="1"/>
<pin id="2210" dir="1" index="1" bw="16" slack="1"/>
</pin_list>
<bind>
<opset="sext_ln16_49 "/>
</bind>
</comp>

<comp id="2217" class="1005" name="sext_ln16_reg_2217">
<pin_list>
<pin id="2218" dir="0" index="0" bw="16" slack="1"/>
<pin id="2219" dir="1" index="1" bw="16" slack="1"/>
</pin_list>
<bind>
<opset="sext_ln16 "/>
</bind>
</comp>

<comp id="2226" class="1005" name="sext_ln16_1_reg_2226">
<pin_list>
<pin id="2227" dir="0" index="0" bw="16" slack="1"/>
<pin id="2228" dir="1" index="1" bw="16" slack="1"/>
</pin_list>
<bind>
<opset="sext_ln16_1 "/>
</bind>
</comp>

<comp id="2235" class="1005" name="sext_ln16_10_reg_2235">
<pin_list>
<pin id="2236" dir="0" index="0" bw="16" slack="1"/>
<pin id="2237" dir="1" index="1" bw="16" slack="1"/>
</pin_list>
<bind>
<opset="sext_ln16_10 "/>
</bind>
</comp>

<comp id="2244" class="1005" name="sext_ln16_15_reg_2244">
<pin_list>
<pin id="2245" dir="0" index="0" bw="16" slack="1"/>
<pin id="2246" dir="1" index="1" bw="16" slack="1"/>
</pin_list>
<bind>
<opset="sext_ln16_15 "/>
</bind>
</comp>

<comp id="2253" class="1005" name="add_ln16_10_reg_2253">
<pin_list>
<pin id="2254" dir="0" index="0" bw="16" slack="3"/>
<pin id="2255" dir="1" index="1" bw="16" slack="3"/>
</pin_list>
<bind>
<opset="add_ln16_10 "/>
</bind>
</comp>

<comp id="2258" class="1005" name="add_ln16_14_reg_2258">
<pin_list>
<pin id="2259" dir="0" index="0" bw="16" slack="4"/>
<pin id="2260" dir="1" index="1" bw="16" slack="4"/>
</pin_list>
<bind>
<opset="add_ln16_14 "/>
</bind>
</comp>

<comp id="2263" class="1005" name="add_ln16_49_reg_2263">
<pin_list>
<pin id="2264" dir="0" index="0" bw="16" slack="4"/>
<pin id="2265" dir="1" index="1" bw="16" slack="4"/>
</pin_list>
<bind>
<opset="add_ln16_49 "/>
</bind>
</comp>

<comp id="2268" class="1005" name="add_ln16_53_reg_2268">
<pin_list>
<pin id="2269" dir="0" index="0" bw="16" slack="4"/>
<pin id="2270" dir="1" index="1" bw="16" slack="4"/>
</pin_list>
<bind>
<opset="add_ln16_53 "/>
</bind>
</comp>

<comp id="2273" class="1005" name="add_ln16_57_reg_2273">
<pin_list>
<pin id="2274" dir="0" index="0" bw="16" slack="5"/>
<pin id="2275" dir="1" index="1" bw="16" slack="5"/>
</pin_list>
<bind>
<opset="add_ln16_57 "/>
</bind>
</comp>

<comp id="2278" class="1005" name="add_ln16_61_reg_2278">
<pin_list>
<pin id="2279" dir="0" index="0" bw="16" slack="5"/>
<pin id="2280" dir="1" index="1" bw="16" slack="5"/>
</pin_list>
<bind>
<opset="add_ln16_61 "/>
</bind>
</comp>

<comp id="2283" class="1005" name="sext_ln16_48_reg_2283">
<pin_list>
<pin id="2284" dir="0" index="0" bw="16" slack="1"/>
<pin id="2285" dir="1" index="1" bw="16" slack="1"/>
</pin_list>
<bind>
<opset="sext_ln16_48 "/>
</bind>
</comp>

<comp id="2288" class="1005" name="mul_ln16_103_reg_2288">
<pin_list>
<pin id="2289" dir="0" index="0" bw="16" slack="1"/>
<pin id="2290" dir="1" index="1" bw="16" slack="1"/>
</pin_list>
<bind>
<opset="mul_ln16_103 "/>
</bind>
</comp>

<comp id="2293" class="1005" name="mul_ln16_108_reg_2293">
<pin_list>
<pin id="2294" dir="0" index="0" bw="16" slack="1"/>
<pin id="2295" dir="1" index="1" bw="16" slack="1"/>
</pin_list>
<bind>
<opset="mul_ln16_108 "/>
</bind>
</comp>

<comp id="2298" class="1005" name="mul_ln16_113_reg_2298">
<pin_list>
<pin id="2299" dir="0" index="0" bw="16" slack="1"/>
<pin id="2300" dir="1" index="1" bw="16" slack="1"/>
</pin_list>
<bind>
<opset="mul_ln16_113 "/>
</bind>
</comp>

<comp id="2303" class="1005" name="mul_ln16_118_reg_2303">
<pin_list>
<pin id="2304" dir="0" index="0" bw="16" slack="1"/>
<pin id="2305" dir="1" index="1" bw="16" slack="1"/>
</pin_list>
<bind>
<opset="mul_ln16_118 "/>
</bind>
</comp>

<comp id="2308" class="1005" name="sext_ln16_2_reg_2308">
<pin_list>
<pin id="2309" dir="0" index="0" bw="16" slack="1"/>
<pin id="2310" dir="1" index="1" bw="16" slack="1"/>
</pin_list>
<bind>
<opset="sext_ln16_2 "/>
</bind>
</comp>

<comp id="2314" class="1005" name="sext_ln16_3_reg_2314">
<pin_list>
<pin id="2315" dir="0" index="0" bw="16" slack="1"/>
<pin id="2316" dir="1" index="1" bw="16" slack="1"/>
</pin_list>
<bind>
<opset="sext_ln16_3 "/>
</bind>
</comp>

<comp id="2322" class="1005" name="mul_ln16_1_reg_2322">
<pin_list>
<pin id="2323" dir="0" index="0" bw="16" slack="1"/>
<pin id="2324" dir="1" index="1" bw="16" slack="1"/>
</pin_list>
<bind>
<opset="mul_ln16_1 "/>
</bind>
</comp>

<comp id="2327" class="1005" name="sext_ln16_11_reg_2327">
<pin_list>
<pin id="2328" dir="0" index="0" bw="16" slack="1"/>
<pin id="2329" dir="1" index="1" bw="16" slack="1"/>
</pin_list>
<bind>
<opset="sext_ln16_11 "/>
</bind>
</comp>

<comp id="2335" class="1005" name="mul_ln16_6_reg_2335">
<pin_list>
<pin id="2336" dir="0" index="0" bw="16" slack="1"/>
<pin id="2337" dir="1" index="1" bw="16" slack="1"/>
</pin_list>
<bind>
<opset="mul_ln16_6 "/>
</bind>
</comp>

<comp id="2340" class="1005" name="sext_ln16_16_reg_2340">
<pin_list>
<pin id="2341" dir="0" index="0" bw="16" slack="2"/>
<pin id="2342" dir="1" index="1" bw="16" slack="2"/>
</pin_list>
<bind>
<opset="sext_ln16_16 "/>
</bind>
</comp>

<comp id="2348" class="1005" name="mul_ln16_11_reg_2348">
<pin_list>
<pin id="2349" dir="0" index="0" bw="16" slack="1"/>
<pin id="2350" dir="1" index="1" bw="16" slack="1"/>
</pin_list>
<bind>
<opset="mul_ln16_11 "/>
</bind>
</comp>

<comp id="2353" class="1005" name="sext_ln16_20_reg_2353">
<pin_list>
<pin id="2354" dir="0" index="0" bw="16" slack="1"/>
<pin id="2355" dir="1" index="1" bw="16" slack="1"/>
</pin_list>
<bind>
<opset="sext_ln16_20 "/>
</bind>
</comp>

<comp id="2362" class="1005" name="sext_ln16_25_reg_2362">
<pin_list>
<pin id="2363" dir="0" index="0" bw="16" slack="1"/>
<pin id="2364" dir="1" index="1" bw="16" slack="1"/>
</pin_list>
<bind>
<opset="sext_ln16_25 "/>
</bind>
</comp>

<comp id="2371" class="1005" name="add_ln16_18_reg_2371">
<pin_list>
<pin id="2372" dir="0" index="0" bw="16" slack="3"/>
<pin id="2373" dir="1" index="1" bw="16" slack="3"/>
</pin_list>
<bind>
<opset="add_ln16_18 "/>
</bind>
</comp>

<comp id="2376" class="1005" name="sext_ln16_30_reg_2376">
<pin_list>
<pin id="2377" dir="0" index="0" bw="16" slack="1"/>
<pin id="2378" dir="1" index="1" bw="16" slack="1"/>
</pin_list>
<bind>
<opset="sext_ln16_30 "/>
</bind>
</comp>

<comp id="2385" class="1005" name="add_ln16_22_reg_2385">
<pin_list>
<pin id="2386" dir="0" index="0" bw="16" slack="3"/>
<pin id="2387" dir="1" index="1" bw="16" slack="3"/>
</pin_list>
<bind>
<opset="add_ln16_22 "/>
</bind>
</comp>

<comp id="2390" class="1005" name="sext_ln16_37_reg_2390">
<pin_list>
<pin id="2391" dir="0" index="0" bw="16" slack="1"/>
<pin id="2392" dir="1" index="1" bw="16" slack="1"/>
</pin_list>
<bind>
<opset="sext_ln16_37 "/>
</bind>
</comp>

<comp id="2399" class="1005" name="add_ln16_65_reg_2399">
<pin_list>
<pin id="2400" dir="0" index="0" bw="16" slack="5"/>
<pin id="2401" dir="1" index="1" bw="16" slack="5"/>
</pin_list>
<bind>
<opset="add_ln16_65 "/>
</bind>
</comp>

<comp id="2404" class="1005" name="add_ln16_69_reg_2404">
<pin_list>
<pin id="2405" dir="0" index="0" bw="16" slack="5"/>
<pin id="2406" dir="1" index="1" bw="16" slack="5"/>
</pin_list>
<bind>
<opset="add_ln16_69 "/>
</bind>
</comp>

<comp id="2409" class="1005" name="add_ln16_73_reg_2409">
<pin_list>
<pin id="2410" dir="0" index="0" bw="16" slack="6"/>
<pin id="2411" dir="1" index="1" bw="16" slack="6"/>
</pin_list>
<bind>
<opset="add_ln16_73 "/>
</bind>
</comp>

<comp id="2414" class="1005" name="add_ln16_77_reg_2414">
<pin_list>
<pin id="2415" dir="0" index="0" bw="16" slack="6"/>
<pin id="2416" dir="1" index="1" bw="16" slack="6"/>
</pin_list>
<bind>
<opset="add_ln16_77 "/>
</bind>
</comp>

<comp id="2419" class="1005" name="mul_ln16_123_reg_2419">
<pin_list>
<pin id="2420" dir="0" index="0" bw="16" slack="1"/>
<pin id="2421" dir="1" index="1" bw="16" slack="1"/>
</pin_list>
<bind>
<opset="mul_ln16_123 "/>
</bind>
</comp>

<comp id="2424" class="1005" name="sext_ln16_21_reg_2424">
<pin_list>
<pin id="2425" dir="0" index="0" bw="16" slack="1"/>
<pin id="2426" dir="1" index="1" bw="16" slack="1"/>
</pin_list>
<bind>
<opset="sext_ln16_21 "/>
</bind>
</comp>

<comp id="2432" class="1005" name="mul_ln16_16_reg_2432">
<pin_list>
<pin id="2433" dir="0" index="0" bw="16" slack="1"/>
<pin id="2434" dir="1" index="1" bw="16" slack="1"/>
</pin_list>
<bind>
<opset="mul_ln16_16 "/>
</bind>
</comp>

<comp id="2437" class="1005" name="sext_ln16_26_reg_2437">
<pin_list>
<pin id="2438" dir="0" index="0" bw="16" slack="1"/>
<pin id="2439" dir="1" index="1" bw="16" slack="1"/>
</pin_list>
<bind>
<opset="sext_ln16_26 "/>
</bind>
</comp>

<comp id="2445" class="1005" name="mul_ln16_21_reg_2445">
<pin_list>
<pin id="2446" dir="0" index="0" bw="16" slack="1"/>
<pin id="2447" dir="1" index="1" bw="16" slack="1"/>
</pin_list>
<bind>
<opset="mul_ln16_21 "/>
</bind>
</comp>

<comp id="2450" class="1005" name="sext_ln16_31_reg_2450">
<pin_list>
<pin id="2451" dir="0" index="0" bw="16" slack="1"/>
<pin id="2452" dir="1" index="1" bw="16" slack="1"/>
</pin_list>
<bind>
<opset="sext_ln16_31 "/>
</bind>
</comp>

<comp id="2457" class="1005" name="mul_ln16_26_reg_2457">
<pin_list>
<pin id="2458" dir="0" index="0" bw="16" slack="1"/>
<pin id="2459" dir="1" index="1" bw="16" slack="1"/>
</pin_list>
<bind>
<opset="mul_ln16_26 "/>
</bind>
</comp>

<comp id="2462" class="1005" name="mul_ln16_31_reg_2462">
<pin_list>
<pin id="2463" dir="0" index="0" bw="16" slack="1"/>
<pin id="2464" dir="1" index="1" bw="16" slack="1"/>
</pin_list>
<bind>
<opset="mul_ln16_31 "/>
</bind>
</comp>

<comp id="2467" class="1005" name="add_ln16_26_reg_2467">
<pin_list>
<pin id="2468" dir="0" index="0" bw="16" slack="2"/>
<pin id="2469" dir="1" index="1" bw="16" slack="2"/>
</pin_list>
<bind>
<opset="add_ln16_26 "/>
</bind>
</comp>

<comp id="2472" class="1005" name="add_ln16_30_reg_2472">
<pin_list>
<pin id="2473" dir="0" index="0" bw="16" slack="3"/>
<pin id="2474" dir="1" index="1" bw="16" slack="3"/>
</pin_list>
<bind>
<opset="add_ln16_30 "/>
</bind>
</comp>

<comp id="2477" class="1005" name="sext_ln16_35_reg_2477">
<pin_list>
<pin id="2478" dir="0" index="0" bw="16" slack="1"/>
<pin id="2479" dir="1" index="1" bw="16" slack="1"/>
</pin_list>
<bind>
<opset="sext_ln16_35 "/>
</bind>
</comp>

<comp id="2486" class="1005" name="add_ln16_81_reg_2486">
<pin_list>
<pin id="2487" dir="0" index="0" bw="16" slack="6"/>
<pin id="2488" dir="1" index="1" bw="16" slack="6"/>
</pin_list>
<bind>
<opset="add_ln16_81 "/>
</bind>
</comp>

<comp id="2491" class="1005" name="add_ln16_85_reg_2491">
<pin_list>
<pin id="2492" dir="0" index="0" bw="16" slack="6"/>
<pin id="2493" dir="1" index="1" bw="16" slack="6"/>
</pin_list>
<bind>
<opset="add_ln16_85 "/>
</bind>
</comp>

<comp id="2496" class="1005" name="add_ln16_89_reg_2496">
<pin_list>
<pin id="2497" dir="0" index="0" bw="16" slack="6"/>
<pin id="2498" dir="1" index="1" bw="16" slack="6"/>
</pin_list>
<bind>
<opset="add_ln16_89 "/>
</bind>
</comp>

<comp id="2501" class="1005" name="add_ln16_93_reg_2501">
<pin_list>
<pin id="2502" dir="0" index="0" bw="16" slack="6"/>
<pin id="2503" dir="1" index="1" bw="16" slack="6"/>
</pin_list>
<bind>
<opset="add_ln16_93 "/>
</bind>
</comp>

<comp id="2506" class="1005" name="add_ln16_3_reg_2506">
<pin_list>
<pin id="2507" dir="0" index="0" bw="16" slack="1"/>
<pin id="2508" dir="1" index="1" bw="16" slack="1"/>
</pin_list>
<bind>
<opset="add_ln16_3 "/>
</bind>
</comp>

<comp id="2511" class="1005" name="add_ln16_7_reg_2511">
<pin_list>
<pin id="2512" dir="0" index="0" bw="16" slack="1"/>
<pin id="2513" dir="1" index="1" bw="16" slack="1"/>
</pin_list>
<bind>
<opset="add_ln16_7 "/>
</bind>
</comp>

<comp id="2516" class="1005" name="add_ln16_11_reg_2516">
<pin_list>
<pin id="2517" dir="0" index="0" bw="16" slack="2"/>
<pin id="2518" dir="1" index="1" bw="16" slack="2"/>
</pin_list>
<bind>
<opset="add_ln16_11 "/>
</bind>
</comp>

<comp id="2521" class="1005" name="mul_ln16_36_reg_2521">
<pin_list>
<pin id="2522" dir="0" index="0" bw="16" slack="1"/>
<pin id="2523" dir="1" index="1" bw="16" slack="1"/>
</pin_list>
<bind>
<opset="mul_ln16_36 "/>
</bind>
</comp>

<comp id="2526" class="1005" name="mul_ln16_41_reg_2526">
<pin_list>
<pin id="2527" dir="0" index="0" bw="16" slack="1"/>
<pin id="2528" dir="1" index="1" bw="16" slack="1"/>
</pin_list>
<bind>
<opset="mul_ln16_41 "/>
</bind>
</comp>

<comp id="2531" class="1005" name="add_ln16_34_reg_2531">
<pin_list>
<pin id="2532" dir="0" index="0" bw="16" slack="2"/>
<pin id="2533" dir="1" index="1" bw="16" slack="2"/>
</pin_list>
<bind>
<opset="add_ln16_34 "/>
</bind>
</comp>

<comp id="2536" class="1005" name="mul_ln16_46_reg_2536">
<pin_list>
<pin id="2537" dir="0" index="0" bw="16" slack="1"/>
<pin id="2538" dir="1" index="1" bw="16" slack="1"/>
</pin_list>
<bind>
<opset="mul_ln16_46 "/>
</bind>
</comp>

<comp id="2541" class="1005" name="add_ln16_38_reg_2541">
<pin_list>
<pin id="2542" dir="0" index="0" bw="16" slack="2"/>
<pin id="2543" dir="1" index="1" bw="16" slack="2"/>
</pin_list>
<bind>
<opset="add_ln16_38 "/>
</bind>
</comp>

<comp id="2546" class="1005" name="sext_ln16_36_reg_2546">
<pin_list>
<pin id="2547" dir="0" index="0" bw="16" slack="1"/>
<pin id="2548" dir="1" index="1" bw="16" slack="1"/>
</pin_list>
<bind>
<opset="sext_ln16_36 "/>
</bind>
</comp>

<comp id="2554" class="1005" name="mul_ln16_51_reg_2554">
<pin_list>
<pin id="2555" dir="0" index="0" bw="16" slack="1"/>
<pin id="2556" dir="1" index="1" bw="16" slack="1"/>
</pin_list>
<bind>
<opset="mul_ln16_51 "/>
</bind>
</comp>

<comp id="2559" class="1005" name="sext_ln16_42_reg_2559">
<pin_list>
<pin id="2560" dir="0" index="0" bw="16" slack="1"/>
<pin id="2561" dir="1" index="1" bw="16" slack="1"/>
</pin_list>
<bind>
<opset="sext_ln16_42 "/>
</bind>
</comp>

<comp id="2568" class="1005" name="add_ln16_97_reg_2568">
<pin_list>
<pin id="2569" dir="0" index="0" bw="16" slack="6"/>
<pin id="2570" dir="1" index="1" bw="16" slack="6"/>
</pin_list>
<bind>
<opset="add_ln16_97 "/>
</bind>
</comp>

<comp id="2573" class="1005" name="add_ln16_15_reg_2573">
<pin_list>
<pin id="2574" dir="0" index="0" bw="16" slack="1"/>
<pin id="2575" dir="1" index="1" bw="16" slack="1"/>
</pin_list>
<bind>
<opset="add_ln16_15 "/>
</bind>
</comp>

<comp id="2578" class="1005" name="add_ln16_19_reg_2578">
<pin_list>
<pin id="2579" dir="0" index="0" bw="16" slack="2"/>
<pin id="2580" dir="1" index="1" bw="16" slack="2"/>
</pin_list>
<bind>
<opset="add_ln16_19 "/>
</bind>
</comp>

<comp id="2583" class="1005" name="add_ln16_23_reg_2583">
<pin_list>
<pin id="2584" dir="0" index="0" bw="16" slack="2"/>
<pin id="2585" dir="1" index="1" bw="16" slack="2"/>
</pin_list>
<bind>
<opset="add_ln16_23 "/>
</bind>
</comp>

<comp id="2588" class="1005" name="add_ln16_27_reg_2588">
<pin_list>
<pin id="2589" dir="0" index="0" bw="16" slack="3"/>
<pin id="2590" dir="1" index="1" bw="16" slack="3"/>
</pin_list>
<bind>
<opset="add_ln16_27 "/>
</bind>
</comp>

<comp id="2593" class="1005" name="add_ln16_42_reg_2593">
<pin_list>
<pin id="2594" dir="0" index="0" bw="16" slack="1"/>
<pin id="2595" dir="1" index="1" bw="16" slack="1"/>
</pin_list>
<bind>
<opset="add_ln16_42 "/>
</bind>
</comp>

<comp id="2598" class="1005" name="mul_ln16_56_reg_2598">
<pin_list>
<pin id="2599" dir="0" index="0" bw="16" slack="1"/>
<pin id="2600" dir="1" index="1" bw="16" slack="1"/>
</pin_list>
<bind>
<opset="mul_ln16_56 "/>
</bind>
</comp>

<comp id="2603" class="1005" name="add_ln16_46_reg_2603">
<pin_list>
<pin id="2604" dir="0" index="0" bw="16" slack="2"/>
<pin id="2605" dir="1" index="1" bw="16" slack="2"/>
</pin_list>
<bind>
<opset="add_ln16_46 "/>
</bind>
</comp>

<comp id="2608" class="1005" name="mul_ln16_61_reg_2608">
<pin_list>
<pin id="2609" dir="0" index="0" bw="16" slack="1"/>
<pin id="2610" dir="1" index="1" bw="16" slack="1"/>
</pin_list>
<bind>
<opset="mul_ln16_61 "/>
</bind>
</comp>

<comp id="2613" class="1005" name="mul_ln16_66_reg_2613">
<pin_list>
<pin id="2614" dir="0" index="0" bw="16" slack="1"/>
<pin id="2615" dir="1" index="1" bw="16" slack="1"/>
</pin_list>
<bind>
<opset="mul_ln16_66 "/>
</bind>
</comp>

<comp id="2618" class="1005" name="mul_ln16_71_reg_2618">
<pin_list>
<pin id="2619" dir="0" index="0" bw="16" slack="1"/>
<pin id="2620" dir="1" index="1" bw="16" slack="1"/>
</pin_list>
<bind>
<opset="mul_ln16_71 "/>
</bind>
</comp>

<comp id="2623" class="1005" name="sext_ln16_40_reg_2623">
<pin_list>
<pin id="2624" dir="0" index="0" bw="16" slack="1"/>
<pin id="2625" dir="1" index="1" bw="16" slack="1"/>
</pin_list>
<bind>
<opset="sext_ln16_40 "/>
</bind>
</comp>

<comp id="2632" class="1005" name="add_ln16_31_reg_2632">
<pin_list>
<pin id="2633" dir="0" index="0" bw="16" slack="2"/>
<pin id="2634" dir="1" index="1" bw="16" slack="2"/>
</pin_list>
<bind>
<opset="add_ln16_31 "/>
</bind>
</comp>

<comp id="2637" class="1005" name="add_ln16_35_reg_2637">
<pin_list>
<pin id="2638" dir="0" index="0" bw="16" slack="3"/>
<pin id="2639" dir="1" index="1" bw="16" slack="3"/>
</pin_list>
<bind>
<opset="add_ln16_35 "/>
</bind>
</comp>

<comp id="2642" class="1005" name="add_ln16_39_reg_2642">
<pin_list>
<pin id="2643" dir="0" index="0" bw="16" slack="3"/>
<pin id="2644" dir="1" index="1" bw="16" slack="3"/>
</pin_list>
<bind>
<opset="add_ln16_39 "/>
</bind>
</comp>

<comp id="2647" class="1005" name="add_ln16_43_reg_2647">
<pin_list>
<pin id="2648" dir="0" index="0" bw="16" slack="4"/>
<pin id="2649" dir="1" index="1" bw="16" slack="4"/>
</pin_list>
<bind>
<opset="add_ln16_43 "/>
</bind>
</comp>

<comp id="2652" class="1005" name="add_ln16_50_reg_2652">
<pin_list>
<pin id="2653" dir="0" index="0" bw="16" slack="1"/>
<pin id="2654" dir="1" index="1" bw="16" slack="1"/>
</pin_list>
<bind>
<opset="add_ln16_50 "/>
</bind>
</comp>

<comp id="2657" class="1005" name="add_ln16_54_reg_2657">
<pin_list>
<pin id="2658" dir="0" index="0" bw="16" slack="1"/>
<pin id="2659" dir="1" index="1" bw="16" slack="1"/>
</pin_list>
<bind>
<opset="add_ln16_54 "/>
</bind>
</comp>

<comp id="2662" class="1005" name="sext_ln16_41_reg_2662">
<pin_list>
<pin id="2663" dir="0" index="0" bw="16" slack="1"/>
<pin id="2664" dir="1" index="1" bw="16" slack="1"/>
</pin_list>
<bind>
<opset="sext_ln16_41 "/>
</bind>
</comp>

<comp id="2667" class="1005" name="mul_ln16_76_reg_2667">
<pin_list>
<pin id="2668" dir="0" index="0" bw="16" slack="1"/>
<pin id="2669" dir="1" index="1" bw="16" slack="1"/>
</pin_list>
<bind>
<opset="mul_ln16_76 "/>
</bind>
</comp>

<comp id="2672" class="1005" name="mul_ln16_81_reg_2672">
<pin_list>
<pin id="2673" dir="0" index="0" bw="16" slack="1"/>
<pin id="2674" dir="1" index="1" bw="16" slack="1"/>
</pin_list>
<bind>
<opset="mul_ln16_81 "/>
</bind>
</comp>

<comp id="2677" class="1005" name="mul_ln16_86_reg_2677">
<pin_list>
<pin id="2678" dir="0" index="0" bw="16" slack="1"/>
<pin id="2679" dir="1" index="1" bw="16" slack="1"/>
</pin_list>
<bind>
<opset="mul_ln16_86 "/>
</bind>
</comp>

<comp id="2682" class="1005" name="mul_ln16_91_reg_2682">
<pin_list>
<pin id="2683" dir="0" index="0" bw="16" slack="1"/>
<pin id="2684" dir="1" index="1" bw="16" slack="1"/>
</pin_list>
<bind>
<opset="mul_ln16_91 "/>
</bind>
</comp>

<comp id="2687" class="1005" name="sext_ln16_45_reg_2687">
<pin_list>
<pin id="2688" dir="0" index="0" bw="16" slack="1"/>
<pin id="2689" dir="1" index="1" bw="16" slack="1"/>
</pin_list>
<bind>
<opset="sext_ln16_45 "/>
</bind>
</comp>

<comp id="2696" class="1005" name="add_ln16_47_reg_2696">
<pin_list>
<pin id="2697" dir="0" index="0" bw="16" slack="3"/>
<pin id="2698" dir="1" index="1" bw="16" slack="3"/>
</pin_list>
<bind>
<opset="add_ln16_47 "/>
</bind>
</comp>

<comp id="2701" class="1005" name="add_ln16_51_reg_2701">
<pin_list>
<pin id="2702" dir="0" index="0" bw="16" slack="4"/>
<pin id="2703" dir="1" index="1" bw="16" slack="4"/>
</pin_list>
<bind>
<opset="add_ln16_51 "/>
</bind>
</comp>

<comp id="2706" class="1005" name="add_ln16_55_reg_2706">
<pin_list>
<pin id="2707" dir="0" index="0" bw="16" slack="4"/>
<pin id="2708" dir="1" index="1" bw="16" slack="4"/>
</pin_list>
<bind>
<opset="add_ln16_55 "/>
</bind>
</comp>

<comp id="2711" class="1005" name="add_ln16_59_reg_2711">
<pin_list>
<pin id="2712" dir="0" index="0" bw="16" slack="5"/>
<pin id="2713" dir="1" index="1" bw="16" slack="5"/>
</pin_list>
<bind>
<opset="add_ln16_59 "/>
</bind>
</comp>

<comp id="2716" class="1005" name="add_ln16_62_reg_2716">
<pin_list>
<pin id="2717" dir="0" index="0" bw="16" slack="1"/>
<pin id="2718" dir="1" index="1" bw="16" slack="1"/>
</pin_list>
<bind>
<opset="add_ln16_62 "/>
</bind>
</comp>

<comp id="2721" class="1005" name="mul_ln16_96_reg_2721">
<pin_list>
<pin id="2722" dir="0" index="0" bw="16" slack="1"/>
<pin id="2723" dir="1" index="1" bw="16" slack="1"/>
</pin_list>
<bind>
<opset="mul_ln16_96 "/>
</bind>
</comp>

<comp id="2726" class="1005" name="sext_ln16_46_reg_2726">
<pin_list>
<pin id="2727" dir="0" index="0" bw="16" slack="1"/>
<pin id="2728" dir="1" index="1" bw="16" slack="1"/>
</pin_list>
<bind>
<opset="sext_ln16_46 "/>
</bind>
</comp>

<comp id="2732" class="1005" name="mul_ln16_101_reg_2732">
<pin_list>
<pin id="2733" dir="0" index="0" bw="16" slack="1"/>
<pin id="2734" dir="1" index="1" bw="16" slack="1"/>
</pin_list>
<bind>
<opset="mul_ln16_101 "/>
</bind>
</comp>

<comp id="2737" class="1005" name="sext_ln16_47_reg_2737">
<pin_list>
<pin id="2738" dir="0" index="0" bw="16" slack="1"/>
<pin id="2739" dir="1" index="1" bw="16" slack="1"/>
</pin_list>
<bind>
<opset="sext_ln16_47 "/>
</bind>
</comp>

<comp id="2746" class="1005" name="mul_ln16_106_reg_2746">
<pin_list>
<pin id="2747" dir="0" index="0" bw="16" slack="1"/>
<pin id="2748" dir="1" index="1" bw="16" slack="1"/>
</pin_list>
<bind>
<opset="mul_ln16_106 "/>
</bind>
</comp>

<comp id="2751" class="1005" name="mul_ln16_111_reg_2751">
<pin_list>
<pin id="2752" dir="0" index="0" bw="16" slack="1"/>
<pin id="2753" dir="1" index="1" bw="16" slack="1"/>
</pin_list>
<bind>
<opset="mul_ln16_111 "/>
</bind>
</comp>

<comp id="2756" class="1005" name="add_ln16_63_reg_2756">
<pin_list>
<pin id="2757" dir="0" index="0" bw="16" slack="4"/>
<pin id="2758" dir="1" index="1" bw="16" slack="4"/>
</pin_list>
<bind>
<opset="add_ln16_63 "/>
</bind>
</comp>

<comp id="2761" class="1005" name="add_ln16_67_reg_2761">
<pin_list>
<pin id="2762" dir="0" index="0" bw="16" slack="5"/>
<pin id="2763" dir="1" index="1" bw="16" slack="5"/>
</pin_list>
<bind>
<opset="add_ln16_67 "/>
</bind>
</comp>

<comp id="2766" class="1005" name="add_ln16_71_reg_2766">
<pin_list>
<pin id="2767" dir="0" index="0" bw="16" slack="5"/>
<pin id="2768" dir="1" index="1" bw="16" slack="5"/>
</pin_list>
<bind>
<opset="add_ln16_71 "/>
</bind>
</comp>

<comp id="2771" class="1005" name="add_ln16_72_reg_2771">
<pin_list>
<pin id="2772" dir="0" index="0" bw="16" slack="1"/>
<pin id="2773" dir="1" index="1" bw="16" slack="1"/>
</pin_list>
<bind>
<opset="add_ln16_72 "/>
</bind>
</comp>

<comp id="2776" class="1005" name="mul_ln16_116_reg_2776">
<pin_list>
<pin id="2777" dir="0" index="0" bw="16" slack="1"/>
<pin id="2778" dir="1" index="1" bw="16" slack="1"/>
</pin_list>
<bind>
<opset="mul_ln16_116 "/>
</bind>
</comp>

<comp id="2781" class="1005" name="mul_ln16_121_reg_2781">
<pin_list>
<pin id="2782" dir="0" index="0" bw="16" slack="1"/>
<pin id="2783" dir="1" index="1" bw="16" slack="1"/>
</pin_list>
<bind>
<opset="mul_ln16_121 "/>
</bind>
</comp>

<comp id="2786" class="1005" name="add_ln16_75_reg_2786">
<pin_list>
<pin id="2787" dir="0" index="0" bw="16" slack="5"/>
<pin id="2788" dir="1" index="1" bw="16" slack="5"/>
</pin_list>
<bind>
<opset="add_ln16_75 "/>
</bind>
</comp>

<comp id="2791" class="1005" name="add_ln16_79_reg_2791">
<pin_list>
<pin id="2792" dir="0" index="0" bw="16" slack="5"/>
<pin id="2793" dir="1" index="1" bw="16" slack="5"/>
</pin_list>
<bind>
<opset="add_ln16_79 "/>
</bind>
</comp>

<comp id="2796" class="1005" name="add_ln16_80_reg_2796">
<pin_list>
<pin id="2797" dir="0" index="0" bw="16" slack="1"/>
<pin id="2798" dir="1" index="1" bw="16" slack="1"/>
</pin_list>
<bind>
<opset="add_ln16_80 "/>
</bind>
</comp>

<comp id="2801" class="1005" name="add_ln16_84_reg_2801">
<pin_list>
<pin id="2802" dir="0" index="0" bw="16" slack="1"/>
<pin id="2803" dir="1" index="1" bw="16" slack="1"/>
</pin_list>
<bind>
<opset="add_ln16_84 "/>
</bind>
</comp>

<comp id="2806" class="1005" name="add_ln16_88_reg_2806">
<pin_list>
<pin id="2807" dir="0" index="0" bw="16" slack="1"/>
<pin id="2808" dir="1" index="1" bw="16" slack="1"/>
</pin_list>
<bind>
<opset="add_ln16_88 "/>
</bind>
</comp>

<comp id="2811" class="1005" name="add_ln16_83_reg_2811">
<pin_list>
<pin id="2812" dir="0" index="0" bw="16" slack="5"/>
<pin id="2813" dir="1" index="1" bw="16" slack="5"/>
</pin_list>
<bind>
<opset="add_ln16_83 "/>
</bind>
</comp>

<comp id="2816" class="1005" name="add_ln16_87_reg_2816">
<pin_list>
<pin id="2817" dir="0" index="0" bw="16" slack="5"/>
<pin id="2818" dir="1" index="1" bw="16" slack="5"/>
</pin_list>
<bind>
<opset="add_ln16_87 "/>
</bind>
</comp>

<comp id="2821" class="1005" name="add_ln16_91_reg_2821">
<pin_list>
<pin id="2822" dir="0" index="0" bw="16" slack="6"/>
<pin id="2823" dir="1" index="1" bw="16" slack="6"/>
</pin_list>
<bind>
<opset="add_ln16_91 "/>
</bind>
</comp>

<comp id="2826" class="1005" name="add_ln16_95_reg_2826">
<pin_list>
<pin id="2827" dir="0" index="0" bw="16" slack="6"/>
<pin id="2828" dir="1" index="1" bw="16" slack="6"/>
</pin_list>
<bind>
<opset="add_ln16_95 "/>
</bind>
</comp>

<comp id="2831" class="1005" name="add_ln16_96_reg_2831">
<pin_list>
<pin id="2832" dir="0" index="0" bw="16" slack="1"/>
<pin id="2833" dir="1" index="1" bw="16" slack="1"/>
</pin_list>
<bind>
<opset="add_ln16_96 "/>
</bind>
</comp>

<comp id="2836" class="1005" name="add_ln16_99_reg_2836">
<pin_list>
<pin id="2837" dir="0" index="0" bw="16" slack="6"/>
<pin id="2838" dir="1" index="1" bw="16" slack="6"/>
</pin_list>
<bind>
<opset="add_ln16_99 "/>
</bind>
</comp>

</comp_list>

<net_list>
<net id="97"><net_src comp="0" pin="0"/><net_sink comp="92" pin=0"/></net>

<net id="98"><net_src comp="6" pin="0"/><net_sink comp="92" pin=1"/></net>

<net id="99"><net_src comp="6" pin="0"/><net_sink comp="92" pin=2"/></net>

<net id="109"><net_src comp="92" pin="3"/><net_sink comp="100" pin=2"/></net>

<net id="115"><net_src comp="2" pin="0"/><net_sink comp="110" pin=0"/></net>

<net id="116"><net_src comp="6" pin="0"/><net_sink comp="110" pin=1"/></net>

<net id="117"><net_src comp="6" pin="0"/><net_sink comp="110" pin=2"/></net>

<net id="127"><net_src comp="110" pin="3"/><net_sink comp="118" pin=2"/></net>

<net id="133"><net_src comp="2" pin="0"/><net_sink comp="128" pin=0"/></net>

<net id="134"><net_src comp="6" pin="0"/><net_sink comp="128" pin=1"/></net>

<net id="135"><net_src comp="8" pin="0"/><net_sink comp="128" pin=2"/></net>

<net id="136"><net_src comp="128" pin="3"/><net_sink comp="118" pin=0"/></net>

<net id="142"><net_src comp="0" pin="0"/><net_sink comp="137" pin=0"/></net>

<net id="143"><net_src comp="6" pin="0"/><net_sink comp="137" pin=1"/></net>

<net id="144"><net_src comp="8" pin="0"/><net_sink comp="137" pin=2"/></net>

<net id="145"><net_src comp="137" pin="3"/><net_sink comp="100" pin=0"/></net>

<net id="151"><net_src comp="2" pin="0"/><net_sink comp="146" pin=0"/></net>

<net id="152"><net_src comp="6" pin="0"/><net_sink comp="146" pin=1"/></net>

<net id="153"><net_src comp="28" pin="0"/><net_sink comp="146" pin=2"/></net>

<net id="154"><net_src comp="146" pin="3"/><net_sink comp="118" pin=2"/></net>

<net id="160"><net_src comp="2" pin="0"/><net_sink comp="155" pin=0"/></net>

<net id="161"><net_src comp="6" pin="0"/><net_sink comp="155" pin=1"/></net>

<net id="162"><net_src comp="30" pin="0"/><net_sink comp="155" pin=2"/></net>

<net id="163"><net_src comp="155" pin="3"/><net_sink comp="118" pin=0"/></net>

<net id="169"><net_src comp="0" pin="0"/><net_sink comp="164" pin=0"/></net>

<net id="170"><net_src comp="6" pin="0"/><net_sink comp="164" pin=1"/></net>

<net id="171"><net_src comp="28" pin="0"/><net_sink comp="164" pin=2"/></net>

<net id="172"><net_src comp="164" pin="3"/><net_sink comp="100" pin=2"/></net>

<net id="178"><net_src comp="0" pin="0"/><net_sink comp="173" pin=0"/></net>

<net id="179"><net_src comp="6" pin="0"/><net_sink comp="173" pin=1"/></net>

<net id="180"><net_src comp="30" pin="0"/><net_sink comp="173" pin=2"/></net>

<net id="181"><net_src comp="173" pin="3"/><net_sink comp="100" pin=0"/></net>

<net id="187"><net_src comp="2" pin="0"/><net_sink comp="182" pin=0"/></net>

<net id="188"><net_src comp="6" pin="0"/><net_sink comp="182" pin=1"/></net>

<net id="189"><net_src comp="32" pin="0"/><net_sink comp="182" pin=2"/></net>

<net id="190"><net_src comp="182" pin="3"/><net_sink comp="118" pin=0"/></net>

<net id="196"><net_src comp="0" pin="0"/><net_sink comp="191" pin=0"/></net>

<net id="197"><net_src comp="6" pin="0"/><net_sink comp="191" pin=1"/></net>

<net id="198"><net_src comp="32" pin="0"/><net_sink comp="191" pin=2"/></net>

<net id="199"><net_src comp="191" pin="3"/><net_sink comp="100" pin=0"/></net>

<net id="205"><net_src comp="4" pin="0"/><net_sink comp="200" pin=0"/></net>

<net id="206"><net_src comp="6" pin="0"/><net_sink comp="200" pin=1"/></net>

<net id="207"><net_src comp="6" pin="0"/><net_sink comp="200" pin=2"/></net>

<net id="213"><net_src comp="4" pin="0"/><net_sink comp="208" pin=0"/></net>

<net id="214"><net_src comp="6" pin="0"/><net_sink comp="208" pin=1"/></net>

<net id="215"><net_src comp="8" pin="0"/><net_sink comp="208" pin=2"/></net>

<net id="221"><net_src comp="200" pin="3"/><net_sink comp="216" pin=0"/></net>

<net id="226"><net_src comp="208" pin="3"/><net_sink comp="216" pin=2"/></net>

<net id="232"><net_src comp="4" pin="0"/><net_sink comp="227" pin=0"/></net>

<net id="233"><net_src comp="6" pin="0"/><net_sink comp="227" pin=1"/></net>

<net id="234"><net_src comp="28" pin="0"/><net_sink comp="227" pin=2"/></net>

<net id="240"><net_src comp="4" pin="0"/><net_sink comp="235" pin=0"/></net>

<net id="241"><net_src comp="6" pin="0"/><net_sink comp="235" pin=1"/></net>

<net id="242"><net_src comp="30" pin="0"/><net_sink comp="235" pin=2"/></net>

<net id="243"><net_src comp="227" pin="3"/><net_sink comp="216" pin=0"/></net>

<net id="244"><net_src comp="235" pin="3"/><net_sink comp="216" pin=2"/></net>

<net id="250"><net_src comp="4" pin="0"/><net_sink comp="245" pin=0"/></net>

<net id="251"><net_src comp="6" pin="0"/><net_sink comp="245" pin=1"/></net>

<net id="252"><net_src comp="32" pin="0"/><net_sink comp="245" pin=2"/></net>

<net id="258"><net_src comp="4" pin="0"/><net_sink comp="253" pin=0"/></net>

<net id="259"><net_src comp="6" pin="0"/><net_sink comp="253" pin=1"/></net>

<net id="260"><net_src comp="34" pin="0"/><net_sink comp="253" pin=2"/></net>

<net id="261"><net_src comp="245" pin="3"/><net_sink comp="216" pin=2"/></net>

<net id="262"><net_src comp="253" pin="3"/><net_sink comp="216" pin=0"/></net>

<net id="268"><net_src comp="4" pin="0"/><net_sink comp="263" pin=0"/></net>

<net id="269"><net_src comp="6" pin="0"/><net_sink comp="263" pin=1"/></net>

<net id="270"><net_src comp="36" pin="0"/><net_sink comp="263" pin=2"/></net>

<net id="276"><net_src comp="4" pin="0"/><net_sink comp="271" pin=0"/></net>

<net id="277"><net_src comp="6" pin="0"/><net_sink comp="271" pin=1"/></net>

<net id="278"><net_src comp="38" pin="0"/><net_sink comp="271" pin=2"/></net>

<net id="279"><net_src comp="263" pin="3"/><net_sink comp="216" pin=2"/></net>

<net id="280"><net_src comp="271" pin="3"/><net_sink comp="216" pin=0"/></net>

<net id="286"><net_src comp="4" pin="0"/><net_sink comp="281" pin=0"/></net>

<net id="287"><net_src comp="6" pin="0"/><net_sink comp="281" pin=1"/></net>

<net id="288"><net_src comp="40" pin="0"/><net_sink comp="281" pin=2"/></net>

<net id="294"><net_src comp="4" pin="0"/><net_sink comp="289" pin=0"/></net>

<net id="295"><net_src comp="6" pin="0"/><net_sink comp="289" pin=1"/></net>

<net id="296"><net_src comp="42" pin="0"/><net_sink comp="289" pin=2"/></net>

<net id="297"><net_src comp="281" pin="3"/><net_sink comp="216" pin=2"/></net>

<net id="298"><net_src comp="289" pin="3"/><net_sink comp="216" pin=0"/></net>

<net id="304"><net_src comp="4" pin="0"/><net_sink comp="299" pin=0"/></net>

<net id="305"><net_src comp="6" pin="0"/><net_sink comp="299" pin=1"/></net>

<net id="306"><net_src comp="44" pin="0"/><net_sink comp="299" pin=2"/></net>

<net id="312"><net_src comp="4" pin="0"/><net_sink comp="307" pin=0"/></net>

<net id="313"><net_src comp="6" pin="0"/><net_sink comp="307" pin=1"/></net>

<net id="314"><net_src comp="46" pin="0"/><net_sink comp="307" pin=2"/></net>

<net id="315"><net_src comp="299" pin="3"/><net_sink comp="216" pin=2"/></net>

<net id="316"><net_src comp="307" pin="3"/><net_sink comp="216" pin=0"/></net>

<net id="322"><net_src comp="4" pin="0"/><net_sink comp="317" pin=0"/></net>

<net id="323"><net_src comp="6" pin="0"/><net_sink comp="317" pin=1"/></net>

<net id="324"><net_src comp="48" pin="0"/><net_sink comp="317" pin=2"/></net>

<net id="330"><net_src comp="4" pin="0"/><net_sink comp="325" pin=0"/></net>

<net id="331"><net_src comp="6" pin="0"/><net_sink comp="325" pin=1"/></net>

<net id="332"><net_src comp="50" pin="0"/><net_sink comp="325" pin=2"/></net>

<net id="333"><net_src comp="317" pin="3"/><net_sink comp="216" pin=2"/></net>

<net id="334"><net_src comp="325" pin="3"/><net_sink comp="216" pin=0"/></net>

<net id="340"><net_src comp="4" pin="0"/><net_sink comp="335" pin=0"/></net>

<net id="341"><net_src comp="6" pin="0"/><net_sink comp="335" pin=1"/></net>

<net id="342"><net_src comp="52" pin="0"/><net_sink comp="335" pin=2"/></net>

<net id="348"><net_src comp="4" pin="0"/><net_sink comp="343" pin=0"/></net>

<net id="349"><net_src comp="6" pin="0"/><net_sink comp="343" pin=1"/></net>

<net id="350"><net_src comp="54" pin="0"/><net_sink comp="343" pin=2"/></net>

<net id="351"><net_src comp="335" pin="3"/><net_sink comp="216" pin=2"/></net>

<net id="352"><net_src comp="343" pin="3"/><net_sink comp="216" pin=0"/></net>

<net id="358"><net_src comp="4" pin="0"/><net_sink comp="353" pin=0"/></net>

<net id="359"><net_src comp="6" pin="0"/><net_sink comp="353" pin=1"/></net>

<net id="360"><net_src comp="56" pin="0"/><net_sink comp="353" pin=2"/></net>

<net id="366"><net_src comp="4" pin="0"/><net_sink comp="361" pin=0"/></net>

<net id="367"><net_src comp="6" pin="0"/><net_sink comp="361" pin=1"/></net>

<net id="368"><net_src comp="58" pin="0"/><net_sink comp="361" pin=2"/></net>

<net id="369"><net_src comp="353" pin="3"/><net_sink comp="216" pin=2"/></net>

<net id="370"><net_src comp="361" pin="3"/><net_sink comp="216" pin=0"/></net>

<net id="376"><net_src comp="4" pin="0"/><net_sink comp="371" pin=0"/></net>

<net id="377"><net_src comp="6" pin="0"/><net_sink comp="371" pin=1"/></net>

<net id="378"><net_src comp="60" pin="0"/><net_sink comp="371" pin=2"/></net>

<net id="384"><net_src comp="4" pin="0"/><net_sink comp="379" pin=0"/></net>

<net id="385"><net_src comp="6" pin="0"/><net_sink comp="379" pin=1"/></net>

<net id="386"><net_src comp="62" pin="0"/><net_sink comp="379" pin=2"/></net>

<net id="387"><net_src comp="371" pin="3"/><net_sink comp="216" pin=2"/></net>

<net id="388"><net_src comp="379" pin="3"/><net_sink comp="216" pin=0"/></net>

<net id="394"><net_src comp="4" pin="0"/><net_sink comp="389" pin=0"/></net>

<net id="395"><net_src comp="6" pin="0"/><net_sink comp="389" pin=1"/></net>

<net id="396"><net_src comp="64" pin="0"/><net_sink comp="389" pin=2"/></net>

<net id="402"><net_src comp="4" pin="0"/><net_sink comp="397" pin=0"/></net>

<net id="403"><net_src comp="6" pin="0"/><net_sink comp="397" pin=1"/></net>

<net id="404"><net_src comp="66" pin="0"/><net_sink comp="397" pin=2"/></net>

<net id="405"><net_src comp="389" pin="3"/><net_sink comp="216" pin=2"/></net>

<net id="406"><net_src comp="397" pin="3"/><net_sink comp="216" pin=0"/></net>

<net id="412"><net_src comp="4" pin="0"/><net_sink comp="407" pin=0"/></net>

<net id="413"><net_src comp="6" pin="0"/><net_sink comp="407" pin=1"/></net>

<net id="414"><net_src comp="68" pin="0"/><net_sink comp="407" pin=2"/></net>

<net id="420"><net_src comp="4" pin="0"/><net_sink comp="415" pin=0"/></net>

<net id="421"><net_src comp="6" pin="0"/><net_sink comp="415" pin=1"/></net>

<net id="422"><net_src comp="70" pin="0"/><net_sink comp="415" pin=2"/></net>

<net id="423"><net_src comp="407" pin="3"/><net_sink comp="216" pin=2"/></net>

<net id="424"><net_src comp="415" pin="3"/><net_sink comp="216" pin=0"/></net>

<net id="430"><net_src comp="4" pin="0"/><net_sink comp="425" pin=0"/></net>

<net id="431"><net_src comp="6" pin="0"/><net_sink comp="425" pin=1"/></net>

<net id="432"><net_src comp="72" pin="0"/><net_sink comp="425" pin=2"/></net>

<net id="433"><net_src comp="425" pin="3"/><net_sink comp="216" pin=0"/></net>

<net id="440"><net_src comp="10" pin="0"/><net_sink comp="434" pin=0"/></net>

<net id="441"><net_src comp="100" pin="7"/><net_sink comp="434" pin=1"/></net>

<net id="442"><net_src comp="12" pin="0"/><net_sink comp="434" pin=2"/></net>

<net id="443"><net_src comp="14" pin="0"/><net_sink comp="434" pin=3"/></net>

<net id="450"><net_src comp="10" pin="0"/><net_sink comp="444" pin=0"/></net>

<net id="451"><net_src comp="118" pin="7"/><net_sink comp="444" pin=1"/></net>

<net id="452"><net_src comp="12" pin="0"/><net_sink comp="444" pin=2"/></net>

<net id="453"><net_src comp="14" pin="0"/><net_sink comp="444" pin=3"/></net>

<net id="460"><net_src comp="10" pin="0"/><net_sink comp="454" pin=0"/></net>

<net id="461"><net_src comp="100" pin="7"/><net_sink comp="454" pin=1"/></net>

<net id="462"><net_src comp="16" pin="0"/><net_sink comp="454" pin=2"/></net>

<net id="463"><net_src comp="18" pin="0"/><net_sink comp="454" pin=3"/></net>

<net id="470"><net_src comp="10" pin="0"/><net_sink comp="464" pin=0"/></net>

<net id="471"><net_src comp="118" pin="7"/><net_sink comp="464" pin=1"/></net>

<net id="472"><net_src comp="16" pin="0"/><net_sink comp="464" pin=2"/></net>

<net id="473"><net_src comp="18" pin="0"/><net_sink comp="464" pin=3"/></net>

<net id="480"><net_src comp="10" pin="0"/><net_sink comp="474" pin=0"/></net>

<net id="481"><net_src comp="100" pin="7"/><net_sink comp="474" pin=1"/></net>

<net id="482"><net_src comp="20" pin="0"/><net_sink comp="474" pin=2"/></net>

<net id="483"><net_src comp="22" pin="0"/><net_sink comp="474" pin=3"/></net>

<net id="490"><net_src comp="10" pin="0"/><net_sink comp="484" pin=0"/></net>

<net id="491"><net_src comp="118" pin="7"/><net_sink comp="484" pin=1"/></net>

<net id="492"><net_src comp="20" pin="0"/><net_sink comp="484" pin=2"/></net>

<net id="493"><net_src comp="22" pin="0"/><net_sink comp="484" pin=3"/></net>

<net id="500"><net_src comp="10" pin="0"/><net_sink comp="494" pin=0"/></net>

<net id="501"><net_src comp="100" pin="7"/><net_sink comp="494" pin=1"/></net>

<net id="502"><net_src comp="24" pin="0"/><net_sink comp="494" pin=2"/></net>

<net id="503"><net_src comp="26" pin="0"/><net_sink comp="494" pin=3"/></net>

<net id="510"><net_src comp="10" pin="0"/><net_sink comp="504" pin=0"/></net>

<net id="511"><net_src comp="118" pin="7"/><net_sink comp="504" pin=1"/></net>

<net id="512"><net_src comp="24" pin="0"/><net_sink comp="504" pin=2"/></net>

<net id="513"><net_src comp="26" pin="0"/><net_sink comp="504" pin=3"/></net>

<net id="520"><net_src comp="10" pin="0"/><net_sink comp="514" pin=0"/></net>

<net id="521"><net_src comp="118" pin="3"/><net_sink comp="514" pin=1"/></net>

<net id="522"><net_src comp="12" pin="0"/><net_sink comp="514" pin=2"/></net>

<net id="523"><net_src comp="14" pin="0"/><net_sink comp="514" pin=3"/></net>

<net id="530"><net_src comp="10" pin="0"/><net_sink comp="524" pin=0"/></net>

<net id="531"><net_src comp="118" pin="3"/><net_sink comp="524" pin=1"/></net>

<net id="532"><net_src comp="16" pin="0"/><net_sink comp="524" pin=2"/></net>

<net id="533"><net_src comp="18" pin="0"/><net_sink comp="524" pin=3"/></net>

<net id="540"><net_src comp="10" pin="0"/><net_sink comp="534" pin=0"/></net>

<net id="541"><net_src comp="118" pin="3"/><net_sink comp="534" pin=1"/></net>

<net id="542"><net_src comp="20" pin="0"/><net_sink comp="534" pin=2"/></net>

<net id="543"><net_src comp="22" pin="0"/><net_sink comp="534" pin=3"/></net>

<net id="550"><net_src comp="10" pin="0"/><net_sink comp="544" pin=0"/></net>

<net id="551"><net_src comp="118" pin="3"/><net_sink comp="544" pin=1"/></net>

<net id="552"><net_src comp="24" pin="0"/><net_sink comp="544" pin=2"/></net>

<net id="553"><net_src comp="26" pin="0"/><net_sink comp="544" pin=3"/></net>

<net id="560"><net_src comp="10" pin="0"/><net_sink comp="554" pin=0"/></net>

<net id="561"><net_src comp="100" pin="3"/><net_sink comp="554" pin=1"/></net>

<net id="562"><net_src comp="12" pin="0"/><net_sink comp="554" pin=2"/></net>

<net id="563"><net_src comp="14" pin="0"/><net_sink comp="554" pin=3"/></net>

<net id="570"><net_src comp="10" pin="0"/><net_sink comp="564" pin=0"/></net>

<net id="571"><net_src comp="100" pin="3"/><net_sink comp="564" pin=1"/></net>

<net id="572"><net_src comp="16" pin="0"/><net_sink comp="564" pin=2"/></net>

<net id="573"><net_src comp="18" pin="0"/><net_sink comp="564" pin=3"/></net>

<net id="580"><net_src comp="10" pin="0"/><net_sink comp="574" pin=0"/></net>

<net id="581"><net_src comp="100" pin="3"/><net_sink comp="574" pin=1"/></net>

<net id="582"><net_src comp="20" pin="0"/><net_sink comp="574" pin=2"/></net>

<net id="583"><net_src comp="22" pin="0"/><net_sink comp="574" pin=3"/></net>

<net id="590"><net_src comp="10" pin="0"/><net_sink comp="584" pin=0"/></net>

<net id="591"><net_src comp="100" pin="3"/><net_sink comp="584" pin=1"/></net>

<net id="592"><net_src comp="24" pin="0"/><net_sink comp="584" pin=2"/></net>

<net id="593"><net_src comp="26" pin="0"/><net_sink comp="584" pin=3"/></net>

<net id="597"><net_src comp="474" pin="4"/><net_sink comp="594" pin=0"/></net>

<net id="601"><net_src comp="484" pin="4"/><net_sink comp="598" pin=0"/></net>

<net id="605"><net_src comp="524" pin="4"/><net_sink comp="602" pin=0"/></net>

<net id="609"><net_src comp="534" pin="4"/><net_sink comp="606" pin=0"/></net>

<net id="613"><net_src comp="574" pin="4"/><net_sink comp="610" pin=0"/></net>

<net id="617"><net_src comp="100" pin="7"/><net_sink comp="614" pin=0"/></net>

<net id="621"><net_src comp="118" pin="7"/><net_sink comp="618" pin=0"/></net>

<net id="625"><net_src comp="494" pin="4"/><net_sink comp="622" pin=0"/></net>

<net id="629"><net_src comp="504" pin="4"/><net_sink comp="626" pin=0"/></net>

<net id="633"><net_src comp="118" pin="3"/><net_sink comp="630" pin=0"/></net>

<net id="637"><net_src comp="544" pin="4"/><net_sink comp="634" pin=0"/></net>

<net id="641"><net_src comp="100" pin="3"/><net_sink comp="638" pin=0"/></net>

<net id="645"><net_src comp="584" pin="4"/><net_sink comp="642" pin=0"/></net>

<net id="649"><net_src comp="594" pin="1"/><net_sink comp="646" pin=0"/></net>

<net id="653"><net_src comp="598" pin="1"/><net_sink comp="650" pin=0"/></net>

<net id="658"><net_src comp="650" pin="1"/><net_sink comp="654" pin=0"/></net>

<net id="659"><net_src comp="646" pin="1"/><net_sink comp="654" pin=1"/></net>

<net id="663"><net_src comp="606" pin="1"/><net_sink comp="660" pin=0"/></net>

<net id="668"><net_src comp="660" pin="1"/><net_sink comp="664" pin=0"/></net>

<net id="669"><net_src comp="646" pin="1"/><net_sink comp="664" pin=1"/></net>

<net id="673"><net_src comp="118" pin="7"/><net_sink comp="670" pin=0"/></net>

<net id="677"><net_src comp="504" pin="4"/><net_sink comp="674" pin=0"/></net>

<net id="681"><net_src comp="118" pin="3"/><net_sink comp="678" pin=0"/></net>

<net id="685"><net_src comp="544" pin="4"/><net_sink comp="682" pin=0"/></net>

<net id="689"><net_src comp="610" pin="1"/><net_sink comp="686" pin=0"/></net>

<net id="694"><net_src comp="686" pin="1"/><net_sink comp="690" pin=0"/></net>

<net id="695"><net_src comp="650" pin="1"/><net_sink comp="690" pin=1"/></net>

<net id="700"><net_src comp="686" pin="1"/><net_sink comp="696" pin=0"/></net>

<net id="701"><net_src comp="660" pin="1"/><net_sink comp="696" pin=1"/></net>

<net id="705"><net_src comp="100" pin="7"/><net_sink comp="702" pin=0"/></net>

<net id="709"><net_src comp="100" pin="3"/><net_sink comp="706" pin=0"/></net>

<net id="719"><net_src comp="602" pin="1"/><net_sink comp="716" pin=0"/></net>

<net id="723"><net_src comp="598" pin="1"/><net_sink comp="720" pin=0"/></net>

<net id="728"><net_src comp="720" pin="1"/><net_sink comp="724" pin=0"/></net>

<net id="732"><net_src comp="606" pin="1"/><net_sink comp="729" pin=0"/></net>

<net id="737"><net_src comp="729" pin="1"/><net_sink comp="733" pin=0"/></net>

<net id="741"><net_src comp="118" pin="3"/><net_sink comp="738" pin=0"/></net>

<net id="745"><net_src comp="544" pin="4"/><net_sink comp="742" pin=0"/></net>

<net id="750"><net_src comp="720" pin="1"/><net_sink comp="746" pin=1"/></net>

<net id="755"><net_src comp="729" pin="1"/><net_sink comp="751" pin=1"/></net>

<net id="762"><net_src comp="100" pin="3"/><net_sink comp="759" pin=0"/></net>

<net id="772"><net_src comp="606" pin="1"/><net_sink comp="769" pin=0"/></net>

<net id="777"><net_src comp="769" pin="1"/><net_sink comp="773" pin=0"/></net>

<net id="782"><net_src comp="769" pin="1"/><net_sink comp="778" pin=1"/></net>

<net id="786"><net_src comp="594" pin="1"/><net_sink comp="783" pin=0"/></net>

<net id="791"><net_src comp="783" pin="1"/><net_sink comp="787" pin=0"/></net>

<net id="796"><net_src comp="783" pin="1"/><net_sink comp="792" pin=0"/></net>

<net id="803"><net_src comp="602" pin="1"/><net_sink comp="800" pin=0"/></net>

<net id="822"><net_src comp="610" pin="1"/><net_sink comp="819" pin=0"/></net>

<net id="827"><net_src comp="819" pin="1"/><net_sink comp="823" pin=0"/></net>

<net id="866"><net_src comp="859" pin="1"/><net_sink comp="862" pin=0"/></net>

<net id="871"><net_src comp="859" pin="1"/><net_sink comp="867" pin=0"/></net>

<net id="876"><net_src comp="859" pin="1"/><net_sink comp="872" pin=0"/></net>

<net id="881"><net_src comp="859" pin="1"/><net_sink comp="877" pin=0"/></net>

<net id="892"><net_src comp="885" pin="1"/><net_sink comp="888" pin=0"/></net>

<net id="893"><net_src comp="882" pin="1"/><net_sink comp="888" pin=1"/></net>

<net id="901"><net_src comp="894" pin="1"/><net_sink comp="897" pin=0"/></net>

<net id="902"><net_src comp="882" pin="1"/><net_sink comp="897" pin=1"/></net>

<net id="910"><net_src comp="903" pin="1"/><net_sink comp="906" pin=0"/></net>

<net id="911"><net_src comp="882" pin="1"/><net_sink comp="906" pin=1"/></net>

<net id="935"><net_src comp="928" pin="1"/><net_sink comp="931" pin=0"/></net>

<net id="943"><net_src comp="936" pin="1"/><net_sink comp="939" pin=0"/></net>

<net id="951"><net_src comp="944" pin="1"/><net_sink comp="947" pin=0"/></net>

<net id="956"><net_src comp="944" pin="1"/><net_sink comp="952" pin=0"/></net>

<net id="991"><net_src comp="984" pin="1"/><net_sink comp="987" pin=0"/></net>

<net id="1053"><net_src comp="1046" pin="1"/><net_sink comp="1049" pin=0"/></net>

<net id="1058"><net_src comp="1046" pin="1"/><net_sink comp="1054" pin=0"/></net>

<net id="1063"><net_src comp="1046" pin="1"/><net_sink comp="1059" pin=0"/></net>

<net id="1068"><net_src comp="1046" pin="1"/><net_sink comp="1064" pin=0"/></net>

<net id="1099"><net_src comp="1092" pin="1"/><net_sink comp="1095" pin=0"/></net>

<net id="1107"><net_src comp="1092" pin="1"/><net_sink comp="1103" pin=0"/></net>

<net id="1112"><net_src comp="1092" pin="1"/><net_sink comp="1108" pin=0"/></net>

<net id="1166"><net_src comp="626" pin="1"/><net_sink comp="1161" pin=0"/></net>

<net id="1167"><net_src comp="622" pin="1"/><net_sink comp="1161" pin=1"/></net>

<net id="1173"><net_src comp="634" pin="1"/><net_sink comp="1168" pin=0"/></net>

<net id="1174"><net_src comp="622" pin="1"/><net_sink comp="1168" pin=1"/></net>

<net id="1180"><net_src comp="642" pin="1"/><net_sink comp="1175" pin=0"/></net>

<net id="1181"><net_src comp="626" pin="1"/><net_sink comp="1175" pin=1"/></net>

<net id="1187"><net_src comp="642" pin="1"/><net_sink comp="1182" pin=0"/></net>

<net id="1188"><net_src comp="634" pin="1"/><net_sink comp="1182" pin=1"/></net>

<net id="1194"><net_src comp="674" pin="1"/><net_sink comp="1189" pin=0"/></net>

<net id="1200"><net_src comp="682" pin="1"/><net_sink comp="1195" pin=0"/></net>

<net id="1206"><net_src comp="674" pin="1"/><net_sink comp="1201" pin=1"/></net>

<net id="1212"><net_src comp="682" pin="1"/><net_sink comp="1207" pin=1"/></net>

<net id="1218"><net_src comp="713" pin="1"/><net_sink comp="1213" pin=0"/></net>

<net id="1219"><net_src comp="710" pin="1"/><net_sink comp="1213" pin=1"/></net>

<net id="1225"><net_src comp="716" pin="1"/><net_sink comp="1220" pin=0"/></net>

<net id="1226"><net_src comp="710" pin="1"/><net_sink comp="1220" pin=1"/></net>

<net id="1232"><net_src comp="742" pin="1"/><net_sink comp="1227" pin=0"/></net>

<net id="1238"><net_src comp="742" pin="1"/><net_sink comp="1233" pin=1"/></net>

<net id="1244"><net_src comp="756" pin="1"/><net_sink comp="1239" pin=0"/></net>

<net id="1250"><net_src comp="756" pin="1"/><net_sink comp="1245" pin=0"/></net>

<net id="1256"><net_src comp="763" pin="1"/><net_sink comp="1251" pin=0"/></net>

<net id="1262"><net_src comp="766" pin="1"/><net_sink comp="1257" pin=0"/></net>

<net id="1283"><net_src comp="797" pin="1"/><net_sink comp="1278" pin=0"/></net>

<net id="1289"><net_src comp="800" pin="1"/><net_sink comp="1284" pin=0"/></net>

<net id="1295"><net_src comp="804" pin="1"/><net_sink comp="1290" pin=0"/></net>

<net id="1331"><net_src comp="844" pin="1"/><net_sink comp="1326" pin=0"/></net>

<net id="1337"><net_src comp="844" pin="1"/><net_sink comp="1332" pin=0"/></net>

<net id="1343"><net_src comp="844" pin="1"/><net_sink comp="1338" pin=0"/></net>

<net id="1349"><net_src comp="844" pin="1"/><net_sink comp="1344" pin=0"/></net>

<net id="1355"><net_src comp="850" pin="1"/><net_sink comp="1350" pin=0"/></net>

<net id="1356"><net_src comp="847" pin="1"/><net_sink comp="1350" pin=1"/></net>

<net id="1357"><net_src comp="1350" pin="3"/><net_sink comp="960" pin=1"/></net>

<net id="1363"><net_src comp="853" pin="1"/><net_sink comp="1358" pin=0"/></net>

<net id="1364"><net_src comp="847" pin="1"/><net_sink comp="1358" pin=1"/></net>

<net id="1365"><net_src comp="1358" pin="3"/><net_sink comp="964" pin=1"/></net>

<net id="1371"><net_src comp="856" pin="1"/><net_sink comp="1366" pin=0"/></net>

<net id="1372"><net_src comp="847" pin="1"/><net_sink comp="1366" pin=1"/></net>

<net id="1373"><net_src comp="1366" pin="3"/><net_sink comp="968" pin=1"/></net>

<net id="1394"><net_src comp="912" pin="1"/><net_sink comp="1389" pin=0"/></net>

<net id="1395"><net_src comp="1389" pin="3"/><net_sink comp="995" pin=1"/></net>

<net id="1401"><net_src comp="915" pin="1"/><net_sink comp="1396" pin=0"/></net>

<net id="1402"><net_src comp="1396" pin="3"/><net_sink comp="999" pin=1"/></net>

<net id="1408"><net_src comp="918" pin="1"/><net_sink comp="1403" pin=0"/></net>

<net id="1409"><net_src comp="1403" pin="3"/><net_sink comp="1003" pin=1"/></net>

<net id="1415"><net_src comp="918" pin="1"/><net_sink comp="1410" pin=0"/></net>

<net id="1416"><net_src comp="1410" pin="3"/><net_sink comp="1007" pin=1"/></net>

<net id="1422"><net_src comp="921" pin="1"/><net_sink comp="1417" pin=0"/></net>

<net id="1428"><net_src comp="921" pin="1"/><net_sink comp="1423" pin=0"/></net>

<net id="1434"><net_src comp="1429" pin="3"/><net_sink comp="1030" pin=1"/></net>

<net id="1440"><net_src comp="1435" pin="3"/><net_sink comp="1034" pin=1"/></net>

<net id="1446"><net_src comp="1441" pin="3"/><net_sink comp="1038" pin=1"/></net>

<net id="1452"><net_src comp="957" pin="1"/><net_sink comp="1447" pin=0"/></net>

<net id="1453"><net_src comp="1447" pin="3"/><net_sink comp="1042" pin=1"/></net>

<net id="1469"><net_src comp="1464" pin="3"/><net_sink comp="1072" pin=1"/></net>

<net id="1475"><net_src comp="1470" pin="3"/><net_sink comp="1076" pin=1"/></net>

<net id="1481"><net_src comp="1476" pin="3"/><net_sink comp="1080" pin=1"/></net>

<net id="1487"><net_src comp="1482" pin="3"/><net_sink comp="1084" pin=1"/></net>

<net id="1493"><net_src comp="1488" pin="3"/><net_sink comp="1084" pin=0"/></net>

<net id="1499"><net_src comp="992" pin="1"/><net_sink comp="1494" pin=0"/></net>

<net id="1505"><net_src comp="1027" pin="1"/><net_sink comp="1500" pin=0"/></net>

<net id="1506"><net_src comp="1500" pin="3"/><net_sink comp="1113" pin=1"/></net>

<net id="1512"><net_src comp="1027" pin="1"/><net_sink comp="1507" pin=0"/></net>

<net id="1513"><net_src comp="1507" pin="3"/><net_sink comp="1117" pin=1"/></net>

<net id="1519"><net_src comp="1514" pin="3"/><net_sink comp="1117" pin=0"/></net>

<net id="1525"><net_src comp="1027" pin="1"/><net_sink comp="1520" pin=0"/></net>

<net id="1526"><net_src comp="1520" pin="3"/><net_sink comp="1121" pin=1"/></net>

<net id="1532"><net_src comp="1527" pin="3"/><net_sink comp="1121" pin=0"/></net>

<net id="1538"><net_src comp="1027" pin="1"/><net_sink comp="1533" pin=0"/></net>

<net id="1544"><net_src comp="1539" pin="3"/><net_sink comp="1133" pin=0"/></net>

<net id="1550"><net_src comp="1545" pin="3"/><net_sink comp="1137" pin=1"/></net>

<net id="1556"><net_src comp="1551" pin="3"/><net_sink comp="1137" pin=0"/></net>

<net id="1562"><net_src comp="1069" pin="1"/><net_sink comp="1557" pin=0"/></net>

<net id="1568"><net_src comp="1069" pin="1"/><net_sink comp="1563" pin=0"/></net>

<net id="1574"><net_src comp="1069" pin="1"/><net_sink comp="1569" pin=0"/></net>

<net id="1580"><net_src comp="1100" pin="1"/><net_sink comp="1575" pin=0"/></net>

<net id="1581"><net_src comp="1575" pin="3"/><net_sink comp="1141" pin=0"/></net>

<net id="1587"><net_src comp="1100" pin="1"/><net_sink comp="1582" pin=0"/></net>

<net id="1588"><net_src comp="1582" pin="3"/><net_sink comp="1145" pin=0"/></net>

<net id="1594"><net_src comp="1100" pin="1"/><net_sink comp="1589" pin=0"/></net>

<net id="1595"><net_src comp="1589" pin="3"/><net_sink comp="1149" pin=0"/></net>

<net id="1601"><net_src comp="1596" pin="3"/><net_sink comp="1153" pin=1"/></net>

<net id="1607"><net_src comp="1100" pin="1"/><net_sink comp="1602" pin=0"/></net>

<net id="1608"><net_src comp="1602" pin="3"/><net_sink comp="1153" pin=0"/></net>

<net id="1619"><net_src comp="1614" pin="3"/><net_sink comp="1157" pin=0"/></net>

<net id="1623"><net_src comp="92" pin="3"/><net_sink comp="1620" pin=0"/></net>

<net id="1624"><net_src comp="1620" pin="1"/><net_sink comp="100" pin=2"/></net>

<net id="1628"><net_src comp="110" pin="3"/><net_sink comp="1625" pin=0"/></net>

<net id="1629"><net_src comp="1625" pin="1"/><net_sink comp="118" pin=2"/></net>

<net id="1633"><net_src comp="128" pin="3"/><net_sink comp="1630" pin=0"/></net>

<net id="1634"><net_src comp="1630" pin="1"/><net_sink comp="118" pin=0"/></net>

<net id="1638"><net_src comp="137" pin="3"/><net_sink comp="1635" pin=0"/></net>

<net id="1639"><net_src comp="1635" pin="1"/><net_sink comp="100" pin=0"/></net>

<net id="1643"><net_src comp="614" pin="1"/><net_sink comp="1640" pin=0"/></net>

<net id="1644"><net_src comp="1640" pin="1"/><net_sink comp="847" pin=0"/></net>

<net id="1648"><net_src comp="618" pin="1"/><net_sink comp="1645" pin=0"/></net>

<net id="1649"><net_src comp="1645" pin="1"/><net_sink comp="850" pin=0"/></net>

<net id="1653"><net_src comp="434" pin="4"/><net_sink comp="1650" pin=0"/></net>

<net id="1654"><net_src comp="1650" pin="1"/><net_sink comp="882" pin=0"/></net>

<net id="1658"><net_src comp="444" pin="4"/><net_sink comp="1655" pin=0"/></net>

<net id="1659"><net_src comp="1655" pin="1"/><net_sink comp="885" pin=0"/></net>

<net id="1663"><net_src comp="454" pin="4"/><net_sink comp="1660" pin=0"/></net>

<net id="1664"><net_src comp="1660" pin="1"/><net_sink comp="710" pin=0"/></net>

<net id="1668"><net_src comp="464" pin="4"/><net_sink comp="1665" pin=0"/></net>

<net id="1669"><net_src comp="1665" pin="1"/><net_sink comp="713" pin=0"/></net>

<net id="1673"><net_src comp="622" pin="1"/><net_sink comp="1670" pin=0"/></net>

<net id="1674"><net_src comp="1670" pin="1"/><net_sink comp="1161" pin=1"/></net>

<net id="1675"><net_src comp="1670" pin="1"/><net_sink comp="1168" pin=1"/></net>

<net id="1676"><net_src comp="1670" pin="1"/><net_sink comp="1189" pin=1"/></net>

<net id="1677"><net_src comp="1670" pin="1"/><net_sink comp="1195" pin=1"/></net>

<net id="1678"><net_src comp="1670" pin="1"/><net_sink comp="1227" pin=1"/></net>

<net id="1682"><net_src comp="626" pin="1"/><net_sink comp="1679" pin=0"/></net>

<net id="1683"><net_src comp="1679" pin="1"/><net_sink comp="1161" pin=0"/></net>

<net id="1684"><net_src comp="1679" pin="1"/><net_sink comp="1175" pin=1"/></net>

<net id="1685"><net_src comp="1679" pin="1"/><net_sink comp="1239" pin=1"/></net>

<net id="1686"><net_src comp="1679" pin="1"/><net_sink comp="1278" pin=1"/></net>

<net id="1687"><net_src comp="1679" pin="1"/><net_sink comp="1326" pin=1"/></net>

<net id="1691"><net_src comp="630" pin="1"/><net_sink comp="1688" pin=0"/></net>

<net id="1692"><net_src comp="1688" pin="1"/><net_sink comp="853" pin=0"/></net>

<net id="1696"><net_src comp="514" pin="4"/><net_sink comp="1693" pin=0"/></net>

<net id="1697"><net_src comp="1693" pin="1"/><net_sink comp="894" pin=0"/></net>

<net id="1701"><net_src comp="634" pin="1"/><net_sink comp="1698" pin=0"/></net>

<net id="1702"><net_src comp="1698" pin="1"/><net_sink comp="1168" pin=0"/></net>

<net id="1703"><net_src comp="1698" pin="1"/><net_sink comp="1182" pin=1"/></net>

<net id="1704"><net_src comp="1698" pin="1"/><net_sink comp="1245" pin=1"/></net>

<net id="1705"><net_src comp="1698" pin="1"/><net_sink comp="1296" pin=1"/></net>

<net id="1706"><net_src comp="1698" pin="1"/><net_sink comp="1332" pin=1"/></net>

<net id="1710"><net_src comp="146" pin="3"/><net_sink comp="1707" pin=0"/></net>

<net id="1711"><net_src comp="1707" pin="1"/><net_sink comp="118" pin=2"/></net>

<net id="1715"><net_src comp="155" pin="3"/><net_sink comp="1712" pin=0"/></net>

<net id="1716"><net_src comp="1712" pin="1"/><net_sink comp="118" pin=0"/></net>

<net id="1720"><net_src comp="638" pin="1"/><net_sink comp="1717" pin=0"/></net>

<net id="1721"><net_src comp="1717" pin="1"/><net_sink comp="918" pin=0"/></net>

<net id="1725"><net_src comp="554" pin="4"/><net_sink comp="1722" pin=0"/></net>

<net id="1726"><net_src comp="1722" pin="1"/><net_sink comp="944" pin=0"/></net>

<net id="1730"><net_src comp="564" pin="4"/><net_sink comp="1727" pin=0"/></net>

<net id="1731"><net_src comp="1727" pin="1"/><net_sink comp="804" pin=0"/></net>

<net id="1735"><net_src comp="642" pin="1"/><net_sink comp="1732" pin=0"/></net>

<net id="1736"><net_src comp="1732" pin="1"/><net_sink comp="1175" pin=0"/></net>

<net id="1737"><net_src comp="1732" pin="1"/><net_sink comp="1182" pin=0"/></net>

<net id="1738"><net_src comp="1732" pin="1"/><net_sink comp="1201" pin=0"/></net>

<net id="1739"><net_src comp="1732" pin="1"/><net_sink comp="1207" pin=0"/></net>

<net id="1740"><net_src comp="1732" pin="1"/><net_sink comp="1233" pin=0"/></net>

<net id="1744"><net_src comp="164" pin="3"/><net_sink comp="1741" pin=0"/></net>

<net id="1745"><net_src comp="1741" pin="1"/><net_sink comp="100" pin=2"/></net>

<net id="1749"><net_src comp="173" pin="3"/><net_sink comp="1746" pin=0"/></net>

<net id="1750"><net_src comp="1746" pin="1"/><net_sink comp="100" pin=0"/></net>

<net id="1754"><net_src comp="646" pin="1"/><net_sink comp="1751" pin=0"/></net>

<net id="1755"><net_src comp="1751" pin="1"/><net_sink comp="724" pin=1"/></net>

<net id="1756"><net_src comp="1751" pin="1"/><net_sink comp="733" pin=1"/></net>

<net id="1757"><net_src comp="1751" pin="1"/><net_sink comp="773" pin=1"/></net>

<net id="1761"><net_src comp="650" pin="1"/><net_sink comp="1758" pin=0"/></net>

<net id="1762"><net_src comp="1758" pin="1"/><net_sink comp="787" pin=1"/></net>

<net id="1763"><net_src comp="1758" pin="1"/><net_sink comp="823" pin=1"/></net>

<net id="1764"><net_src comp="1758" pin="1"/><net_sink comp="862" pin=1"/></net>

<net id="1768"><net_src comp="654" pin="2"/><net_sink comp="1765" pin=0"/></net>

<net id="1769"><net_src comp="1765" pin="1"/><net_sink comp="1161" pin=0"/></net>

<net id="1773"><net_src comp="660" pin="1"/><net_sink comp="1770" pin=0"/></net>

<net id="1774"><net_src comp="1770" pin="1"/><net_sink comp="792" pin=1"/></net>

<net id="1775"><net_src comp="1770" pin="1"/><net_sink comp="828" pin=1"/></net>

<net id="1776"><net_src comp="1770" pin="1"/><net_sink comp="867" pin=1"/></net>

<net id="1780"><net_src comp="664" pin="2"/><net_sink comp="1777" pin=0"/></net>

<net id="1781"><net_src comp="1777" pin="1"/><net_sink comp="1168" pin=0"/></net>

<net id="1785"><net_src comp="670" pin="1"/><net_sink comp="1782" pin=0"/></net>

<net id="1786"><net_src comp="1782" pin="1"/><net_sink comp="856" pin=0"/></net>

<net id="1790"><net_src comp="444" pin="4"/><net_sink comp="1787" pin=0"/></net>

<net id="1791"><net_src comp="1787" pin="1"/><net_sink comp="903" pin=0"/></net>

<net id="1795"><net_src comp="464" pin="4"/><net_sink comp="1792" pin=0"/></net>

<net id="1796"><net_src comp="1792" pin="1"/><net_sink comp="763" pin=0"/></net>

<net id="1800"><net_src comp="674" pin="1"/><net_sink comp="1797" pin=0"/></net>

<net id="1801"><net_src comp="1797" pin="1"/><net_sink comp="1189" pin=0"/></net>

<net id="1802"><net_src comp="1797" pin="1"/><net_sink comp="1201" pin=1"/></net>

<net id="1803"><net_src comp="1797" pin="1"/><net_sink comp="1263" pin=1"/></net>

<net id="1804"><net_src comp="1797" pin="1"/><net_sink comp="1301" pin=1"/></net>

<net id="1805"><net_src comp="1797" pin="1"/><net_sink comp="1338" pin=1"/></net>

<net id="1809"><net_src comp="678" pin="1"/><net_sink comp="1806" pin=0"/></net>

<net id="1810"><net_src comp="1806" pin="1"/><net_sink comp="912" pin=0"/></net>

<net id="1814"><net_src comp="514" pin="4"/><net_sink comp="1811" pin=0"/></net>

<net id="1815"><net_src comp="1811" pin="1"/><net_sink comp="928" pin=0"/></net>

<net id="1819"><net_src comp="524" pin="4"/><net_sink comp="1816" pin=0"/></net>

<net id="1820"><net_src comp="1816" pin="1"/><net_sink comp="766" pin=0"/></net>

<net id="1824"><net_src comp="682" pin="1"/><net_sink comp="1821" pin=0"/></net>

<net id="1825"><net_src comp="1821" pin="1"/><net_sink comp="1195" pin=0"/></net>

<net id="1826"><net_src comp="1821" pin="1"/><net_sink comp="1207" pin=1"/></net>

<net id="1827"><net_src comp="1821" pin="1"/><net_sink comp="1268" pin=1"/></net>

<net id="1828"><net_src comp="1821" pin="1"/><net_sink comp="1306" pin=1"/></net>

<net id="1829"><net_src comp="1821" pin="1"/><net_sink comp="1344" pin=1"/></net>

<net id="1833"><net_src comp="182" pin="3"/><net_sink comp="1830" pin=0"/></net>

<net id="1834"><net_src comp="1830" pin="1"/><net_sink comp="118" pin=0"/></net>

<net id="1838"><net_src comp="686" pin="1"/><net_sink comp="1835" pin=0"/></net>

<net id="1839"><net_src comp="1835" pin="1"/><net_sink comp="746" pin=0"/></net>

<net id="1840"><net_src comp="1835" pin="1"/><net_sink comp="751" pin=0"/></net>

<net id="1841"><net_src comp="1835" pin="1"/><net_sink comp="778" pin=0"/></net>

<net id="1845"><net_src comp="690" pin="2"/><net_sink comp="1842" pin=0"/></net>

<net id="1846"><net_src comp="1842" pin="1"/><net_sink comp="1175" pin=0"/></net>

<net id="1850"><net_src comp="696" pin="2"/><net_sink comp="1847" pin=0"/></net>

<net id="1851"><net_src comp="1847" pin="1"/><net_sink comp="1182" pin=0"/></net>

<net id="1855"><net_src comp="702" pin="1"/><net_sink comp="1852" pin=0"/></net>

<net id="1856"><net_src comp="1852" pin="1"/><net_sink comp="957" pin=0"/></net>

<net id="1860"><net_src comp="434" pin="4"/><net_sink comp="1857" pin=0"/></net>

<net id="1861"><net_src comp="1857" pin="1"/><net_sink comp="984" pin=0"/></net>

<net id="1865"><net_src comp="454" pin="4"/><net_sink comp="1862" pin=0"/></net>

<net id="1866"><net_src comp="1862" pin="1"/><net_sink comp="921" pin=0"/></net>

<net id="1870"><net_src comp="494" pin="4"/><net_sink comp="1867" pin=0"/></net>

<net id="1871"><net_src comp="1867" pin="1"/><net_sink comp="756" pin=0"/></net>

<net id="1875"><net_src comp="706" pin="1"/><net_sink comp="1872" pin=0"/></net>

<net id="1876"><net_src comp="1872" pin="1"/><net_sink comp="1027" pin=0"/></net>

<net id="1880"><net_src comp="554" pin="4"/><net_sink comp="1877" pin=0"/></net>

<net id="1881"><net_src comp="1877" pin="1"/><net_sink comp="1046" pin=0"/></net>

<net id="1885"><net_src comp="564" pin="4"/><net_sink comp="1882" pin=0"/></net>

<net id="1886"><net_src comp="1882" pin="1"/><net_sink comp="992" pin=0"/></net>

<net id="1890"><net_src comp="584" pin="4"/><net_sink comp="1887" pin=0"/></net>

<net id="1891"><net_src comp="1887" pin="1"/><net_sink comp="797" pin=0"/></net>

<net id="1895"><net_src comp="191" pin="3"/><net_sink comp="1892" pin=0"/></net>

<net id="1896"><net_src comp="1892" pin="1"/><net_sink comp="100" pin=0"/></net>

<net id="1900"><net_src comp="710" pin="1"/><net_sink comp="1897" pin=0"/></net>

<net id="1901"><net_src comp="1897" pin="1"/><net_sink comp="1213" pin=1"/></net>

<net id="1902"><net_src comp="1897" pin="1"/><net_sink comp="1220" pin=1"/></net>

<net id="1903"><net_src comp="1897" pin="1"/><net_sink comp="1251" pin=1"/></net>

<net id="1904"><net_src comp="1897" pin="1"/><net_sink comp="1257" pin=1"/></net>

<net id="1905"><net_src comp="1897" pin="1"/><net_sink comp="1284" pin=1"/></net>

<net id="1909"><net_src comp="713" pin="1"/><net_sink comp="1906" pin=0"/></net>

<net id="1910"><net_src comp="1906" pin="1"/><net_sink comp="1213" pin=0"/></net>

<net id="1911"><net_src comp="1906" pin="1"/><net_sink comp="1290" pin=1"/></net>

<net id="1912"><net_src comp="1906" pin="1"/><net_sink comp="1417" pin=1"/></net>

<net id="1913"><net_src comp="1906" pin="1"/><net_sink comp="1494" pin=1"/></net>

<net id="1914"><net_src comp="1906" pin="1"/><net_sink comp="1575" pin=1"/></net>

<net id="1918"><net_src comp="716" pin="1"/><net_sink comp="1915" pin=0"/></net>

<net id="1919"><net_src comp="1915" pin="1"/><net_sink comp="1220" pin=0"/></net>

<net id="1920"><net_src comp="1915" pin="1"/><net_sink comp="1316" pin=1"/></net>

<net id="1921"><net_src comp="1915" pin="1"/><net_sink comp="1423" pin=1"/></net>

<net id="1922"><net_src comp="1915" pin="1"/><net_sink comp="1514" pin=1"/></net>

<net id="1923"><net_src comp="1915" pin="1"/><net_sink comp="1582" pin=1"/></net>

<net id="1927"><net_src comp="720" pin="1"/><net_sink comp="1924" pin=0"/></net>

<net id="1928"><net_src comp="1924" pin="1"/><net_sink comp="807" pin=1"/></net>

<net id="1929"><net_src comp="1924" pin="1"/><net_sink comp="832" pin=1"/></net>

<net id="1930"><net_src comp="1924" pin="1"/><net_sink comp="872" pin=1"/></net>

<net id="1934"><net_src comp="724" pin="2"/><net_sink comp="1931" pin=0"/></net>

<net id="1935"><net_src comp="1931" pin="1"/><net_sink comp="1189" pin=0"/></net>

<net id="1939"><net_src comp="729" pin="1"/><net_sink comp="1936" pin=0"/></net>

<net id="1940"><net_src comp="1936" pin="1"/><net_sink comp="811" pin=1"/></net>

<net id="1941"><net_src comp="1936" pin="1"/><net_sink comp="836" pin=1"/></net>

<net id="1942"><net_src comp="1936" pin="1"/><net_sink comp="877" pin=1"/></net>

<net id="1946"><net_src comp="733" pin="2"/><net_sink comp="1943" pin=0"/></net>

<net id="1947"><net_src comp="1943" pin="1"/><net_sink comp="1195" pin=0"/></net>

<net id="1951"><net_src comp="738" pin="1"/><net_sink comp="1948" pin=0"/></net>

<net id="1952"><net_src comp="1948" pin="1"/><net_sink comp="915" pin=0"/></net>

<net id="1956"><net_src comp="514" pin="4"/><net_sink comp="1953" pin=0"/></net>

<net id="1957"><net_src comp="1953" pin="1"/><net_sink comp="936" pin=0"/></net>

<net id="1961"><net_src comp="742" pin="1"/><net_sink comp="1958" pin=0"/></net>

<net id="1962"><net_src comp="1958" pin="1"/><net_sink comp="1227" pin=0"/></net>

<net id="1963"><net_src comp="1958" pin="1"/><net_sink comp="1233" pin=1"/></net>

<net id="1964"><net_src comp="1958" pin="1"/><net_sink comp="1273" pin=1"/></net>

<net id="1965"><net_src comp="1958" pin="1"/><net_sink comp="1311" pin=1"/></net>

<net id="1966"><net_src comp="1958" pin="1"/><net_sink comp="1384" pin=1"/></net>

<net id="1970"><net_src comp="746" pin="2"/><net_sink comp="1967" pin=0"/></net>

<net id="1971"><net_src comp="1967" pin="1"/><net_sink comp="1201" pin=0"/></net>

<net id="1975"><net_src comp="751" pin="2"/><net_sink comp="1972" pin=0"/></net>

<net id="1976"><net_src comp="1972" pin="1"/><net_sink comp="1207" pin=0"/></net>

<net id="1980"><net_src comp="756" pin="1"/><net_sink comp="1977" pin=0"/></net>

<net id="1981"><net_src comp="1977" pin="1"/><net_sink comp="1239" pin=0"/></net>

<net id="1982"><net_src comp="1977" pin="1"/><net_sink comp="1245" pin=0"/></net>

<net id="1983"><net_src comp="1977" pin="1"/><net_sink comp="1263" pin=0"/></net>

<net id="1984"><net_src comp="1977" pin="1"/><net_sink comp="1268" pin=0"/></net>

<net id="1985"><net_src comp="1977" pin="1"/><net_sink comp="1273" pin=0"/></net>

<net id="1989"><net_src comp="759" pin="1"/><net_sink comp="1986" pin=0"/></net>

<net id="1990"><net_src comp="1986" pin="1"/><net_sink comp="1069" pin=0"/></net>

<net id="1994"><net_src comp="554" pin="4"/><net_sink comp="1991" pin=0"/></net>

<net id="1995"><net_src comp="1991" pin="1"/><net_sink comp="1092" pin=0"/></net>

<net id="1999"><net_src comp="564" pin="4"/><net_sink comp="1996" pin=0"/></net>

<net id="2000"><net_src comp="1996" pin="1"/><net_sink comp="1100" pin=0"/></net>

<net id="2004"><net_src comp="574" pin="4"/><net_sink comp="2001" pin=0"/></net>

<net id="2005"><net_src comp="2001" pin="1"/><net_sink comp="859" pin=0"/></net>

<net id="2009"><net_src comp="584" pin="4"/><net_sink comp="2006" pin=0"/></net>

<net id="2010"><net_src comp="2006" pin="1"/><net_sink comp="844" pin=0"/></net>

<net id="2014"><net_src comp="1161" pin="3"/><net_sink comp="2011" pin=0"/></net>

<net id="2015"><net_src comp="2011" pin="1"/><net_sink comp="1213" pin=0"/></net>

<net id="2019"><net_src comp="1168" pin="3"/><net_sink comp="2016" pin=0"/></net>

<net id="2020"><net_src comp="2016" pin="1"/><net_sink comp="1220" pin=0"/></net>

<net id="2024"><net_src comp="763" pin="1"/><net_sink comp="2021" pin=0"/></net>

<net id="2025"><net_src comp="2021" pin="1"/><net_sink comp="1251" pin=0"/></net>

<net id="2026"><net_src comp="2021" pin="1"/><net_sink comp="1321" pin=1"/></net>

<net id="2027"><net_src comp="2021" pin="1"/><net_sink comp="1454" pin=1"/></net>

<net id="2028"><net_src comp="2021" pin="1"/><net_sink comp="1527" pin=1"/></net>

<net id="2029"><net_src comp="2021" pin="1"/><net_sink comp="1589" pin=1"/></net>

<net id="2033"><net_src comp="766" pin="1"/><net_sink comp="2030" pin=0"/></net>

<net id="2034"><net_src comp="2030" pin="1"/><net_sink comp="1257" pin=0"/></net>

<net id="2035"><net_src comp="2030" pin="1"/><net_sink comp="1374" pin=1"/></net>

<net id="2036"><net_src comp="2030" pin="1"/><net_sink comp="1459" pin=1"/></net>

<net id="2037"><net_src comp="2030" pin="1"/><net_sink comp="1539" pin=1"/></net>

<net id="2038"><net_src comp="2030" pin="1"/><net_sink comp="1602" pin=1"/></net>

<net id="2042"><net_src comp="769" pin="1"/><net_sink comp="2039" pin=0"/></net>

<net id="2043"><net_src comp="2039" pin="1"/><net_sink comp="815" pin=1"/></net>

<net id="2044"><net_src comp="2039" pin="1"/><net_sink comp="840" pin=1"/></net>

<net id="2045"><net_src comp="2039" pin="1"/><net_sink comp="924" pin=1"/></net>

<net id="2049"><net_src comp="773" pin="2"/><net_sink comp="2046" pin=0"/></net>

<net id="2050"><net_src comp="2046" pin="1"/><net_sink comp="1227" pin=0"/></net>

<net id="2054"><net_src comp="1175" pin="3"/><net_sink comp="2051" pin=0"/></net>

<net id="2055"><net_src comp="2051" pin="1"/><net_sink comp="1290" pin=0"/></net>

<net id="2059"><net_src comp="1182" pin="3"/><net_sink comp="2056" pin=0"/></net>

<net id="2060"><net_src comp="2056" pin="1"/><net_sink comp="1316" pin=0"/></net>

<net id="2064"><net_src comp="778" pin="2"/><net_sink comp="2061" pin=0"/></net>

<net id="2065"><net_src comp="2061" pin="1"/><net_sink comp="1233" pin=0"/></net>

<net id="2069"><net_src comp="783" pin="1"/><net_sink comp="2066" pin=0"/></net>

<net id="2070"><net_src comp="2066" pin="1"/><net_sink comp="807" pin=0"/></net>

<net id="2071"><net_src comp="2066" pin="1"/><net_sink comp="811" pin=0"/></net>

<net id="2072"><net_src comp="2066" pin="1"/><net_sink comp="815" pin=0"/></net>

<net id="2076"><net_src comp="787" pin="2"/><net_sink comp="2073" pin=0"/></net>

<net id="2077"><net_src comp="2073" pin="1"/><net_sink comp="1239" pin=0"/></net>

<net id="2081"><net_src comp="792" pin="2"/><net_sink comp="2078" pin=0"/></net>

<net id="2082"><net_src comp="2078" pin="1"/><net_sink comp="1245" pin=0"/></net>

<net id="2086"><net_src comp="797" pin="1"/><net_sink comp="2083" pin=0"/></net>

<net id="2087"><net_src comp="2083" pin="1"/><net_sink comp="1278" pin=0"/></net>

<net id="2088"><net_src comp="2083" pin="1"/><net_sink comp="1296" pin=0"/></net>

<net id="2089"><net_src comp="2083" pin="1"/><net_sink comp="1301" pin=0"/></net>

<net id="2090"><net_src comp="2083" pin="1"/><net_sink comp="1306" pin=0"/></net>

<net id="2091"><net_src comp="2083" pin="1"/><net_sink comp="1311" pin=0"/></net>

<net id="2095"><net_src comp="1189" pin="3"/><net_sink comp="2092" pin=0"/></net>

<net id="2096"><net_src comp="2092" pin="1"/><net_sink comp="1251" pin=0"/></net>

<net id="2100"><net_src comp="1195" pin="3"/><net_sink comp="2097" pin=0"/></net>

<net id="2101"><net_src comp="2097" pin="1"/><net_sink comp="1257" pin=0"/></net>

<net id="2105"><net_src comp="800" pin="1"/><net_sink comp="2102" pin=0"/></net>

<net id="2106"><net_src comp="2102" pin="1"/><net_sink comp="1284" pin=0"/></net>

<net id="2107"><net_src comp="2102" pin="1"/><net_sink comp="1379" pin=1"/></net>

<net id="2108"><net_src comp="2102" pin="1"/><net_sink comp="1488" pin=1"/></net>

<net id="2109"><net_src comp="2102" pin="1"/><net_sink comp="1551" pin=1"/></net>

<net id="2110"><net_src comp="2102" pin="1"/><net_sink comp="1614" pin=1"/></net>

<net id="2114"><net_src comp="804" pin="1"/><net_sink comp="2111" pin=0"/></net>

<net id="2115"><net_src comp="2111" pin="1"/><net_sink comp="1290" pin=0"/></net>

<net id="2116"><net_src comp="2111" pin="1"/><net_sink comp="1316" pin=0"/></net>

<net id="2117"><net_src comp="2111" pin="1"/><net_sink comp="1321" pin=0"/></net>

<net id="2118"><net_src comp="2111" pin="1"/><net_sink comp="1374" pin=0"/></net>

<net id="2119"><net_src comp="2111" pin="1"/><net_sink comp="1379" pin=0"/></net>

<net id="2123"><net_src comp="1201" pin="3"/><net_sink comp="2120" pin=0"/></net>

<net id="2124"><net_src comp="2120" pin="1"/><net_sink comp="1321" pin=0"/></net>

<net id="2128"><net_src comp="1207" pin="3"/><net_sink comp="2125" pin=0"/></net>

<net id="2129"><net_src comp="2125" pin="1"/><net_sink comp="1374" pin=0"/></net>

<net id="2133"><net_src comp="807" pin="2"/><net_sink comp="2130" pin=0"/></net>

<net id="2134"><net_src comp="2130" pin="1"/><net_sink comp="1263" pin=0"/></net>

<net id="2138"><net_src comp="811" pin="2"/><net_sink comp="2135" pin=0"/></net>

<net id="2139"><net_src comp="2135" pin="1"/><net_sink comp="1268" pin=0"/></net>

<net id="2143"><net_src comp="815" pin="2"/><net_sink comp="2140" pin=0"/></net>

<net id="2144"><net_src comp="2140" pin="1"/><net_sink comp="1273" pin=0"/></net>

<net id="2148"><net_src comp="819" pin="1"/><net_sink comp="2145" pin=0"/></net>

<net id="2149"><net_src comp="2145" pin="1"/><net_sink comp="828" pin=0"/></net>

<net id="2150"><net_src comp="2145" pin="1"/><net_sink comp="832" pin=0"/></net>

<net id="2151"><net_src comp="2145" pin="1"/><net_sink comp="836" pin=0"/></net>

<net id="2152"><net_src comp="2145" pin="1"/><net_sink comp="840" pin=0"/></net>

<net id="2156"><net_src comp="823" pin="2"/><net_sink comp="2153" pin=0"/></net>

<net id="2157"><net_src comp="2153" pin="1"/><net_sink comp="1278" pin=0"/></net>

<net id="2161"><net_src comp="1213" pin="3"/><net_sink comp="2158" pin=0"/></net>

<net id="2162"><net_src comp="2158" pin="1"/><net_sink comp="960" pin=0"/></net>

<net id="2166"><net_src comp="1220" pin="3"/><net_sink comp="2163" pin=0"/></net>

<net id="2167"><net_src comp="2163" pin="1"/><net_sink comp="964" pin=0"/></net>

<net id="2171"><net_src comp="1227" pin="3"/><net_sink comp="2168" pin=0"/></net>

<net id="2172"><net_src comp="2168" pin="1"/><net_sink comp="1284" pin=0"/></net>

<net id="2176"><net_src comp="1233" pin="3"/><net_sink comp="2173" pin=0"/></net>

<net id="2177"><net_src comp="2173" pin="1"/><net_sink comp="1379" pin=0"/></net>

<net id="2181"><net_src comp="1239" pin="3"/><net_sink comp="2178" pin=0"/></net>

<net id="2182"><net_src comp="2178" pin="1"/><net_sink comp="1417" pin=0"/></net>

<net id="2186"><net_src comp="1245" pin="3"/><net_sink comp="2183" pin=0"/></net>

<net id="2187"><net_src comp="2183" pin="1"/><net_sink comp="1423" pin=0"/></net>

<net id="2191"><net_src comp="828" pin="2"/><net_sink comp="2188" pin=0"/></net>

<net id="2192"><net_src comp="2188" pin="1"/><net_sink comp="1296" pin=0"/></net>

<net id="2196"><net_src comp="832" pin="2"/><net_sink comp="2193" pin=0"/></net>

<net id="2197"><net_src comp="2193" pin="1"/><net_sink comp="1301" pin=0"/></net>

<net id="2201"><net_src comp="836" pin="2"/><net_sink comp="2198" pin=0"/></net>

<net id="2202"><net_src comp="2198" pin="1"/><net_sink comp="1306" pin=0"/></net>

<net id="2206"><net_src comp="840" pin="2"/><net_sink comp="2203" pin=0"/></net>

<net id="2207"><net_src comp="2203" pin="1"/><net_sink comp="1311" pin=0"/></net>

<net id="2211"><net_src comp="844" pin="1"/><net_sink comp="2208" pin=0"/></net>

<net id="2212"><net_src comp="2208" pin="1"/><net_sink comp="1326" pin=0"/></net>

<net id="2213"><net_src comp="2208" pin="1"/><net_sink comp="1332" pin=0"/></net>

<net id="2214"><net_src comp="2208" pin="1"/><net_sink comp="1338" pin=0"/></net>

<net id="2215"><net_src comp="2208" pin="1"/><net_sink comp="1344" pin=0"/></net>

<net id="2216"><net_src comp="2208" pin="1"/><net_sink comp="1384" pin=0"/></net>

<net id="2220"><net_src comp="847" pin="1"/><net_sink comp="2217" pin=0"/></net>

<net id="2221"><net_src comp="2217" pin="1"/><net_sink comp="1350" pin=1"/></net>

<net id="2222"><net_src comp="2217" pin="1"/><net_sink comp="1358" pin=1"/></net>

<net id="2223"><net_src comp="2217" pin="1"/><net_sink comp="1366" pin=1"/></net>

<net id="2224"><net_src comp="2217" pin="1"/><net_sink comp="1389" pin=1"/></net>

<net id="2225"><net_src comp="2217" pin="1"/><net_sink comp="1396" pin=1"/></net>

<net id="2229"><net_src comp="850" pin="1"/><net_sink comp="2226" pin=0"/></net>

<net id="2230"><net_src comp="2226" pin="1"/><net_sink comp="1350" pin=0"/></net>

<net id="2231"><net_src comp="2226" pin="1"/><net_sink comp="1403" pin=1"/></net>

<net id="2232"><net_src comp="2226" pin="1"/><net_sink comp="1447" pin=1"/></net>

<net id="2233"><net_src comp="2226" pin="1"/><net_sink comp="1500" pin=1"/></net>

<net id="2234"><net_src comp="2226" pin="1"/><net_sink comp="1557" pin=1"/></net>

<net id="2238"><net_src comp="853" pin="1"/><net_sink comp="2235" pin=0"/></net>

<net id="2239"><net_src comp="2235" pin="1"/><net_sink comp="1358" pin=0"/></net>

<net id="2240"><net_src comp="2235" pin="1"/><net_sink comp="1410" pin=1"/></net>

<net id="2241"><net_src comp="2235" pin="1"/><net_sink comp="1464" pin=1"/></net>

<net id="2242"><net_src comp="2235" pin="1"/><net_sink comp="1507" pin=1"/></net>

<net id="2243"><net_src comp="2235" pin="1"/><net_sink comp="1563" pin=1"/></net>

<net id="2247"><net_src comp="856" pin="1"/><net_sink comp="2244" pin=0"/></net>

<net id="2248"><net_src comp="2244" pin="1"/><net_sink comp="1366" pin=0"/></net>

<net id="2249"><net_src comp="2244" pin="1"/><net_sink comp="1429" pin=1"/></net>

<net id="2250"><net_src comp="2244" pin="1"/><net_sink comp="1470" pin=1"/></net>

<net id="2251"><net_src comp="2244" pin="1"/><net_sink comp="1520" pin=1"/></net>

<net id="2252"><net_src comp="2244" pin="1"/><net_sink comp="1569" pin=1"/></net>

<net id="2256"><net_src comp="1251" pin="3"/><net_sink comp="2253" pin=0"/></net>

<net id="2257"><net_src comp="2253" pin="1"/><net_sink comp="968" pin=0"/></net>

<net id="2261"><net_src comp="1257" pin="3"/><net_sink comp="2258" pin=0"/></net>

<net id="2262"><net_src comp="2258" pin="1"/><net_sink comp="995" pin=0"/></net>

<net id="2266"><net_src comp="1263" pin="3"/><net_sink comp="2263" pin=0"/></net>

<net id="2267"><net_src comp="2263" pin="1"/><net_sink comp="1454" pin=0"/></net>

<net id="2271"><net_src comp="1268" pin="3"/><net_sink comp="2268" pin=0"/></net>

<net id="2272"><net_src comp="2268" pin="1"/><net_sink comp="1459" pin=0"/></net>

<net id="2276"><net_src comp="1273" pin="3"/><net_sink comp="2273" pin=0"/></net>

<net id="2277"><net_src comp="2273" pin="1"/><net_sink comp="1488" pin=0"/></net>

<net id="2281"><net_src comp="1278" pin="3"/><net_sink comp="2278" pin=0"/></net>

<net id="2282"><net_src comp="2278" pin="1"/><net_sink comp="1494" pin=0"/></net>

<net id="2286"><net_src comp="859" pin="1"/><net_sink comp="2283" pin=0"/></net>

<net id="2287"><net_src comp="2283" pin="1"/><net_sink comp="924" pin=0"/></net>

<net id="2291"><net_src comp="862" pin="2"/><net_sink comp="2288" pin=0"/></net>

<net id="2292"><net_src comp="2288" pin="1"/><net_sink comp="1326" pin=0"/></net>

<net id="2296"><net_src comp="867" pin="2"/><net_sink comp="2293" pin=0"/></net>

<net id="2297"><net_src comp="2293" pin="1"/><net_sink comp="1332" pin=0"/></net>

<net id="2301"><net_src comp="872" pin="2"/><net_sink comp="2298" pin=0"/></net>

<net id="2302"><net_src comp="2298" pin="1"/><net_sink comp="1338" pin=0"/></net>

<net id="2306"><net_src comp="877" pin="2"/><net_sink comp="2303" pin=0"/></net>

<net id="2307"><net_src comp="2303" pin="1"/><net_sink comp="1344" pin=0"/></net>

<net id="2311"><net_src comp="882" pin="1"/><net_sink comp="2308" pin=0"/></net>

<net id="2312"><net_src comp="2308" pin="1"/><net_sink comp="931" pin=1"/></net>

<net id="2313"><net_src comp="2308" pin="1"/><net_sink comp="939" pin=1"/></net>

<net id="2317"><net_src comp="885" pin="1"/><net_sink comp="2314" pin=0"/></net>

<net id="2318"><net_src comp="2314" pin="1"/><net_sink comp="947" pin=1"/></net>

<net id="2319"><net_src comp="2314" pin="1"/><net_sink comp="987" pin=1"/></net>

<net id="2320"><net_src comp="2314" pin="1"/><net_sink comp="1049" pin=1"/></net>

<net id="2321"><net_src comp="2314" pin="1"/><net_sink comp="1095" pin=1"/></net>

<net id="2325"><net_src comp="888" pin="2"/><net_sink comp="2322" pin=0"/></net>

<net id="2326"><net_src comp="2322" pin="1"/><net_sink comp="1350" pin=0"/></net>

<net id="2330"><net_src comp="894" pin="1"/><net_sink comp="2327" pin=0"/></net>

<net id="2331"><net_src comp="2327" pin="1"/><net_sink comp="952" pin=1"/></net>

<net id="2332"><net_src comp="2327" pin="1"/><net_sink comp="1011" pin=1"/></net>

<net id="2333"><net_src comp="2327" pin="1"/><net_sink comp="1054" pin=1"/></net>

<net id="2334"><net_src comp="2327" pin="1"/><net_sink comp="1103" pin=1"/></net>

<net id="2338"><net_src comp="897" pin="2"/><net_sink comp="2335" pin=0"/></net>

<net id="2339"><net_src comp="2335" pin="1"/><net_sink comp="1358" pin=0"/></net>

<net id="2343"><net_src comp="903" pin="1"/><net_sink comp="2340" pin=0"/></net>

<net id="2344"><net_src comp="2340" pin="1"/><net_sink comp="972" pin=1"/></net>

<net id="2345"><net_src comp="2340" pin="1"/><net_sink comp="1015" pin=1"/></net>

<net id="2346"><net_src comp="2340" pin="1"/><net_sink comp="1059" pin=1"/></net>

<net id="2347"><net_src comp="2340" pin="1"/><net_sink comp="1108" pin=1"/></net>

<net id="2351"><net_src comp="906" pin="2"/><net_sink comp="2348" pin=0"/></net>

<net id="2352"><net_src comp="2348" pin="1"/><net_sink comp="1366" pin=0"/></net>

<net id="2356"><net_src comp="912" pin="1"/><net_sink comp="2353" pin=0"/></net>

<net id="2357"><net_src comp="2353" pin="1"/><net_sink comp="1389" pin=0"/></net>

<net id="2358"><net_src comp="2353" pin="1"/><net_sink comp="1435" pin=1"/></net>

<net id="2359"><net_src comp="2353" pin="1"/><net_sink comp="1476" pin=1"/></net>

<net id="2360"><net_src comp="2353" pin="1"/><net_sink comp="1533" pin=1"/></net>

<net id="2361"><net_src comp="2353" pin="1"/><net_sink comp="1596" pin=1"/></net>

<net id="2365"><net_src comp="915" pin="1"/><net_sink comp="2362" pin=0"/></net>

<net id="2366"><net_src comp="2362" pin="1"/><net_sink comp="1396" pin=0"/></net>

<net id="2367"><net_src comp="2362" pin="1"/><net_sink comp="1441" pin=1"/></net>

<net id="2368"><net_src comp="2362" pin="1"/><net_sink comp="1482" pin=1"/></net>

<net id="2369"><net_src comp="2362" pin="1"/><net_sink comp="1545" pin=1"/></net>

<net id="2370"><net_src comp="2362" pin="1"/><net_sink comp="1609" pin=1"/></net>

<net id="2374"><net_src comp="1284" pin="3"/><net_sink comp="2371" pin=0"/></net>

<net id="2375"><net_src comp="2371" pin="1"/><net_sink comp="999" pin=0"/></net>

<net id="2379"><net_src comp="918" pin="1"/><net_sink comp="2376" pin=0"/></net>

<net id="2380"><net_src comp="2376" pin="1"/><net_sink comp="1403" pin=0"/></net>

<net id="2381"><net_src comp="2376" pin="1"/><net_sink comp="1410" pin=0"/></net>

<net id="2382"><net_src comp="2376" pin="1"/><net_sink comp="1429" pin=0"/></net>

<net id="2383"><net_src comp="2376" pin="1"/><net_sink comp="1435" pin=0"/></net>

<net id="2384"><net_src comp="2376" pin="1"/><net_sink comp="1441" pin=0"/></net>

<net id="2388"><net_src comp="1290" pin="3"/><net_sink comp="2385" pin=0"/></net>

<net id="2389"><net_src comp="2385" pin="1"/><net_sink comp="1003" pin=0"/></net>

<net id="2393"><net_src comp="921" pin="1"/><net_sink comp="2390" pin=0"/></net>

<net id="2394"><net_src comp="2390" pin="1"/><net_sink comp="1417" pin=0"/></net>

<net id="2395"><net_src comp="2390" pin="1"/><net_sink comp="1423" pin=0"/></net>

<net id="2396"><net_src comp="2390" pin="1"/><net_sink comp="1454" pin=0"/></net>

<net id="2397"><net_src comp="2390" pin="1"/><net_sink comp="1459" pin=0"/></net>

<net id="2398"><net_src comp="2390" pin="1"/><net_sink comp="1488" pin=0"/></net>

<net id="2402"><net_src comp="1296" pin="3"/><net_sink comp="2399" pin=0"/></net>

<net id="2403"><net_src comp="2399" pin="1"/><net_sink comp="1514" pin=0"/></net>

<net id="2407"><net_src comp="1301" pin="3"/><net_sink comp="2404" pin=0"/></net>

<net id="2408"><net_src comp="2404" pin="1"/><net_sink comp="1527" pin=0"/></net>

<net id="2412"><net_src comp="1306" pin="3"/><net_sink comp="2409" pin=0"/></net>

<net id="2413"><net_src comp="2409" pin="1"/><net_sink comp="1539" pin=0"/></net>

<net id="2417"><net_src comp="1311" pin="3"/><net_sink comp="2414" pin=0"/></net>

<net id="2418"><net_src comp="2414" pin="1"/><net_sink comp="1551" pin=0"/></net>

<net id="2422"><net_src comp="924" pin="2"/><net_sink comp="2419" pin=0"/></net>

<net id="2423"><net_src comp="2419" pin="1"/><net_sink comp="1384" pin=0"/></net>

<net id="2427"><net_src comp="928" pin="1"/><net_sink comp="2424" pin=0"/></net>

<net id="2428"><net_src comp="2424" pin="1"/><net_sink comp="976" pin=1"/></net>

<net id="2429"><net_src comp="2424" pin="1"/><net_sink comp="1019" pin=1"/></net>

<net id="2430"><net_src comp="2424" pin="1"/><net_sink comp="1064" pin=1"/></net>

<net id="2431"><net_src comp="2424" pin="1"/><net_sink comp="1125" pin=1"/></net>

<net id="2435"><net_src comp="931" pin="2"/><net_sink comp="2432" pin=0"/></net>

<net id="2436"><net_src comp="2432" pin="1"/><net_sink comp="1389" pin=0"/></net>

<net id="2440"><net_src comp="936" pin="1"/><net_sink comp="2437" pin=0"/></net>

<net id="2441"><net_src comp="2437" pin="1"/><net_sink comp="980" pin=1"/></net>

<net id="2442"><net_src comp="2437" pin="1"/><net_sink comp="1023" pin=1"/></net>

<net id="2443"><net_src comp="2437" pin="1"/><net_sink comp="1088" pin=1"/></net>

<net id="2444"><net_src comp="2437" pin="1"/><net_sink comp="1129" pin=1"/></net>

<net id="2448"><net_src comp="939" pin="2"/><net_sink comp="2445" pin=0"/></net>

<net id="2449"><net_src comp="2445" pin="1"/><net_sink comp="1396" pin=0"/></net>

<net id="2453"><net_src comp="944" pin="1"/><net_sink comp="2450" pin=0"/></net>

<net id="2454"><net_src comp="2450" pin="1"/><net_sink comp="972" pin=0"/></net>

<net id="2455"><net_src comp="2450" pin="1"/><net_sink comp="976" pin=0"/></net>

<net id="2456"><net_src comp="2450" pin="1"/><net_sink comp="980" pin=0"/></net>

<net id="2460"><net_src comp="947" pin="2"/><net_sink comp="2457" pin=0"/></net>

<net id="2461"><net_src comp="2457" pin="1"/><net_sink comp="1403" pin=0"/></net>

<net id="2465"><net_src comp="952" pin="2"/><net_sink comp="2462" pin=0"/></net>

<net id="2466"><net_src comp="2462" pin="1"/><net_sink comp="1410" pin=0"/></net>

<net id="2470"><net_src comp="1316" pin="3"/><net_sink comp="2467" pin=0"/></net>

<net id="2471"><net_src comp="2467" pin="1"/><net_sink comp="1007" pin=0"/></net>

<net id="2475"><net_src comp="1321" pin="3"/><net_sink comp="2472" pin=0"/></net>

<net id="2476"><net_src comp="2472" pin="1"/><net_sink comp="1030" pin=0"/></net>

<net id="2480"><net_src comp="957" pin="1"/><net_sink comp="2477" pin=0"/></net>

<net id="2481"><net_src comp="2477" pin="1"/><net_sink comp="1447" pin=0"/></net>

<net id="2482"><net_src comp="2477" pin="1"/><net_sink comp="1464" pin=0"/></net>

<net id="2483"><net_src comp="2477" pin="1"/><net_sink comp="1470" pin=0"/></net>

<net id="2484"><net_src comp="2477" pin="1"/><net_sink comp="1476" pin=0"/></net>

<net id="2485"><net_src comp="2477" pin="1"/><net_sink comp="1482" pin=0"/></net>

<net id="2489"><net_src comp="1326" pin="3"/><net_sink comp="2486" pin=0"/></net>

<net id="2490"><net_src comp="2486" pin="1"/><net_sink comp="1575" pin=0"/></net>

<net id="2494"><net_src comp="1332" pin="3"/><net_sink comp="2491" pin=0"/></net>

<net id="2495"><net_src comp="2491" pin="1"/><net_sink comp="1582" pin=0"/></net>

<net id="2499"><net_src comp="1338" pin="3"/><net_sink comp="2496" pin=0"/></net>

<net id="2500"><net_src comp="2496" pin="1"/><net_sink comp="1589" pin=0"/></net>

<net id="2504"><net_src comp="1344" pin="3"/><net_sink comp="2501" pin=0"/></net>

<net id="2505"><net_src comp="2501" pin="1"/><net_sink comp="1602" pin=0"/></net>

<net id="2509"><net_src comp="960" pin="2"/><net_sink comp="2506" pin=0"/></net>

<net id="2510"><net_src comp="2506" pin="1"/><net_sink comp="216" pin=1"/></net>

<net id="2514"><net_src comp="964" pin="2"/><net_sink comp="2511" pin=0"/></net>

<net id="2515"><net_src comp="2511" pin="1"/><net_sink comp="216" pin=4"/></net>

<net id="2519"><net_src comp="968" pin="2"/><net_sink comp="2516" pin=0"/></net>

<net id="2520"><net_src comp="2516" pin="1"/><net_sink comp="216" pin=1"/></net>

<net id="2524"><net_src comp="972" pin="2"/><net_sink comp="2521" pin=0"/></net>

<net id="2525"><net_src comp="2521" pin="1"/><net_sink comp="1429" pin=0"/></net>

<net id="2529"><net_src comp="976" pin="2"/><net_sink comp="2526" pin=0"/></net>

<net id="2530"><net_src comp="2526" pin="1"/><net_sink comp="1435" pin=0"/></net>

<net id="2534"><net_src comp="1374" pin="3"/><net_sink comp="2531" pin=0"/></net>

<net id="2535"><net_src comp="2531" pin="1"/><net_sink comp="1034" pin=0"/></net>

<net id="2539"><net_src comp="980" pin="2"/><net_sink comp="2536" pin=0"/></net>

<net id="2540"><net_src comp="2536" pin="1"/><net_sink comp="1441" pin=0"/></net>

<net id="2544"><net_src comp="1379" pin="3"/><net_sink comp="2541" pin=0"/></net>

<net id="2545"><net_src comp="2541" pin="1"/><net_sink comp="1038" pin=0"/></net>

<net id="2549"><net_src comp="984" pin="1"/><net_sink comp="2546" pin=0"/></net>

<net id="2550"><net_src comp="2546" pin="1"/><net_sink comp="1011" pin=0"/></net>

<net id="2551"><net_src comp="2546" pin="1"/><net_sink comp="1015" pin=0"/></net>

<net id="2552"><net_src comp="2546" pin="1"/><net_sink comp="1019" pin=0"/></net>

<net id="2553"><net_src comp="2546" pin="1"/><net_sink comp="1023" pin=0"/></net>

<net id="2557"><net_src comp="987" pin="2"/><net_sink comp="2554" pin=0"/></net>

<net id="2558"><net_src comp="2554" pin="1"/><net_sink comp="1447" pin=0"/></net>

<net id="2562"><net_src comp="992" pin="1"/><net_sink comp="2559" pin=0"/></net>

<net id="2563"><net_src comp="2559" pin="1"/><net_sink comp="1494" pin=0"/></net>

<net id="2564"><net_src comp="2559" pin="1"/><net_sink comp="1514" pin=0"/></net>

<net id="2565"><net_src comp="2559" pin="1"/><net_sink comp="1527" pin=0"/></net>

<net id="2566"><net_src comp="2559" pin="1"/><net_sink comp="1539" pin=0"/></net>

<net id="2567"><net_src comp="2559" pin="1"/><net_sink comp="1551" pin=0"/></net>

<net id="2571"><net_src comp="1384" pin="3"/><net_sink comp="2568" pin=0"/></net>

<net id="2572"><net_src comp="2568" pin="1"/><net_sink comp="1614" pin=0"/></net>

<net id="2576"><net_src comp="995" pin="2"/><net_sink comp="2573" pin=0"/></net>

<net id="2577"><net_src comp="2573" pin="1"/><net_sink comp="216" pin=4"/></net>

<net id="2581"><net_src comp="999" pin="2"/><net_sink comp="2578" pin=0"/></net>

<net id="2582"><net_src comp="2578" pin="1"/><net_sink comp="216" pin=4"/></net>

<net id="2586"><net_src comp="1003" pin="2"/><net_sink comp="2583" pin=0"/></net>

<net id="2587"><net_src comp="2583" pin="1"/><net_sink comp="216" pin=1"/></net>

<net id="2591"><net_src comp="1007" pin="2"/><net_sink comp="2588" pin=0"/></net>

<net id="2592"><net_src comp="2588" pin="1"/><net_sink comp="216" pin=4"/></net>

<net id="2596"><net_src comp="1417" pin="3"/><net_sink comp="2593" pin=0"/></net>

<net id="2597"><net_src comp="2593" pin="1"/><net_sink comp="1042" pin=0"/></net>

<net id="2601"><net_src comp="1011" pin="2"/><net_sink comp="2598" pin=0"/></net>

<net id="2602"><net_src comp="2598" pin="1"/><net_sink comp="1464" pin=0"/></net>

<net id="2606"><net_src comp="1423" pin="3"/><net_sink comp="2603" pin=0"/></net>

<net id="2607"><net_src comp="2603" pin="1"/><net_sink comp="1072" pin=0"/></net>

<net id="2611"><net_src comp="1015" pin="2"/><net_sink comp="2608" pin=0"/></net>

<net id="2612"><net_src comp="2608" pin="1"/><net_sink comp="1470" pin=0"/></net>

<net id="2616"><net_src comp="1019" pin="2"/><net_sink comp="2613" pin=0"/></net>

<net id="2617"><net_src comp="2613" pin="1"/><net_sink comp="1476" pin=0"/></net>

<net id="2621"><net_src comp="1023" pin="2"/><net_sink comp="2618" pin=0"/></net>

<net id="2622"><net_src comp="2618" pin="1"/><net_sink comp="1482" pin=0"/></net>

<net id="2626"><net_src comp="1027" pin="1"/><net_sink comp="2623" pin=0"/></net>

<net id="2627"><net_src comp="2623" pin="1"/><net_sink comp="1500" pin=0"/></net>

<net id="2628"><net_src comp="2623" pin="1"/><net_sink comp="1507" pin=0"/></net>

<net id="2629"><net_src comp="2623" pin="1"/><net_sink comp="1520" pin=0"/></net>

<net id="2630"><net_src comp="2623" pin="1"/><net_sink comp="1533" pin=0"/></net>

<net id="2631"><net_src comp="2623" pin="1"/><net_sink comp="1545" pin=0"/></net>

<net id="2635"><net_src comp="1030" pin="2"/><net_sink comp="2632" pin=0"/></net>

<net id="2636"><net_src comp="2632" pin="1"/><net_sink comp="216" pin=1"/></net>

<net id="2640"><net_src comp="1034" pin="2"/><net_sink comp="2637" pin=0"/></net>

<net id="2641"><net_src comp="2637" pin="1"/><net_sink comp="216" pin=4"/></net>

<net id="2645"><net_src comp="1038" pin="2"/><net_sink comp="2642" pin=0"/></net>

<net id="2646"><net_src comp="2642" pin="1"/><net_sink comp="216" pin=1"/></net>

<net id="2650"><net_src comp="1042" pin="2"/><net_sink comp="2647" pin=0"/></net>

<net id="2651"><net_src comp="2647" pin="1"/><net_sink comp="216" pin=4"/></net>

<net id="2655"><net_src comp="1454" pin="3"/><net_sink comp="2652" pin=0"/></net>

<net id="2656"><net_src comp="2652" pin="1"/><net_sink comp="1076" pin=0"/></net>

<net id="2660"><net_src comp="1459" pin="3"/><net_sink comp="2657" pin=0"/></net>

<net id="2661"><net_src comp="2657" pin="1"/><net_sink comp="1080" pin=0"/></net>

<net id="2665"><net_src comp="1046" pin="1"/><net_sink comp="2662" pin=0"/></net>

<net id="2666"><net_src comp="2662" pin="1"/><net_sink comp="1088" pin=0"/></net>

<net id="2670"><net_src comp="1049" pin="2"/><net_sink comp="2667" pin=0"/></net>

<net id="2671"><net_src comp="2667" pin="1"/><net_sink comp="1500" pin=0"/></net>

<net id="2675"><net_src comp="1054" pin="2"/><net_sink comp="2672" pin=0"/></net>

<net id="2676"><net_src comp="2672" pin="1"/><net_sink comp="1507" pin=0"/></net>

<net id="2680"><net_src comp="1059" pin="2"/><net_sink comp="2677" pin=0"/></net>

<net id="2681"><net_src comp="2677" pin="1"/><net_sink comp="1520" pin=0"/></net>

<net id="2685"><net_src comp="1064" pin="2"/><net_sink comp="2682" pin=0"/></net>

<net id="2686"><net_src comp="2682" pin="1"/><net_sink comp="1533" pin=0"/></net>

<net id="2690"><net_src comp="1069" pin="1"/><net_sink comp="2687" pin=0"/></net>

<net id="2691"><net_src comp="2687" pin="1"/><net_sink comp="1557" pin=0"/></net>

<net id="2692"><net_src comp="2687" pin="1"/><net_sink comp="1563" pin=0"/></net>

<net id="2693"><net_src comp="2687" pin="1"/><net_sink comp="1569" pin=0"/></net>

<net id="2694"><net_src comp="2687" pin="1"/><net_sink comp="1596" pin=0"/></net>

<net id="2695"><net_src comp="2687" pin="1"/><net_sink comp="1609" pin=0"/></net>

<net id="2699"><net_src comp="1072" pin="2"/><net_sink comp="2696" pin=0"/></net>

<net id="2700"><net_src comp="2696" pin="1"/><net_sink comp="216" pin=1"/></net>

<net id="2704"><net_src comp="1076" pin="2"/><net_sink comp="2701" pin=0"/></net>

<net id="2705"><net_src comp="2701" pin="1"/><net_sink comp="216" pin=4"/></net>

<net id="2709"><net_src comp="1080" pin="2"/><net_sink comp="2706" pin=0"/></net>

<net id="2710"><net_src comp="2706" pin="1"/><net_sink comp="216" pin=1"/></net>

<net id="2714"><net_src comp="1084" pin="2"/><net_sink comp="2711" pin=0"/></net>

<net id="2715"><net_src comp="2711" pin="1"/><net_sink comp="216" pin=4"/></net>

<net id="2719"><net_src comp="1494" pin="3"/><net_sink comp="2716" pin=0"/></net>

<net id="2720"><net_src comp="2716" pin="1"/><net_sink comp="1113" pin=0"/></net>

<net id="2724"><net_src comp="1088" pin="2"/><net_sink comp="2721" pin=0"/></net>

<net id="2725"><net_src comp="2721" pin="1"/><net_sink comp="1545" pin=0"/></net>

<net id="2729"><net_src comp="1092" pin="1"/><net_sink comp="2726" pin=0"/></net>

<net id="2730"><net_src comp="2726" pin="1"/><net_sink comp="1125" pin=0"/></net>

<net id="2731"><net_src comp="2726" pin="1"/><net_sink comp="1129" pin=0"/></net>

<net id="2735"><net_src comp="1095" pin="2"/><net_sink comp="2732" pin=0"/></net>

<net id="2736"><net_src comp="2732" pin="1"/><net_sink comp="1557" pin=0"/></net>

<net id="2740"><net_src comp="1100" pin="1"/><net_sink comp="2737" pin=0"/></net>

<net id="2741"><net_src comp="2737" pin="1"/><net_sink comp="1575" pin=0"/></net>

<net id="2742"><net_src comp="2737" pin="1"/><net_sink comp="1582" pin=0"/></net>

<net id="2743"><net_src comp="2737" pin="1"/><net_sink comp="1589" pin=0"/></net>

<net id="2744"><net_src comp="2737" pin="1"/><net_sink comp="1602" pin=0"/></net>

<net id="2745"><net_src comp="2737" pin="1"/><net_sink comp="1614" pin=0"/></net>

<net id="2749"><net_src comp="1103" pin="2"/><net_sink comp="2746" pin=0"/></net>

<net id="2750"><net_src comp="2746" pin="1"/><net_sink comp="1563" pin=0"/></net>

<net id="2754"><net_src comp="1108" pin="2"/><net_sink comp="2751" pin=0"/></net>

<net id="2755"><net_src comp="2751" pin="1"/><net_sink comp="1569" pin=0"/></net>

<net id="2759"><net_src comp="1113" pin="2"/><net_sink comp="2756" pin=0"/></net>

<net id="2760"><net_src comp="2756" pin="1"/><net_sink comp="216" pin=1"/></net>

<net id="2764"><net_src comp="1117" pin="2"/><net_sink comp="2761" pin=0"/></net>

<net id="2765"><net_src comp="2761" pin="1"/><net_sink comp="216" pin=4"/></net>

<net id="2769"><net_src comp="1121" pin="2"/><net_sink comp="2766" pin=0"/></net>

<net id="2770"><net_src comp="2766" pin="1"/><net_sink comp="216" pin=1"/></net>

<net id="2774"><net_src comp="1533" pin="3"/><net_sink comp="2771" pin=0"/></net>

<net id="2775"><net_src comp="2771" pin="1"/><net_sink comp="1133" pin=1"/></net>

<net id="2779"><net_src comp="1125" pin="2"/><net_sink comp="2776" pin=0"/></net>

<net id="2780"><net_src comp="2776" pin="1"/><net_sink comp="1596" pin=0"/></net>

<net id="2784"><net_src comp="1129" pin="2"/><net_sink comp="2781" pin=0"/></net>

<net id="2785"><net_src comp="2781" pin="1"/><net_sink comp="1609" pin=0"/></net>

<net id="2789"><net_src comp="1133" pin="2"/><net_sink comp="2786" pin=0"/></net>

<net id="2790"><net_src comp="2786" pin="1"/><net_sink comp="216" pin=4"/></net>

<net id="2794"><net_src comp="1137" pin="2"/><net_sink comp="2791" pin=0"/></net>

<net id="2795"><net_src comp="2791" pin="1"/><net_sink comp="216" pin=1"/></net>

<net id="2799"><net_src comp="1557" pin="3"/><net_sink comp="2796" pin=0"/></net>

<net id="2800"><net_src comp="2796" pin="1"/><net_sink comp="1141" pin=1"/></net>

<net id="2804"><net_src comp="1563" pin="3"/><net_sink comp="2801" pin=0"/></net>

<net id="2805"><net_src comp="2801" pin="1"/><net_sink comp="1145" pin=1"/></net>

<net id="2809"><net_src comp="1569" pin="3"/><net_sink comp="2806" pin=0"/></net>

<net id="2810"><net_src comp="2806" pin="1"/><net_sink comp="1149" pin=1"/></net>

<net id="2814"><net_src comp="1141" pin="2"/><net_sink comp="2811" pin=0"/></net>

<net id="2815"><net_src comp="2811" pin="1"/><net_sink comp="216" pin=4"/></net>

<net id="2819"><net_src comp="1145" pin="2"/><net_sink comp="2816" pin=0"/></net>

<net id="2820"><net_src comp="2816" pin="1"/><net_sink comp="216" pin=1"/></net>

<net id="2824"><net_src comp="1149" pin="2"/><net_sink comp="2821" pin=0"/></net>

<net id="2825"><net_src comp="2821" pin="1"/><net_sink comp="216" pin=4"/></net>

<net id="2829"><net_src comp="1153" pin="2"/><net_sink comp="2826" pin=0"/></net>

<net id="2830"><net_src comp="2826" pin="1"/><net_sink comp="216" pin=1"/></net>

<net id="2834"><net_src comp="1609" pin="3"/><net_sink comp="2831" pin=0"/></net>

<net id="2835"><net_src comp="2831" pin="1"/><net_sink comp="1157" pin=1"/></net>

<net id="2839"><net_src comp="1157" pin="2"/><net_sink comp="2836" pin=0"/></net>

<net id="2840"><net_src comp="2836" pin="1"/><net_sink comp="216" pin=1"/></net>

</net_list>

</model> 
---------------- Datapath Model END ------------------

* FSMD analyzer results:
  - Output states:
	Port: prod | {12 13 14 15 16 17 18 19 20 21 22 23 24 }
 - Input state : 
	Port: matrix_mult : a | {1 2 3 4 }
	Port: matrix_mult : b | {1 2 3 4 }
  - Chain level:
	State 1
		a_load : 1
		b_load : 1
		b_load_1 : 1
		a_load_1 : 1
	State 2
		trunc_ln16 : 1
		trunc_ln16_1 : 1
		tmp1 : 1
		tmp_s : 1
		tmp_1 : 1
		tmp_2 : 1
		tmp_3 : 1
		tmp_4 : 1
		tmp_5 : 1
		sext_ln16_8 : 2
		tmp_6 : 1
		sext_ln16_9 : 2
		mul_ln16_4 : 3
		trunc_ln16_2 : 1
		tmp_7 : 1
		tmp_8 : 1
		tmp_9 : 1
		tmp_10 : 1
		sext_ln16_14 : 2
		mul_ln16_9 : 3
		b_load_2 : 1
		b_load_3 : 1
		trunc_ln16_6 : 1
		tmp_23 : 1
		tmp_24 : 1
		tmp_25 : 1
		tmp_26 : 1
		sext_ln16_34 : 2
		mul_ln16_29 : 3
		mul_ln16_34 : 3
		a_load_2 : 1
		a_load_3 : 1
	State 3
		mul_ln16_3 : 1
		mul_ln16_8 : 1
		trunc_ln16_3 : 1
		tmp_11 : 1
		tmp_12 : 1
		tmp_13 : 1
		tmp_14 : 1
		sext_ln16_19 : 2
		mul_ln16_14 : 3
		trunc_ln16_4 : 1
		tmp_15 : 1
		tmp_16 : 1
		tmp_17 : 1
		tmp_18 : 1
		sext_ln16_24 : 2
		mul_ln16_19 : 3
		b_load_4 : 1
		mul_ln16_28 : 1
		mul_ln16_33 : 1
		mul_ln16_39 : 3
		mul_ln16_44 : 3
		trunc_ln16_7 : 1
		tmp_27 : 1
		tmp_28 : 1
		tmp_29 : 1
		tmp_30 : 1
		trunc_ln16_8 : 1
		tmp_31 : 1
		tmp_32 : 1
		tmp_33 : 1
		tmp_34 : 1
		a_load_4 : 1
	State 4
		mul_ln16_2 : 1
		add_ln16_1 : 1
		mul_ln16_7 : 1
		add_ln16_5 : 1
		mul_ln16_13 : 1
		mul_ln16_18 : 1
		trunc_ln16_5 : 1
		tmp_19 : 1
		tmp_20 : 1
		tmp_21 : 1
		tmp_22 : 1
		sext_ln16_29 : 2
		mul_ln16_24 : 3
		add_ln16_21 : 1
		add_ln16_25 : 1
		mul_ln16_38 : 1
		mul_ln16_43 : 1
		mul_ln16_49 : 3
		mul_ln16_54 : 1
		mul_ln16_59 : 1
		trunc_ln16_9 : 1
		tmp_35 : 1
		tmp_36 : 1
		tmp_37 : 1
		tmp_38 : 1
	State 5
		mul_ln16_12 : 1
		add_ln16_9 : 1
		mul_ln16_17 : 1
		add_ln16_13 : 1
		mul_ln16_23 : 1
		add_ln16_29 : 1
		add_ln16_33 : 1
		mul_ln16_48 : 1
		mul_ln16_53 : 1
		mul_ln16_58 : 1
		mul_ln16_79 : 1
	State 6
		add_ln16_2 : 1
		add_ln16_6 : 1
		mul_ln16_22 : 1
		add_ln16_17 : 1
		mul_ln16_27 : 1
		add_ln16_37 : 1
		add_ln16_41 : 1
		add_ln16_45 : 1
		mul_ln16_78 : 1
	State 7
		add_ln16_10 : 1
		add_ln16_14 : 1
		add_ln16_49 : 1
		add_ln16_53 : 1
		add_ln16_57 : 1
		add_ln16_61 : 1
		mul_ln16_104 : 1
		mul_ln16_109 : 1
		mul_ln16_114 : 1
		mul_ln16_119 : 1
	State 8
		mul_ln16 : 1
		mul_ln16_5 : 1
		mul_ln16_10 : 1
		add_ln16_18 : 1
		add_ln16_22 : 1
		add_ln16_65 : 1
		add_ln16_69 : 1
		add_ln16_73 : 1
		add_ln16_77 : 1
		mul_ln16_103 : 1
		mul_ln16_108 : 1
		mul_ln16_113 : 1
		mul_ln16_118 : 1
	State 9
		mul_ln16_1 : 1
		mul_ln16_6 : 1
		mul_ln16_11 : 1
		mul_ln16_15 : 1
		mul_ln16_20 : 1
		mul_ln16_25 : 1
		mul_ln16_30 : 1
		add_ln16_26 : 1
		add_ln16_30 : 1
		mul_ln16_52 : 1
		mul_ln16_57 : 1
		add_ln16_81 : 1
		add_ln16_85 : 1
		add_ln16_89 : 1
		add_ln16_93 : 1
	State 10
		add_ln16 : 1
		add_ln16_4 : 1
		add_ln16_8 : 1
		mul_ln16_16 : 1
		mul_ln16_21 : 1
		mul_ln16_26 : 1
		mul_ln16_31 : 1
		add_ln16_34 : 1
		add_ln16_38 : 1
		mul_ln16_50 : 1
		add_ln16_97 : 1
	State 11
		add_ln16_3 : 1
		add_ln16_7 : 1
		add_ln16_11 : 1
		add_ln16_12 : 1
		add_ln16_16 : 1
		add_ln16_20 : 1
		add_ln16_24 : 1
		mul_ln16_51 : 1
		add_ln16_42 : 1
		add_ln16_46 : 1
		mul_ln16_77 : 1
	State 12
		store_ln16 : 1
		store_ln16 : 1
		add_ln16_15 : 1
		add_ln16_19 : 1
		add_ln16_23 : 1
		add_ln16_27 : 1
		add_ln16_28 : 1
		add_ln16_32 : 1
		add_ln16_36 : 1
		add_ln16_40 : 1
		add_ln16_50 : 1
		add_ln16_54 : 1
		mul_ln16_75 : 1
		mul_ln16_80 : 1
		mul_ln16_85 : 1
		mul_ln16_90 : 1
	State 13
		store_ln16 : 1
		store_ln16 : 1
		add_ln16_31 : 1
		add_ln16_35 : 1
		add_ln16_39 : 1
		add_ln16_43 : 1
		add_ln16_44 : 1
		add_ln16_48 : 1
		add_ln16_52 : 1
		add_ln16_56 : 1
		add_ln16_58 : 1
		mul_ln16_76 : 1
		add_ln16_62 : 1
		mul_ln16_81 : 1
		mul_ln16_86 : 1
		mul_ln16_91 : 1
		mul_ln16_100 : 1
		mul_ln16_105 : 1
		mul_ln16_110 : 1
	State 14
		store_ln16 : 1
		store_ln16 : 1
		add_ln16_47 : 1
		add_ln16_51 : 1
		add_ln16_55 : 1
		add_ln16_59 : 1
		add_ln16_60 : 1
		add_ln16_64 : 1
		add_ln16_66 : 1
		add_ln16_68 : 1
		add_ln16_70 : 1
		add_ln16_72 : 1
		mul_ln16_101 : 1
		mul_ln16_102 : 1
		mul_ln16_106 : 1
		mul_ln16_107 : 1
		mul_ln16_111 : 1
		mul_ln16_112 : 1
		mul_ln16_117 : 1
	State 15
		store_ln16 : 1
		store_ln16 : 1
		add_ln16_63 : 1
		add_ln16_67 : 1
		add_ln16_71 : 1
		add_ln16_74 : 1
		add_ln16_76 : 1
		add_ln16_78 : 1
		add_ln16_80 : 1
		add_ln16_84 : 1
		add_ln16_88 : 1
	State 16
		store_ln16 : 1
		store_ln16 : 1
		add_ln16_75 : 1
		add_ln16_79 : 1
		add_ln16_82 : 1
		add_ln16_86 : 1
		add_ln16_90 : 1
		add_ln16_92 : 1
		add_ln16_94 : 1
		add_ln16_96 : 1
	State 17
		store_ln16 : 1
		store_ln16 : 1
		add_ln16_83 : 1
		add_ln16_87 : 1
		add_ln16_91 : 1
		add_ln16_95 : 1
		add_ln16_98 : 1
	State 18
		store_ln16 : 1
		store_ln16 : 1
		add_ln16_99 : 1
	State 19
		store_ln16 : 1
		store_ln16 : 1
	State 20
		store_ln16 : 1
		store_ln16 : 1
	State 21
		store_ln16 : 1
		store_ln16 : 1
	State 22
		store_ln16 : 1
		store_ln16 : 1
	State 23
		store_ln16 : 1
		store_ln16 : 1
	State 24
		store_ln16 : 1


============================================================
+ Verbose Summary: Datapath Resource usage 
============================================================

* Functional unit list:
|----------|----------------------|---------|---------|---------|
| Operation|    Functional Unit   |   DSP   |    FF   |   LUT   |
|----------|----------------------|---------|---------|---------|
|          |   mul_ln16_3_fu_654  |    0    |    0    |    41   |
|          |   mul_ln16_8_fu_664  |    0    |    0    |    41   |
|          |  mul_ln16_28_fu_690  |    0    |    0    |    41   |
|          |  mul_ln16_33_fu_696  |    0    |    0    |    41   |
|          |  mul_ln16_13_fu_724  |    0    |    0    |    41   |
|          |  mul_ln16_18_fu_733  |    0    |    0    |    41   |
|          |  mul_ln16_38_fu_746  |    0    |    0    |    41   |
|          |  mul_ln16_43_fu_751  |    0    |    0    |    41   |
|          |  mul_ln16_23_fu_773  |    0    |    0    |    41   |
|          |  mul_ln16_48_fu_778  |    0    |    0    |    41   |
|          |  mul_ln16_53_fu_787  |    0    |    0    |    41   |
|          |  mul_ln16_58_fu_792  |    0    |    0    |    41   |
|          |  mul_ln16_63_fu_807  |    0    |    0    |    41   |
|          |  mul_ln16_68_fu_811  |    0    |    0    |    41   |
|          |  mul_ln16_73_fu_815  |    0    |    0    |    41   |
|          |  mul_ln16_78_fu_823  |    0    |    0    |    41   |
|          |  mul_ln16_83_fu_828  |    0    |    0    |    41   |
|          |  mul_ln16_88_fu_832  |    0    |    0    |    41   |
|          |  mul_ln16_93_fu_836  |    0    |    0    |    41   |
|          |  mul_ln16_98_fu_840  |    0    |    0    |    41   |
|          |  mul_ln16_103_fu_862 |    0    |    0    |    41   |
|          |  mul_ln16_108_fu_867 |    0    |    0    |    41   |
|          |  mul_ln16_113_fu_872 |    0    |    0    |    41   |
|          |  mul_ln16_118_fu_877 |    0    |    0    |    41   |
|    mul   |   mul_ln16_1_fu_888  |    0    |    0    |    41   |
|          |   mul_ln16_6_fu_897  |    0    |    0    |    41   |
|          |  mul_ln16_11_fu_906  |    0    |    0    |    41   |
|          |  mul_ln16_123_fu_924 |    0    |    0    |    41   |
|          |  mul_ln16_16_fu_931  |    0    |    0    |    41   |
|          |  mul_ln16_21_fu_939  |    0    |    0    |    41   |
|          |  mul_ln16_26_fu_947  |    0    |    0    |    41   |
|          |  mul_ln16_31_fu_952  |    0    |    0    |    41   |
|          |  mul_ln16_36_fu_972  |    0    |    0    |    41   |
|          |  mul_ln16_41_fu_976  |    0    |    0    |    41   |
|          |  mul_ln16_46_fu_980  |    0    |    0    |    41   |
|          |  mul_ln16_51_fu_987  |    0    |    0    |    41   |
|          |  mul_ln16_56_fu_1011 |    0    |    0    |    41   |
|          |  mul_ln16_61_fu_1015 |    0    |    0    |    41   |
|          |  mul_ln16_66_fu_1019 |    0    |    0    |    41   |
|          |  mul_ln16_71_fu_1023 |    0    |    0    |    41   |
|          |  mul_ln16_76_fu_1049 |    0    |    0    |    41   |
|          |  mul_ln16_81_fu_1054 |    0    |    0    |    41   |
|          |  mul_ln16_86_fu_1059 |    0    |    0    |    41   |
|          |  mul_ln16_91_fu_1064 |    0    |    0    |    41   |
|          |  mul_ln16_96_fu_1088 |    0    |    0    |    41   |
|          | mul_ln16_101_fu_1095 |    0    |    0    |    41   |
|          | mul_ln16_106_fu_1103 |    0    |    0    |    41   |
|          | mul_ln16_111_fu_1108 |    0    |    0    |    41   |
|          | mul_ln16_116_fu_1125 |    0    |    0    |    41   |
|          | mul_ln16_121_fu_1129 |    0    |    0    |    41   |
|----------|----------------------|---------|---------|---------|
|          |   add_ln16_3_fu_960  |    0    |    0    |    23   |
|          |   add_ln16_7_fu_964  |    0    |    0    |    23   |
|          |  add_ln16_11_fu_968  |    0    |    0    |    23   |
|          |  add_ln16_15_fu_995  |    0    |    0    |    23   |
|          |  add_ln16_19_fu_999  |    0    |    0    |    23   |
|          |  add_ln16_23_fu_1003 |    0    |    0    |    23   |
|          |  add_ln16_27_fu_1007 |    0    |    0    |    23   |
|          |  add_ln16_31_fu_1030 |    0    |    0    |    23   |
|          |  add_ln16_35_fu_1034 |    0    |    0    |    23   |
|          |  add_ln16_39_fu_1038 |    0    |    0    |    23   |
|          |  add_ln16_43_fu_1042 |    0    |    0    |    23   |
|          |  add_ln16_47_fu_1072 |    0    |    0    |    23   |
|    add   |  add_ln16_51_fu_1076 |    0    |    0    |    23   |
|          |  add_ln16_55_fu_1080 |    0    |    0    |    23   |
|          |  add_ln16_59_fu_1084 |    0    |    0    |    23   |
|          |  add_ln16_63_fu_1113 |    0    |    0    |    23   |
|          |  add_ln16_67_fu_1117 |    0    |    0    |    23   |
|          |  add_ln16_71_fu_1121 |    0    |    0    |    23   |
|          |  add_ln16_75_fu_1133 |    0    |    0    |    23   |
|          |  add_ln16_79_fu_1137 |    0    |    0    |    23   |
|          |  add_ln16_83_fu_1141 |    0    |    0    |    23   |
|          |  add_ln16_87_fu_1145 |    0    |    0    |    23   |
|          |  add_ln16_91_fu_1149 |    0    |    0    |    23   |
|          |  add_ln16_95_fu_1153 |    0    |    0    |    23   |
|          |  add_ln16_99_fu_1157 |    0    |    0    |    23   |
|----------|----------------------|---------|---------|---------|
|          |      grp_fu_1161     |    1    |    0    |    0    |
|          |      grp_fu_1168     |    1    |    0    |    0    |
|          |      grp_fu_1175     |    1    |    0    |    0    |
|          |      grp_fu_1182     |    1    |    0    |    0    |
|          |      grp_fu_1189     |    1    |    0    |    0    |
|          |      grp_fu_1195     |    1    |    0    |    0    |
|          |      grp_fu_1201     |    1    |    0    |    0    |
|          |      grp_fu_1207     |    1    |    0    |    0    |
|          |      grp_fu_1213     |    1    |    0    |    0    |
|          |      grp_fu_1220     |    1    |    0    |    0    |
|          |      grp_fu_1227     |    1    |    0    |    0    |
|          |      grp_fu_1233     |    1    |    0    |    0    |
|          |      grp_fu_1239     |    1    |    0    |    0    |
|          |      grp_fu_1245     |    1    |    0    |    0    |
|          |      grp_fu_1251     |    1    |    0    |    0    |
|          |      grp_fu_1257     |    1    |    0    |    0    |
|          |      grp_fu_1263     |    1    |    0    |    0    |
|          |      grp_fu_1268     |    1    |    0    |    0    |
|          |      grp_fu_1273     |    1    |    0    |    0    |
|          |      grp_fu_1278     |    1    |    0    |    0    |
|          |      grp_fu_1284     |    1    |    0    |    0    |
|          |      grp_fu_1290     |    1    |    0    |    0    |
|          |      grp_fu_1296     |    1    |    0    |    0    |
|          |      grp_fu_1301     |    1    |    0    |    0    |
|          |      grp_fu_1306     |    1    |    0    |    0    |
|          |      grp_fu_1311     |    1    |    0    |    0    |
|          |      grp_fu_1316     |    1    |    0    |    0    |
|          |      grp_fu_1321     |    1    |    0    |    0    |
|          |      grp_fu_1326     |    1    |    0    |    0    |
|          |      grp_fu_1332     |    1    |    0    |    0    |
|          |      grp_fu_1338     |    1    |    0    |    0    |
|          |      grp_fu_1344     |    1    |    0    |    0    |
|          |      grp_fu_1350     |    1    |    0    |    0    |
|          |      grp_fu_1358     |    1    |    0    |    0    |
|          |      grp_fu_1366     |    1    |    0    |    0    |
|          |      grp_fu_1374     |    1    |    0    |    0    |
|          |      grp_fu_1379     |    1    |    0    |    0    |
|  muladd  |      grp_fu_1384     |    1    |    0    |    0    |
|          |      grp_fu_1389     |    1    |    0    |    0    |
|          |      grp_fu_1396     |    1    |    0    |    0    |
|          |      grp_fu_1403     |    1    |    0    |    0    |
|          |      grp_fu_1410     |    1    |    0    |    0    |
|          |      grp_fu_1417     |    1    |    0    |    0    |
|          |      grp_fu_1423     |    1    |    0    |    0    |
|          |      grp_fu_1429     |    1    |    0    |    0    |
|          |      grp_fu_1435     |    1    |    0    |    0    |
|          |      grp_fu_1441     |    1    |    0    |    0    |
|          |      grp_fu_1447     |    1    |    0    |    0    |
|          |      grp_fu_1454     |    1    |    0    |    0    |
|          |      grp_fu_1459     |    1    |    0    |    0    |
|          |      grp_fu_1464     |    1    |    0    |    0    |
|          |      grp_fu_1470     |    1    |    0    |    0    |
|          |      grp_fu_1476     |    1    |    0    |    0    |
|          |      grp_fu_1482     |    1    |    0    |    0    |
|          |      grp_fu_1488     |    1    |    0    |    0    |
|          |      grp_fu_1494     |    1    |    0    |    0    |
|          |      grp_fu_1500     |    1    |    0    |    0    |
|          |      grp_fu_1507     |    1    |    0    |    0    |
|          |      grp_fu_1514     |    1    |    0    |    0    |
|          |      grp_fu_1520     |    1    |    0    |    0    |
|          |      grp_fu_1527     |    1    |    0    |    0    |
|          |      grp_fu_1533     |    1    |    0    |    0    |
|          |      grp_fu_1539     |    1    |    0    |    0    |
|          |      grp_fu_1545     |    1    |    0    |    0    |
|          |      grp_fu_1551     |    1    |    0    |    0    |
|          |      grp_fu_1557     |    1    |    0    |    0    |
|          |      grp_fu_1563     |    1    |    0    |    0    |
|          |      grp_fu_1569     |    1    |    0    |    0    |
|          |      grp_fu_1575     |    1    |    0    |    0    |
|          |      grp_fu_1582     |    1    |    0    |    0    |
|          |      grp_fu_1589     |    1    |    0    |    0    |
|          |      grp_fu_1596     |    1    |    0    |    0    |
|          |      grp_fu_1602     |    1    |    0    |    0    |
|          |      grp_fu_1609     |    1    |    0    |    0    |
|          |      grp_fu_1614     |    1    |    0    |    0    |
|----------|----------------------|---------|---------|---------|
|          |      grp_fu_434      |    0    |    0    |    0    |
|          |      grp_fu_444      |    0    |    0    |    0    |
|          |      grp_fu_454      |    0    |    0    |    0    |
|          |      grp_fu_464      |    0    |    0    |    0    |
|          |      grp_fu_474      |    0    |    0    |    0    |
|          |      grp_fu_484      |    0    |    0    |    0    |
|          |      grp_fu_494      |    0    |    0    |    0    |
|partselect|      grp_fu_504      |    0    |    0    |    0    |
|          |      grp_fu_514      |    0    |    0    |    0    |
|          |      grp_fu_524      |    0    |    0    |    0    |
|          |      grp_fu_534      |    0    |    0    |    0    |
|          |      grp_fu_544      |    0    |    0    |    0    |
|          |      grp_fu_554      |    0    |    0    |    0    |
|          |      grp_fu_564      |    0    |    0    |    0    |
|          |      grp_fu_574      |    0    |    0    |    0    |
|          |      grp_fu_584      |    0    |    0    |    0    |
|----------|----------------------|---------|---------|---------|
|          |   trunc_ln16_fu_614  |    0    |    0    |    0    |
|          |  trunc_ln16_1_fu_618 |    0    |    0    |    0    |
|          |  trunc_ln16_2_fu_630 |    0    |    0    |    0    |
|          |  trunc_ln16_6_fu_638 |    0    |    0    |    0    |
|   trunc  |  trunc_ln16_3_fu_670 |    0    |    0    |    0    |
|          |  trunc_ln16_4_fu_678 |    0    |    0    |    0    |
|          |  trunc_ln16_7_fu_702 |    0    |    0    |    0    |
|          |  trunc_ln16_8_fu_706 |    0    |    0    |    0    |
|          |  trunc_ln16_5_fu_738 |    0    |    0    |    0    |
|          |  trunc_ln16_9_fu_759 |    0    |    0    |    0    |
|----------|----------------------|---------|---------|---------|
|          |  sext_ln16_8_fu_622  |    0    |    0    |    0    |
|          |  sext_ln16_9_fu_626  |    0    |    0    |    0    |
|          |  sext_ln16_14_fu_634 |    0    |    0    |    0    |
|          |  sext_ln16_34_fu_642 |    0    |    0    |    0    |
|          |  sext_ln16_6_fu_646  |    0    |    0    |    0    |
|          |  sext_ln16_7_fu_650  |    0    |    0    |    0    |
|          |  sext_ln16_13_fu_660 |    0    |    0    |    0    |
|          |  sext_ln16_19_fu_674 |    0    |    0    |    0    |
|          |  sext_ln16_24_fu_682 |    0    |    0    |    0    |
|          |  sext_ln16_33_fu_686 |    0    |    0    |    0    |
|          |  sext_ln16_4_fu_710  |    0    |    0    |    0    |
|          |  sext_ln16_5_fu_713  |    0    |    0    |    0    |
|          |  sext_ln16_12_fu_716 |    0    |    0    |    0    |
|          |  sext_ln16_18_fu_720 |    0    |    0    |    0    |
|          |  sext_ln16_23_fu_729 |    0    |    0    |    0    |
|          |  sext_ln16_29_fu_742 |    0    |    0    |    0    |
|          |  sext_ln16_39_fu_756 |    0    |    0    |    0    |
|          |  sext_ln16_17_fu_763 |    0    |    0    |    0    |
|          |  sext_ln16_22_fu_766 |    0    |    0    |    0    |
|          |  sext_ln16_28_fu_769 |    0    |    0    |    0    |
|          |  sext_ln16_38_fu_783 |    0    |    0    |    0    |
|          |  sext_ln16_44_fu_797 |    0    |    0    |    0    |
|          |  sext_ln16_27_fu_800 |    0    |    0    |    0    |
|          |  sext_ln16_32_fu_804 |    0    |    0    |    0    |
|   sext   |  sext_ln16_43_fu_819 |    0    |    0    |    0    |
|          |  sext_ln16_49_fu_844 |    0    |    0    |    0    |
|          |   sext_ln16_fu_847   |    0    |    0    |    0    |
|          |  sext_ln16_1_fu_850  |    0    |    0    |    0    |
|          |  sext_ln16_10_fu_853 |    0    |    0    |    0    |
|          |  sext_ln16_15_fu_856 |    0    |    0    |    0    |
|          |  sext_ln16_48_fu_859 |    0    |    0    |    0    |
|          |  sext_ln16_2_fu_882  |    0    |    0    |    0    |
|          |  sext_ln16_3_fu_885  |    0    |    0    |    0    |
|          |  sext_ln16_11_fu_894 |    0    |    0    |    0    |
|          |  sext_ln16_16_fu_903 |    0    |    0    |    0    |
|          |  sext_ln16_20_fu_912 |    0    |    0    |    0    |
|          |  sext_ln16_25_fu_915 |    0    |    0    |    0    |
|          |  sext_ln16_30_fu_918 |    0    |    0    |    0    |
|          |  sext_ln16_37_fu_921 |    0    |    0    |    0    |
|          |  sext_ln16_21_fu_928 |    0    |    0    |    0    |
|          |  sext_ln16_26_fu_936 |    0    |    0    |    0    |
|          |  sext_ln16_31_fu_944 |    0    |    0    |    0    |
|          |  sext_ln16_35_fu_957 |    0    |    0    |    0    |
|          |  sext_ln16_36_fu_984 |    0    |    0    |    0    |
|          |  sext_ln16_42_fu_992 |    0    |    0    |    0    |
|          | sext_ln16_40_fu_1027 |    0    |    0    |    0    |
|          | sext_ln16_41_fu_1046 |    0    |    0    |    0    |
|          | sext_ln16_45_fu_1069 |    0    |    0    |    0    |
|          | sext_ln16_46_fu_1092 |    0    |    0    |    0    |
|          | sext_ln16_47_fu_1100 |    0    |    0    |    0    |
|----------|----------------------|---------|---------|---------|
|   Total  |                      |    75   |    0    |   2625  |
|----------|----------------------|---------|---------|---------|

Memories:
N/A

* Register list:
+---------------------+--------+
|                     |   FF   |
+---------------------+--------+
|  a_addr_1_reg_1635  |    3   |
|  a_addr_2_reg_1741  |    3   |
|  a_addr_3_reg_1746  |    3   |
|  a_addr_4_reg_1892  |    3   |
|   a_addr_reg_1620   |    3   |
| add_ln16_10_reg_2253|   16   |
| add_ln16_11_reg_2516|   16   |
| add_ln16_13_reg_2097|   16   |
| add_ln16_14_reg_2258|   16   |
| add_ln16_15_reg_2573|   16   |
| add_ln16_17_reg_2168|   16   |
| add_ln16_18_reg_2371|   16   |
| add_ln16_19_reg_2578|   16   |
| add_ln16_1_reg_2011 |   16   |
| add_ln16_21_reg_2051|   16   |
| add_ln16_22_reg_2385|   16   |
| add_ln16_23_reg_2583|   16   |
| add_ln16_25_reg_2056|   16   |
| add_ln16_26_reg_2467|   16   |
| add_ln16_27_reg_2588|   16   |
| add_ln16_29_reg_2120|   16   |
| add_ln16_2_reg_2158 |   16   |
| add_ln16_30_reg_2472|   16   |
| add_ln16_31_reg_2632|   16   |
| add_ln16_33_reg_2125|   16   |
| add_ln16_34_reg_2531|   16   |
| add_ln16_35_reg_2637|   16   |
| add_ln16_37_reg_2173|   16   |
| add_ln16_38_reg_2541|   16   |
| add_ln16_39_reg_2642|   16   |
| add_ln16_3_reg_2506 |   16   |
| add_ln16_41_reg_2178|   16   |
| add_ln16_42_reg_2593|   16   |
| add_ln16_43_reg_2647|   16   |
| add_ln16_45_reg_2183|   16   |
| add_ln16_46_reg_2603|   16   |
| add_ln16_47_reg_2696|   16   |
| add_ln16_49_reg_2263|   16   |
| add_ln16_50_reg_2652|   16   |
| add_ln16_51_reg_2701|   16   |
| add_ln16_53_reg_2268|   16   |
| add_ln16_54_reg_2657|   16   |
| add_ln16_55_reg_2706|   16   |
| add_ln16_57_reg_2273|   16   |
| add_ln16_59_reg_2711|   16   |
| add_ln16_5_reg_2016 |   16   |
| add_ln16_61_reg_2278|   16   |
| add_ln16_62_reg_2716|   16   |
| add_ln16_63_reg_2756|   16   |
| add_ln16_65_reg_2399|   16   |
| add_ln16_67_reg_2761|   16   |
| add_ln16_69_reg_2404|   16   |
| add_ln16_6_reg_2163 |   16   |
| add_ln16_71_reg_2766|   16   |
| add_ln16_72_reg_2771|   16   |
| add_ln16_73_reg_2409|   16   |
| add_ln16_75_reg_2786|   16   |
| add_ln16_77_reg_2414|   16   |
| add_ln16_79_reg_2791|   16   |
| add_ln16_7_reg_2511 |   16   |
| add_ln16_80_reg_2796|   16   |
| add_ln16_81_reg_2486|   16   |
| add_ln16_83_reg_2811|   16   |
| add_ln16_84_reg_2801|   16   |
| add_ln16_85_reg_2491|   16   |
| add_ln16_87_reg_2816|   16   |
| add_ln16_88_reg_2806|   16   |
| add_ln16_89_reg_2496|   16   |
| add_ln16_91_reg_2821|   16   |
| add_ln16_93_reg_2501|   16   |
| add_ln16_95_reg_2826|   16   |
| add_ln16_96_reg_2831|   16   |
| add_ln16_97_reg_2568|   16   |
| add_ln16_99_reg_2836|   16   |
| add_ln16_9_reg_2092 |   16   |
|  b_addr_1_reg_1630  |    3   |
|  b_addr_2_reg_1707  |    3   |
|  b_addr_3_reg_1712  |    3   |
|  b_addr_4_reg_1830  |    3   |
|   b_addr_reg_1625   |    3   |
|mul_ln16_101_reg_2732|   16   |
|mul_ln16_103_reg_2288|   16   |
|mul_ln16_106_reg_2746|   16   |
|mul_ln16_108_reg_2293|   16   |
|mul_ln16_111_reg_2751|   16   |
|mul_ln16_113_reg_2298|   16   |
|mul_ln16_116_reg_2776|   16   |
|mul_ln16_118_reg_2303|   16   |
| mul_ln16_11_reg_2348|   16   |
|mul_ln16_121_reg_2781|   16   |
|mul_ln16_123_reg_2419|   16   |
| mul_ln16_13_reg_1931|   16   |
| mul_ln16_16_reg_2432|   16   |
| mul_ln16_18_reg_1943|   16   |
| mul_ln16_1_reg_2322 |   16   |
| mul_ln16_21_reg_2445|   16   |
| mul_ln16_23_reg_2046|   16   |
| mul_ln16_26_reg_2457|   16   |
| mul_ln16_28_reg_1842|   16   |
| mul_ln16_31_reg_2462|   16   |
| mul_ln16_33_reg_1847|   16   |
| mul_ln16_36_reg_2521|   16   |
| mul_ln16_38_reg_1967|   16   |
| mul_ln16_3_reg_1765 |   16   |
| mul_ln16_41_reg_2526|   16   |
| mul_ln16_43_reg_1972|   16   |
| mul_ln16_46_reg_2536|   16   |
| mul_ln16_48_reg_2061|   16   |
| mul_ln16_51_reg_2554|   16   |
| mul_ln16_53_reg_2073|   16   |
| mul_ln16_56_reg_2598|   16   |
| mul_ln16_58_reg_2078|   16   |
| mul_ln16_61_reg_2608|   16   |
| mul_ln16_63_reg_2130|   16   |
| mul_ln16_66_reg_2613|   16   |
| mul_ln16_68_reg_2135|   16   |
| mul_ln16_6_reg_2335 |   16   |
| mul_ln16_71_reg_2618|   16   |
| mul_ln16_73_reg_2140|   16   |
| mul_ln16_76_reg_2667|   16   |
| mul_ln16_78_reg_2153|   16   |
| mul_ln16_81_reg_2672|   16   |
| mul_ln16_83_reg_2188|   16   |
| mul_ln16_86_reg_2677|   16   |
| mul_ln16_88_reg_2193|   16   |
| mul_ln16_8_reg_1777 |   16   |
| mul_ln16_91_reg_2682|   16   |
| mul_ln16_93_reg_2198|   16   |
| mul_ln16_96_reg_2721|   16   |
| mul_ln16_98_reg_2203|   16   |
|       reg_594       |    8   |
|       reg_598       |    8   |
|       reg_602       |    8   |
|       reg_606       |    8   |
|       reg_610       |    8   |
|sext_ln16_10_reg_2235|   16   |
|sext_ln16_11_reg_2327|   16   |
|sext_ln16_12_reg_1915|   16   |
|sext_ln16_13_reg_1770|   16   |
|sext_ln16_14_reg_1698|   16   |
|sext_ln16_15_reg_2244|   16   |
|sext_ln16_16_reg_2340|   16   |
|sext_ln16_17_reg_2021|   16   |
|sext_ln16_18_reg_1924|   16   |
|sext_ln16_19_reg_1797|   16   |
| sext_ln16_1_reg_2226|   16   |
|sext_ln16_20_reg_2353|   16   |
|sext_ln16_21_reg_2424|   16   |
|sext_ln16_22_reg_2030|   16   |
|sext_ln16_23_reg_1936|   16   |
|sext_ln16_24_reg_1821|   16   |
|sext_ln16_25_reg_2362|   16   |
|sext_ln16_26_reg_2437|   16   |
|sext_ln16_27_reg_2102|   16   |
|sext_ln16_28_reg_2039|   16   |
|sext_ln16_29_reg_1958|   16   |
| sext_ln16_2_reg_2308|   16   |
|sext_ln16_30_reg_2376|   16   |
|sext_ln16_31_reg_2450|   16   |
|sext_ln16_32_reg_2111|   16   |
|sext_ln16_33_reg_1835|   16   |
|sext_ln16_34_reg_1732|   16   |
|sext_ln16_35_reg_2477|   16   |
|sext_ln16_36_reg_2546|   16   |
|sext_ln16_37_reg_2390|   16   |
|sext_ln16_38_reg_2066|   16   |
|sext_ln16_39_reg_1977|   16   |
| sext_ln16_3_reg_2314|   16   |
|sext_ln16_40_reg_2623|   16   |
|sext_ln16_41_reg_2662|   16   |
|sext_ln16_42_reg_2559|   16   |
|sext_ln16_43_reg_2145|   16   |
|sext_ln16_44_reg_2083|   16   |
|sext_ln16_45_reg_2687|   16   |
|sext_ln16_46_reg_2726|   16   |
|sext_ln16_47_reg_2737|   16   |
|sext_ln16_48_reg_2283|   16   |
|sext_ln16_49_reg_2208|   16   |
| sext_ln16_4_reg_1897|   16   |
| sext_ln16_5_reg_1906|   16   |
| sext_ln16_6_reg_1751|   16   |
| sext_ln16_7_reg_1758|   16   |
| sext_ln16_8_reg_1670|   16   |
| sext_ln16_9_reg_1679|   16   |
|  sext_ln16_reg_2217 |   16   |
|    tmp1_reg_1650    |    8   |
|   tmp_11_reg_1787   |    8   |
|   tmp_12_reg_1792   |    8   |
|   tmp_15_reg_1811   |    8   |
|   tmp_16_reg_1816   |    8   |
|   tmp_19_reg_1953   |    8   |
|    tmp_1_reg_1660   |    8   |
|   tmp_23_reg_1722   |    8   |
|   tmp_24_reg_1727   |    8   |
|   tmp_27_reg_1857   |    8   |
|   tmp_28_reg_1862   |    8   |
|    tmp_2_reg_1665   |    8   |
|   tmp_30_reg_1867   |    8   |
|   tmp_31_reg_1877   |    8   |
|   tmp_32_reg_1882   |    8   |
|   tmp_34_reg_1887   |    8   |
|   tmp_35_reg_1991   |    8   |
|   tmp_36_reg_1996   |    8   |
|   tmp_37_reg_2001   |    8   |
|   tmp_38_reg_2006   |    8   |
|    tmp_7_reg_1693   |    8   |
|    tmp_s_reg_1655   |    8   |
|trunc_ln16_1_reg_1645|    8   |
|trunc_ln16_2_reg_1688|    8   |
|trunc_ln16_3_reg_1782|    8   |
|trunc_ln16_4_reg_1806|    8   |
|trunc_ln16_5_reg_1948|    8   |
|trunc_ln16_6_reg_1717|    8   |
|trunc_ln16_7_reg_1852|    8   |
|trunc_ln16_8_reg_1872|    8   |
|trunc_ln16_9_reg_1986|    8   |
| trunc_ln16_reg_1640 |    8   |
+---------------------+--------+
|        Total        |  3046  |
+---------------------+--------+

* Multiplexer (MUX) list: 
|-------------------|------|------|------|--------||---------||---------||---------|
|        Comp       |  Pin | Size |  BW  | S x BW ||  Delay  ||    FF   ||   LUT   |
|-------------------|------|------|------|--------||---------||---------||---------|
| grp_access_fu_100 |  p0  |   6  |   3  |   18   ||    0    ||    25   |
| grp_access_fu_100 |  p2  |   4  |   0  |    0   ||    0    ||    17   |
| grp_access_fu_118 |  p0  |   6  |   3  |   18   ||    0    ||    25   |
| grp_access_fu_118 |  p2  |   4  |   0  |    0   ||    0    ||    17   |
| grp_access_fu_216 |  p0  |  13  |   5  |   65   ||    0    ||    53   |
| grp_access_fu_216 |  p1  |  13  |  16  |   208  ||    0    ||    53   |
| grp_access_fu_216 |  p2  |  12  |   0  |    0   ||    0    ||    49   |
| grp_access_fu_216 |  p4  |  12  |   5  |   60   ||    0    ||    49   |
|    grp_fu_1161    |  p0  |   3  |   8  |   24   ||    0    ||    13   |
|    grp_fu_1161    |  p1  |   2  |   8  |   16   ||    0    ||    9    |
|    grp_fu_1168    |  p0  |   3  |   8  |   24   ||    0    ||    13   |
|    grp_fu_1168    |  p1  |   2  |   8  |   16   ||    0    ||    9    |
|    grp_fu_1175    |  p0  |   3  |   8  |   24   ||    0    ||    13   |
|    grp_fu_1175    |  p1  |   2  |   8  |   16   ||    0    ||    9    |
|    grp_fu_1182    |  p0  |   3  |   8  |   24   ||    0    ||    13   |
|    grp_fu_1182    |  p1  |   2  |   8  |   16   ||    0    ||    9    |
|    grp_fu_1189    |  p0  |   3  |   8  |   24   ||    0    ||    13   |
|    grp_fu_1195    |  p0  |   3  |   8  |   24   ||    0    ||    13   |
|    grp_fu_1201    |  p0  |   2  |   8  |   16   ||    0    ||    9    |
|    grp_fu_1201    |  p1  |   2  |   8  |   16   ||    0    ||    9    |
|    grp_fu_1207    |  p0  |   2  |   8  |   16   ||    0    ||    9    |
|    grp_fu_1207    |  p1  |   2  |   8  |   16   ||    0    ||    9    |
|    grp_fu_1213    |  p0  |   3  |   8  |   24   ||    0    ||    13   |
|    grp_fu_1213    |  p1  |   2  |   8  |   16   ||    0    ||    9    |
|    grp_fu_1220    |  p0  |   3  |   8  |   24   ||    0    ||    13   |
|    grp_fu_1220    |  p1  |   2  |   8  |   16   ||    0    ||    9    |
|    grp_fu_1227    |  p0  |   3  |   8  |   24   ||    0    ||    13   |
|    grp_fu_1233    |  p0  |   2  |   8  |   16   ||    0    ||    9    |
|    grp_fu_1233    |  p1  |   2  |   8  |   16   ||    0    ||    9    |
|    grp_fu_1239    |  p0  |   3  |   8  |   24   ||    0    ||    13   |
|    grp_fu_1245    |  p0  |   3  |   8  |   24   ||    0    ||    13   |
|    grp_fu_1251    |  p0  |   3  |   8  |   24   ||    0    ||    13   |
|    grp_fu_1257    |  p0  |   3  |   8  |   24   ||    0    ||    13   |
|    grp_fu_1263    |  p0  |   2  |   8  |   16   ||    0    ||    9    |
|    grp_fu_1268    |  p0  |   2  |   8  |   16   ||    0    ||    9    |
|    grp_fu_1273    |  p0  |   2  |   8  |   16   ||    0    ||    9    |
|    grp_fu_1278    |  p0  |   3  |   8  |   24   ||    0    ||    13   |
|    grp_fu_1284    |  p0  |   3  |   8  |   24   ||    0    ||    13   |
|    grp_fu_1290    |  p0  |   3  |   8  |   24   ||    0    ||    13   |
|    grp_fu_1296    |  p0  |   2  |   8  |   16   ||    0    ||    9    |
|    grp_fu_1301    |  p0  |   2  |   8  |   16   ||    0    ||    9    |
|    grp_fu_1306    |  p0  |   2  |   8  |   16   ||    0    ||    9    |
|    grp_fu_1311    |  p0  |   2  |   8  |   16   ||    0    ||    9    |
|    grp_fu_1316    |  p0  |   2  |   8  |   16   ||    0    ||    9    |
|    grp_fu_1321    |  p0  |   2  |   8  |   16   ||    0    ||    9    |
|    grp_fu_1326    |  p0  |   3  |   8  |   24   ||    0    ||    13   |
|    grp_fu_1332    |  p0  |   3  |   8  |   24   ||    0    ||    13   |
|    grp_fu_1338    |  p0  |   3  |   8  |   24   ||    0    ||    13   |
|    grp_fu_1344    |  p0  |   3  |   8  |   24   ||    0    ||    13   |
|    grp_fu_1350    |  p0  |   3  |   8  |   24   ||    0    ||    13   |
|    grp_fu_1350    |  p1  |   2  |   8  |   16   ||    0    ||    9    |
|    grp_fu_1358    |  p0  |   3  |   8  |   24   ||    0    ||    13   |
|    grp_fu_1358    |  p1  |   2  |   8  |   16   ||    0    ||    9    |
|    grp_fu_1366    |  p0  |   3  |   8  |   24   ||    0    ||    13   |
|    grp_fu_1366    |  p1  |   2  |   8  |   16   ||    0    ||    9    |
|    grp_fu_1374    |  p0  |   2  |   8  |   16   ||    0    ||    9    |
|    grp_fu_1379    |  p0  |   2  |   8  |   16   ||    0    ||    9    |
|    grp_fu_1384    |  p0  |   2  |   8  |   16   ||    0    ||    9    |
|    grp_fu_1389    |  p0  |   3  |   8  |   24   ||    0    ||    13   |
|    grp_fu_1396    |  p0  |   3  |   8  |   24   ||    0    ||    13   |
|    grp_fu_1403    |  p0  |   3  |   8  |   24   ||    0    ||    13   |
|    grp_fu_1410    |  p0  |   3  |   8  |   24   ||    0    ||    13   |
|    grp_fu_1417    |  p0  |   3  |   8  |   24   ||    0    ||    13   |
|    grp_fu_1423    |  p0  |   3  |   8  |   24   ||    0    ||    13   |
|    grp_fu_1429    |  p0  |   2  |   8  |   16   ||    0    ||    9    |
|    grp_fu_1435    |  p0  |   2  |   8  |   16   ||    0    ||    9    |
|    grp_fu_1441    |  p0  |   2  |   8  |   16   ||    0    ||    9    |
|    grp_fu_1447    |  p0  |   3  |   8  |   24   ||    0    ||    13   |
|    grp_fu_1454    |  p0  |   2  |   8  |   16   ||    0    ||    9    |
|    grp_fu_1459    |  p0  |   2  |   8  |   16   ||    0    ||    9    |
|    grp_fu_1464    |  p0  |   2  |   8  |   16   ||    0    ||    9    |
|    grp_fu_1470    |  p0  |   2  |   8  |   16   ||    0    ||    9    |
|    grp_fu_1476    |  p0  |   2  |   8  |   16   ||    0    ||    9    |
|    grp_fu_1482    |  p0  |   2  |   8  |   16   ||    0    ||    9    |
|    grp_fu_1488    |  p0  |   2  |   8  |   16   ||    0    ||    9    |
|    grp_fu_1494    |  p0  |   3  |   8  |   24   ||    0    ||    13   |
|    grp_fu_1500    |  p0  |   3  |   8  |   24   ||    0    ||    13   |
|    grp_fu_1507    |  p0  |   3  |   8  |   24   ||    0    ||    13   |
|    grp_fu_1514    |  p0  |   2  |   8  |   16   ||    0    ||    9    |
|    grp_fu_1520    |  p0  |   3  |   8  |   24   ||    0    ||    13   |
|    grp_fu_1527    |  p0  |   2  |   8  |   16   ||    0    ||    9    |
|    grp_fu_1533    |  p0  |   3  |   8  |   24   ||    0    ||    13   |
|    grp_fu_1539    |  p0  |   2  |   8  |   16   ||    0    ||    9    |
|    grp_fu_1545    |  p0  |   2  |   8  |   16   ||    0    ||    9    |
|    grp_fu_1551    |  p0  |   2  |   8  |   16   ||    0    ||    9    |
|    grp_fu_1557    |  p0  |   3  |   8  |   24   ||    0    ||    13   |
|    grp_fu_1563    |  p0  |   3  |   8  |   24   ||    0    ||    13   |
|    grp_fu_1569    |  p0  |   3  |   8  |   24   ||    0    ||    13   |
|    grp_fu_1575    |  p0  |   3  |   8  |   24   ||    0    ||    13   |
|    grp_fu_1582    |  p0  |   3  |   8  |   24   ||    0    ||    13   |
|    grp_fu_1589    |  p0  |   3  |   8  |   24   ||    0    ||    13   |
|    grp_fu_1596    |  p0  |   2  |   8  |   16   ||    0    ||    9    |
|    grp_fu_1602    |  p0  |   3  |   8  |   24   ||    0    ||    13   |
|    grp_fu_1609    |  p0  |   2  |   8  |   16   ||    0    ||    9    |
|    grp_fu_1614    |  p0  |   2  |   8  |   16   ||    0    ||    9    |
|-------------------|------|------|------|--------||---------||---------||---------|
|       Total       |      |      |      |  2097  || 99.5173 ||    0    ||   1239  |
|-------------------|------|------|------|--------||---------||---------||---------|



* Summary:
+-----------+--------+--------+--------+--------+
|           |   DSP  |  Delay |   FF   |   LUT  |
+-----------+--------+--------+--------+--------+
|  Function |   75   |    -   |    0   |  2625  |
|   Memory  |    -   |    -   |    -   |    -   |
|Multiplexer|    -   |   99   |    0   |  1239  |
|  Register |    -   |    -   |  3046  |    -   |
+-----------+--------+--------+--------+--------+
|   Total   |   75   |   99   |  3046  |  3864  |
+-----------+--------+--------+--------+--------+
