

================================================================
== Vitis HLS Report for 'matrix_mult'
================================================================
* Date:           Mon May 25 21:58:30 2026

* Version:        2024.1 (Build 5069499 on May 21 2024)
* Project:        tutor3
* Solution:       solution5 (Vivado IP Flow Target)
* Product family: kintex7
* Target device:  xc7k70t-fbv676-1


================================================================
== Performance Estimates
================================================================
+ Timing: 
    * Summary: 
    +--------+---------+----------+------------+
    |  Clock |  Target | Estimated| Uncertainty|
    +--------+---------+----------+------------+
    |ap_clk  |  5.00 ns|  3.290 ns|     1.35 ns|
    +--------+---------+----------+------------+

+ Latency: 
    * Summary: 
    +---------+---------+----------+----------+-----+-----+---------+
    |  Latency (cycles) |  Latency (absolute) |  Interval | Pipeline|
    |   min   |   max   |    min   |    max   | min | max |   Type  |
    +---------+---------+----------+----------+-----+-----+---------+
    |       23|       23|  0.115 us|  0.115 us|   13|   13|      yes|
    +---------+---------+----------+----------+-----+-----+---------+

    + Detail: 
        * Instance: 
        N/A

        * Loop: 
        N/A

============================================================
+ Verbose Summary: Synthesis Manager
============================================================
InlineROM: 1
ExposeGlobal: 0
============================================================
+ Verbose Summary: CDFG Model
============================================================
IsTopModel: 1
ResetActiveHigh: 1
IsCombinational: 0
IsDatapathOnly: 0
HasWiredReturn: 1
HasMFsm: 2
HasVarLatency: 0
IsPipeline: 1
IsRtlPipelined: 1
IsInstanceOverlapped: 0
IsDontTouch: 0
HasImplIP: 0
IsGatedGlobalClock: 0

+ Individual pipeline summary: 
  * Pipeline-0: initiation interval (II) = 13, depth = 24


============================================================
+ Verbose Summary: Schedule
============================================================
* Number of FSM states : 24
* Pipeline : 1
  Pipeline-0 : II = 13, D = 24, States = { 1 2 3 4 5 6 7 8 9 10 11 12 13 14 15 16 17 18 19 20 21 22 23 24 }
* Dataflow Pipeline: 0

* FSM state transitions: 
1 --> 2 
2 --> 3 
3 --> 4 
4 --> 5 
5 --> 6 
6 --> 7 
7 --> 8 
8 --> 9 
9 --> 10 
10 --> 11 
11 --> 12 
12 --> 13 
13 --> 14 
14 --> 15 
15 --> 16 
16 --> 17 
17 --> 18 
18 --> 19 
19 --> 20 
20 --> 21 
21 --> 22 
22 --> 23 
23 --> 24 
24 --> 

* FSM state operations: 

State 1 <SV = 0> <Delay = 1.42>
ST_1 : Operation 25 [1/1] (0.00ns)   --->   "%a_addr = getelementptr i40 %a, i64 0, i64 0" [matrix_mult.cpp:16]   --->   Operation 25 'getelementptr' 'a_addr' <Predicate = true> <Delay = 0.00>
ST_1 : Operation 26 [2/2] (1.42ns)   --->   "%a_load = load i3 %a_addr" [matrix_mult.cpp:16]   --->   Operation 26 'load' 'a_load' <Predicate = true> <Delay = 1.42> <CoreInst = "RAM">   --->   Core 81 'RAM' <Latency = 1> <II = 1> <Delay = 1.42> <Storage> <Opcode : 'load' 'store'> <Ports = 2> <Width = 40> <Depth = 5> <RAM>
ST_1 : Operation 27 [1/1] (0.00ns)   --->   "%b_addr = getelementptr i40 %b, i64 0, i64 0" [matrix_mult.cpp:16]   --->   Operation 27 'getelementptr' 'b_addr' <Predicate = true> <Delay = 0.00>
ST_1 : Operation 28 [2/2] (1.42ns)   --->   "%b_load = load i3 %b_addr" [matrix_mult.cpp:16]   --->   Operation 28 'load' 'b_load' <Predicate = true> <Delay = 1.42> <CoreInst = "RAM">   --->   Core 81 'RAM' <Latency = 1> <II = 1> <Delay = 1.42> <Storage> <Opcode : 'load' 'store'> <Ports = 2> <Width = 40> <Depth = 5> <RAM>
ST_1 : Operation 29 [1/1] (0.00ns)   --->   "%b_addr_1 = getelementptr i40 %b, i64 0, i64 1" [matrix_mult.cpp:16]   --->   Operation 29 'getelementptr' 'b_addr_1' <Predicate = true> <Delay = 0.00>
ST_1 : Operation 30 [2/2] (1.42ns)   --->   "%b_load_1 = load i3 %b_addr_1" [matrix_mult.cpp:16]   --->   Operation 30 'load' 'b_load_1' <Predicate = true> <Delay = 1.42> <CoreInst = "RAM">   --->   Core 81 'RAM' <Latency = 1> <II = 1> <Delay = 1.42> <Storage> <Opcode : 'load' 'store'> <Ports = 2> <Width = 40> <Depth = 5> <RAM>
ST_1 : Operation 31 [1/1] (0.00ns)   --->   "%a_addr_1 = getelementptr i40 %a, i64 0, i64 1" [matrix_mult.cpp:16]   --->   Operation 31 'getelementptr' 'a_addr_1' <Predicate = true> <Delay = 0.00>
ST_1 : Operation 32 [2/2] (1.42ns)   --->   "%a_load_1 = load i3 %a_addr_1" [matrix_mult.cpp:16]   --->   Operation 32 'load' 'a_load_1' <Predicate = true> <Delay = 1.42> <CoreInst = "RAM">   --->   Core 81 'RAM' <Latency = 1> <II = 1> <Delay = 1.42> <Storage> <Opcode : 'load' 'store'> <Ports = 2> <Width = 40> <Depth = 5> <RAM>

State 2 <SV = 1> <Delay = 2.51>
ST_2 : Operation 33 [1/2] (1.42ns)   --->   "%a_load = load i3 %a_addr" [matrix_mult.cpp:16]   --->   Operation 33 'load' 'a_load' <Predicate = true> <Delay = 1.42> <CoreInst = "RAM">   --->   Core 81 'RAM' <Latency = 1> <II = 1> <Delay = 1.42> <Storage> <Opcode : 'load' 'store'> <Ports = 2> <Width = 40> <Depth = 5> <RAM>
ST_2 : Operation 34 [1/1] (0.00ns)   --->   "%trunc_ln16 = trunc i40 %a_load" [matrix_mult.cpp:16]   --->   Operation 34 'trunc' 'trunc_ln16' <Predicate = true> <Delay = 0.00>
ST_2 : Operation 35 [1/2] (1.42ns)   --->   "%b_load = load i3 %b_addr" [matrix_mult.cpp:16]   --->   Operation 35 'load' 'b_load' <Predicate = true> <Delay = 1.42> <CoreInst = "RAM">   --->   Core 81 'RAM' <Latency = 1> <II = 1> <Delay = 1.42> <Storage> <Opcode : 'load' 'store'> <Ports = 2> <Width = 40> <Depth = 5> <RAM>
ST_2 : Operation 36 [1/1] (0.00ns)   --->   "%trunc_ln16_1 = trunc i40 %b_load" [matrix_mult.cpp:16]   --->   Operation 36 'trunc' 'trunc_ln16_1' <Predicate = true> <Delay = 0.00>
ST_2 : Operation 37 [1/1] (0.00ns)   --->   "%tmp1 = partselect i8 @_ssdm_op_PartSelect.i8.i40.i32.i32, i40 %a_load, i32 8, i32 15" [matrix_mult.cpp:16]   --->   Operation 37 'partselect' 'tmp1' <Predicate = true> <Delay = 0.00>
ST_2 : Operation 38 [1/1] (0.00ns)   --->   "%tmp_s = partselect i8 @_ssdm_op_PartSelect.i8.i40.i32.i32, i40 %b_load, i32 8, i32 15" [matrix_mult.cpp:16]   --->   Operation 38 'partselect' 'tmp_s' <Predicate = true> <Delay = 0.00>
ST_2 : Operation 39 [1/1] (0.00ns)   --->   "%tmp_1 = partselect i8 @_ssdm_op_PartSelect.i8.i40.i32.i32, i40 %a_load, i32 16, i32 23" [matrix_mult.cpp:16]   --->   Operation 39 'partselect' 'tmp_1' <Predicate = true> <Delay = 0.00>
ST_2 : Operation 40 [1/1] (0.00ns)   --->   "%tmp_2 = partselect i8 @_ssdm_op_PartSelect.i8.i40.i32.i32, i40 %b_load, i32 16, i32 23" [matrix_mult.cpp:16]   --->   Operation 40 'partselect' 'tmp_2' <Predicate = true> <Delay = 0.00>
ST_2 : Operation 41 [1/1] (0.00ns)   --->   "%tmp_3 = partselect i8 @_ssdm_op_PartSelect.i8.i40.i32.i32, i40 %a_load, i32 24, i32 31" [matrix_mult.cpp:16]   --->   Operation 41 'partselect' 'tmp_3' <Predicate = true> <Delay = 0.00>
ST_2 : Operation 42 [1/1] (0.00ns)   --->   "%tmp_4 = partselect i8 @_ssdm_op_PartSelect.i8.i40.i32.i32, i40 %b_load, i32 24, i32 31" [matrix_mult.cpp:16]   --->   Operation 42 'partselect' 'tmp_4' <Predicate = true> <Delay = 0.00>
ST_2 : Operation 43 [1/1] (0.00ns)   --->   "%tmp_5 = partselect i8 @_ssdm_op_PartSelect.i8.i40.i32.i32, i40 %a_load, i32 32, i32 39" [matrix_mult.cpp:16]   --->   Operation 43 'partselect' 'tmp_5' <Predicate = true> <Delay = 0.00>
ST_2 : Operation 44 [1/1] (0.00ns)   --->   "%sext_ln16_8 = sext i8 %tmp_5" [matrix_mult.cpp:16]   --->   Operation 44 'sext' 'sext_ln16_8' <Predicate = true> <Delay = 0.00>
ST_2 : Operation 45 [1/1] (0.00ns)   --->   "%tmp_6 = partselect i8 @_ssdm_op_PartSelect.i8.i40.i32.i32, i40 %b_load, i32 32, i32 39" [matrix_mult.cpp:16]   --->   Operation 45 'partselect' 'tmp_6' <Predicate = true> <Delay = 0.00>
ST_2 : Operation 46 [1/1] (0.00ns)   --->   "%sext_ln16_9 = sext i8 %tmp_6" [matrix_mult.cpp:16]   --->   Operation 46 'sext' 'sext_ln16_9' <Predicate = true> <Delay = 0.00>
ST_2 : Operation 47 [3/3] (1.09ns) (grouped into DSP with root node add_ln16_1)   --->   "%mul_ln16_4 = mul i16 %sext_ln16_9, i16 %sext_ln16_8" [matrix_mult.cpp:16]   --->   Operation 47 'mul' 'mul_ln16_4' <Predicate = true> <Delay = 1.09> <CoreInst = "DSP48">   --->   Core 116 'DSP48' <Latency = 3> <II = 1> <Delay = 1.82> <IPBlock> <Opcode : '' 'add' 'sub' 'mul' 'select'> <InPorts = 0> <OutPorts = 1> <Sync> <CReg>
ST_2 : Operation 48 [1/2] (1.42ns)   --->   "%b_load_1 = load i3 %b_addr_1" [matrix_mult.cpp:16]   --->   Operation 48 'load' 'b_load_1' <Predicate = true> <Delay = 1.42> <CoreInst = "RAM">   --->   Core 81 'RAM' <Latency = 1> <II = 1> <Delay = 1.42> <Storage> <Opcode : 'load' 'store'> <Ports = 2> <Width = 40> <Depth = 5> <RAM>
ST_2 : Operation 49 [1/1] (0.00ns)   --->   "%trunc_ln16_2 = trunc i40 %b_load_1" [matrix_mult.cpp:16]   --->   Operation 49 'trunc' 'trunc_ln16_2' <Predicate = true> <Delay = 0.00>
ST_2 : Operation 50 [1/1] (0.00ns)   --->   "%tmp_7 = partselect i8 @_ssdm_op_PartSelect.i8.i40.i32.i32, i40 %b_load_1, i32 8, i32 15" [matrix_mult.cpp:16]   --->   Operation 50 'partselect' 'tmp_7' <Predicate = true> <Delay = 0.00>
ST_2 : Operation 51 [1/1] (0.00ns)   --->   "%tmp_8 = partselect i8 @_ssdm_op_PartSelect.i8.i40.i32.i32, i40 %b_load_1, i32 16, i32 23" [matrix_mult.cpp:16]   --->   Operation 51 'partselect' 'tmp_8' <Predicate = true> <Delay = 0.00>
ST_2 : Operation 52 [1/1] (0.00ns)   --->   "%tmp_9 = partselect i8 @_ssdm_op_PartSelect.i8.i40.i32.i32, i40 %b_load_1, i32 24, i32 31" [matrix_mult.cpp:16]   --->   Operation 52 'partselect' 'tmp_9' <Predicate = true> <Delay = 0.00>
ST_2 : Operation 53 [1/1] (0.00ns)   --->   "%tmp_10 = partselect i8 @_ssdm_op_PartSelect.i8.i40.i32.i32, i40 %b_load_1, i32 32, i32 39" [matrix_mult.cpp:16]   --->   Operation 53 'partselect' 'tmp_10' <Predicate = true> <Delay = 0.00>
ST_2 : Operation 54 [1/1] (0.00ns)   --->   "%sext_ln16_14 = sext i8 %tmp_10" [matrix_mult.cpp:16]   --->   Operation 54 'sext' 'sext_ln16_14' <Predicate = true> <Delay = 0.00>
ST_2 : Operation 55 [3/3] (1.09ns) (grouped into DSP with root node add_ln16_5)   --->   "%mul_ln16_9 = mul i16 %sext_ln16_14, i16 %sext_ln16_8" [matrix_mult.cpp:16]   --->   Operation 55 'mul' 'mul_ln16_9' <Predicate = true> <Delay = 1.09> <CoreInst = "DSP48">   --->   Core 116 'DSP48' <Latency = 3> <II = 1> <Delay = 1.82> <IPBlock> <Opcode : '' 'add' 'sub' 'mul' 'select'> <InPorts = 0> <OutPorts = 1> <Sync> <CReg>
ST_2 : Operation 56 [1/1] (0.00ns)   --->   "%b_addr_2 = getelementptr i40 %b, i64 0, i64 2" [matrix_mult.cpp:16]   --->   Operation 56 'getelementptr' 'b_addr_2' <Predicate = true> <Delay = 0.00>
ST_2 : Operation 57 [2/2] (1.42ns)   --->   "%b_load_2 = load i3 %b_addr_2" [matrix_mult.cpp:16]   --->   Operation 57 'load' 'b_load_2' <Predicate = true> <Delay = 1.42> <CoreInst = "RAM">   --->   Core 81 'RAM' <Latency = 1> <II = 1> <Delay = 1.42> <Storage> <Opcode : 'load' 'store'> <Ports = 2> <Width = 40> <Depth = 5> <RAM>
ST_2 : Operation 58 [1/1] (0.00ns)   --->   "%b_addr_3 = getelementptr i40 %b, i64 0, i64 3" [matrix_mult.cpp:16]   --->   Operation 58 'getelementptr' 'b_addr_3' <Predicate = true> <Delay = 0.00>
ST_2 : Operation 59 [2/2] (1.42ns)   --->   "%b_load_3 = load i3 %b_addr_3" [matrix_mult.cpp:16]   --->   Operation 59 'load' 'b_load_3' <Predicate = true> <Delay = 1.42> <CoreInst = "RAM">   --->   Core 81 'RAM' <Latency = 1> <II = 1> <Delay = 1.42> <Storage> <Opcode : 'load' 'store'> <Ports = 2> <Width = 40> <Depth = 5> <RAM>
ST_2 : Operation 60 [1/2] (1.42ns)   --->   "%a_load_1 = load i3 %a_addr_1" [matrix_mult.cpp:16]   --->   Operation 60 'load' 'a_load_1' <Predicate = true> <Delay = 1.42> <CoreInst = "RAM">   --->   Core 81 'RAM' <Latency = 1> <II = 1> <Delay = 1.42> <Storage> <Opcode : 'load' 'store'> <Ports = 2> <Width = 40> <Depth = 5> <RAM>
ST_2 : Operation 61 [1/1] (0.00ns)   --->   "%trunc_ln16_6 = trunc i40 %a_load_1" [matrix_mult.cpp:16]   --->   Operation 61 'trunc' 'trunc_ln16_6' <Predicate = true> <Delay = 0.00>
ST_2 : Operation 62 [1/1] (0.00ns)   --->   "%tmp_23 = partselect i8 @_ssdm_op_PartSelect.i8.i40.i32.i32, i40 %a_load_1, i32 8, i32 15" [matrix_mult.cpp:16]   --->   Operation 62 'partselect' 'tmp_23' <Predicate = true> <Delay = 0.00>
ST_2 : Operation 63 [1/1] (0.00ns)   --->   "%tmp_24 = partselect i8 @_ssdm_op_PartSelect.i8.i40.i32.i32, i40 %a_load_1, i32 16, i32 23" [matrix_mult.cpp:16]   --->   Operation 63 'partselect' 'tmp_24' <Predicate = true> <Delay = 0.00>
ST_2 : Operation 64 [1/1] (0.00ns)   --->   "%tmp_25 = partselect i8 @_ssdm_op_PartSelect.i8.i40.i32.i32, i40 %a_load_1, i32 24, i32 31" [matrix_mult.cpp:16]   --->   Operation 64 'partselect' 'tmp_25' <Predicate = true> <Delay = 0.00>
ST_2 : Operation 65 [1/1] (0.00ns)   --->   "%tmp_26 = partselect i8 @_ssdm_op_PartSelect.i8.i40.i32.i32, i40 %a_load_1, i32 32, i32 39" [matrix_mult.cpp:16]   --->   Operation 65 'partselect' 'tmp_26' <Predicate = true> <Delay = 0.00>
ST_2 : Operation 66 [1/1] (0.00ns)   --->   "%sext_ln16_34 = sext i8 %tmp_26" [matrix_mult.cpp:16]   --->   Operation 66 'sext' 'sext_ln16_34' <Predicate = true> <Delay = 0.00>
ST_2 : Operation 67 [3/3] (1.09ns) (grouped into DSP with root node add_ln16_21)   --->   "%mul_ln16_29 = mul i16 %sext_ln16_34, i16 %sext_ln16_9" [matrix_mult.cpp:16]   --->   Operation 67 'mul' 'mul_ln16_29' <Predicate = true> <Delay = 1.09> <CoreInst = "DSP48">   --->   Core 116 'DSP48' <Latency = 3> <II = 1> <Delay = 1.82> <IPBlock> <Opcode : '' 'add' 'sub' 'mul' 'select'> <InPorts = 0> <OutPorts = 1> <Sync> <CReg>
ST_2 : Operation 68 [3/3] (1.09ns) (grouped into DSP with root node add_ln16_25)   --->   "%mul_ln16_34 = mul i16 %sext_ln16_34, i16 %sext_ln16_14" [matrix_mult.cpp:16]   --->   Operation 68 'mul' 'mul_ln16_34' <Predicate = true> <Delay = 1.09> <CoreInst = "DSP48">   --->   Core 116 'DSP48' <Latency = 3> <II = 1> <Delay = 1.82> <IPBlock> <Opcode : '' 'add' 'sub' 'mul' 'select'> <InPorts = 0> <OutPorts = 1> <Sync> <CReg>
ST_2 : Operation 69 [1/1] (0.00ns)   --->   "%a_addr_2 = getelementptr i40 %a, i64 0, i64 2" [matrix_mult.cpp:16]   --->   Operation 69 'getelementptr' 'a_addr_2' <Predicate = true> <Delay = 0.00>
ST_2 : Operation 70 [2/2] (1.42ns)   --->   "%a_load_2 = load i3 %a_addr_2" [matrix_mult.cpp:16]   --->   Operation 70 'load' 'a_load_2' <Predicate = true> <Delay = 1.42> <CoreInst = "RAM">   --->   Core 81 'RAM' <Latency = 1> <II = 1> <Delay = 1.42> <Storage> <Opcode : 'load' 'store'> <Ports = 2> <Width = 40> <Depth = 5> <RAM>
ST_2 : Operation 71 [1/1] (0.00ns)   --->   "%a_addr_3 = getelementptr i40 %a, i64 0, i64 3" [matrix_mult.cpp:16]   --->   Operation 71 'getelementptr' 'a_addr_3' <Predicate = true> <Delay = 0.00>
ST_2 : Operation 72 [2/2] (1.42ns)   --->   "%a_load_3 = load i3 %a_addr_3" [matrix_mult.cpp:16]   --->   Operation 72 'load' 'a_load_3' <Predicate = true> <Delay = 1.42> <CoreInst = "RAM">   --->   Core 81 'RAM' <Latency = 1> <II = 1> <Delay = 1.42> <Storage> <Opcode : 'load' 'store'> <Ports = 2> <Width = 40> <Depth = 5> <RAM>

State 3 <SV = 2> <Delay = 3.29>
ST_3 : Operation 73 [1/1] (0.00ns)   --->   "%sext_ln16_6 = sext i8 %tmp_3" [matrix_mult.cpp:16]   --->   Operation 73 'sext' 'sext_ln16_6' <Predicate = true> <Delay = 0.00>
ST_3 : Operation 74 [1/1] (0.00ns)   --->   "%sext_ln16_7 = sext i8 %tmp_4" [matrix_mult.cpp:16]   --->   Operation 74 'sext' 'sext_ln16_7' <Predicate = true> <Delay = 0.00>
ST_3 : Operation 75 [1/1] (3.29ns)   --->   "%mul_ln16_3 = mul i16 %sext_ln16_7, i16 %sext_ln16_6" [matrix_mult.cpp:16]   --->   Operation 75 'mul' 'mul_ln16_3' <Predicate = true> <Delay = 3.29> <CoreInst = "Multiplier">   --->   Core 3 'Multiplier' <Latency = 0> <II = 1> <Delay = 3.29> <FuncUnit> <Opcode : 'mul'> <InPorts = 2> <OutPorts = 1>
ST_3 : Operation 76 [2/3] (1.09ns) (grouped into DSP with root node add_ln16_1)   --->   "%mul_ln16_4 = mul i16 %sext_ln16_9, i16 %sext_ln16_8" [matrix_mult.cpp:16]   --->   Operation 76 'mul' 'mul_ln16_4' <Predicate = true> <Delay = 1.09> <CoreInst = "DSP48">   --->   Core 116 'DSP48' <Latency = 3> <II = 1> <Delay = 1.82> <IPBlock> <Opcode : '' 'add' 'sub' 'mul' 'select'> <InPorts = 0> <OutPorts = 1> <Sync> <CReg>
ST_3 : Operation 77 [1/1] (0.00ns)   --->   "%sext_ln16_13 = sext i8 %tmp_9" [matrix_mult.cpp:16]   --->   Operation 77 'sext' 'sext_ln16_13' <Predicate = true> <Delay = 0.00>
ST_3 : Operation 78 [1/1] (3.29ns)   --->   "%mul_ln16_8 = mul i16 %sext_ln16_13, i16 %sext_ln16_6" [matrix_mult.cpp:16]   --->   Operation 78 'mul' 'mul_ln16_8' <Predicate = true> <Delay = 3.29> <CoreInst = "Multiplier">   --->   Core 3 'Multiplier' <Latency = 0> <II = 1> <Delay = 3.29> <FuncUnit> <Opcode : 'mul'> <InPorts = 2> <OutPorts = 1>
ST_3 : Operation 79 [2/3] (1.09ns) (grouped into DSP with root node add_ln16_5)   --->   "%mul_ln16_9 = mul i16 %sext_ln16_14, i16 %sext_ln16_8" [matrix_mult.cpp:16]   --->   Operation 79 'mul' 'mul_ln16_9' <Predicate = true> <Delay = 1.09> <CoreInst = "DSP48">   --->   Core 116 'DSP48' <Latency = 3> <II = 1> <Delay = 1.82> <IPBlock> <Opcode : '' 'add' 'sub' 'mul' 'select'> <InPorts = 0> <OutPorts = 1> <Sync> <CReg>
ST_3 : Operation 80 [1/2] (1.42ns)   --->   "%b_load_2 = load i3 %b_addr_2" [matrix_mult.cpp:16]   --->   Operation 80 'load' 'b_load_2' <Predicate = true> <Delay = 1.42> <CoreInst = "RAM">   --->   Core 81 'RAM' <Latency = 1> <II = 1> <Delay = 1.42> <Storage> <Opcode : 'load' 'store'> <Ports = 2> <Width = 40> <Depth = 5> <RAM>
ST_3 : Operation 81 [1/1] (0.00ns)   --->   "%trunc_ln16_3 = trunc i40 %b_load_2" [matrix_mult.cpp:16]   --->   Operation 81 'trunc' 'trunc_ln16_3' <Predicate = true> <Delay = 0.00>
ST_3 : Operation 82 [1/1] (0.00ns)   --->   "%tmp_11 = partselect i8 @_ssdm_op_PartSelect.i8.i40.i32.i32, i40 %b_load_2, i32 8, i32 15" [matrix_mult.cpp:16]   --->   Operation 82 'partselect' 'tmp_11' <Predicate = true> <Delay = 0.00>
ST_3 : Operation 83 [1/1] (0.00ns)   --->   "%tmp_12 = partselect i8 @_ssdm_op_PartSelect.i8.i40.i32.i32, i40 %b_load_2, i32 16, i32 23" [matrix_mult.cpp:16]   --->   Operation 83 'partselect' 'tmp_12' <Predicate = true> <Delay = 0.00>
ST_3 : Operation 84 [1/1] (0.00ns)   --->   "%tmp_13 = partselect i8 @_ssdm_op_PartSelect.i8.i40.i32.i32, i40 %b_load_2, i32 24, i32 31" [matrix_mult.cpp:16]   --->   Operation 84 'partselect' 'tmp_13' <Predicate = true> <Delay = 0.00>
ST_3 : Operation 85 [1/1] (0.00ns)   --->   "%tmp_14 = partselect i8 @_ssdm_op_PartSelect.i8.i40.i32.i32, i40 %b_load_2, i32 32, i32 39" [matrix_mult.cpp:16]   --->   Operation 85 'partselect' 'tmp_14' <Predicate = true> <Delay = 0.00>
ST_3 : Operation 86 [1/1] (0.00ns)   --->   "%sext_ln16_19 = sext i8 %tmp_14" [matrix_mult.cpp:16]   --->   Operation 86 'sext' 'sext_ln16_19' <Predicate = true> <Delay = 0.00>
ST_3 : Operation 87 [3/3] (1.09ns) (grouped into DSP with root node add_ln16_9)   --->   "%mul_ln16_14 = mul i16 %sext_ln16_19, i16 %sext_ln16_8" [matrix_mult.cpp:16]   --->   Operation 87 'mul' 'mul_ln16_14' <Predicate = true> <Delay = 1.09> <CoreInst = "DSP48">   --->   Core 116 'DSP48' <Latency = 3> <II = 1> <Delay = 1.82> <IPBlock> <Opcode : '' 'add' 'sub' 'mul' 'select'> <InPorts = 0> <OutPorts = 1> <Sync> <CReg>
ST_3 : Operation 88 [1/2] (1.42ns)   --->   "%b_load_3 = load i3 %b_addr_3" [matrix_mult.cpp:16]   --->   Operation 88 'load' 'b_load_3' <Predicate = true> <Delay = 1.42> <CoreInst = "RAM">   --->   Core 81 'RAM' <Latency = 1> <II = 1> <Delay = 1.42> <Storage> <Opcode : 'load' 'store'> <Ports = 2> <Width = 40> <Depth = 5> <RAM>
ST_3 : Operation 89 [1/1] (0.00ns)   --->   "%trunc_ln16_4 = trunc i40 %b_load_3" [matrix_mult.cpp:16]   --->   Operation 89 'trunc' 'trunc_ln16_4' <Predicate = true> <Delay = 0.00>
ST_3 : Operation 90 [1/1] (0.00ns)   --->   "%tmp_15 = partselect i8 @_ssdm_op_PartSelect.i8.i40.i32.i32, i40 %b_load_3, i32 8, i32 15" [matrix_mult.cpp:16]   --->   Operation 90 'partselect' 'tmp_15' <Predicate = true> <Delay = 0.00>
ST_3 : Operation 91 [1/1] (0.00ns)   --->   "%tmp_16 = partselect i8 @_ssdm_op_PartSelect.i8.i40.i32.i32, i40 %b_load_3, i32 16, i32 23" [matrix_mult.cpp:16]   --->   Operation 91 'partselect' 'tmp_16' <Predicate = true> <Delay = 0.00>
ST_3 : Operation 92 [1/1] (0.00ns)   --->   "%tmp_17 = partselect i8 @_ssdm_op_PartSelect.i8.i40.i32.i32, i40 %b_load_3, i32 24, i32 31" [matrix_mult.cpp:16]   --->   Operation 92 'partselect' 'tmp_17' <Predicate = true> <Delay = 0.00>
ST_3 : Operation 93 [1/1] (0.00ns)   --->   "%tmp_18 = partselect i8 @_ssdm_op_PartSelect.i8.i40.i32.i32, i40 %b_load_3, i32 32, i32 39" [matrix_mult.cpp:16]   --->   Operation 93 'partselect' 'tmp_18' <Predicate = true> <Delay = 0.00>
ST_3 : Operation 94 [1/1] (0.00ns)   --->   "%sext_ln16_24 = sext i8 %tmp_18" [matrix_mult.cpp:16]   --->   Operation 94 'sext' 'sext_ln16_24' <Predicate = true> <Delay = 0.00>
ST_3 : Operation 95 [3/3] (1.09ns) (grouped into DSP with root node add_ln16_13)   --->   "%mul_ln16_19 = mul i16 %sext_ln16_24, i16 %sext_ln16_8" [matrix_mult.cpp:16]   --->   Operation 95 'mul' 'mul_ln16_19' <Predicate = true> <Delay = 1.09> <CoreInst = "DSP48">   --->   Core 116 'DSP48' <Latency = 3> <II = 1> <Delay = 1.82> <IPBlock> <Opcode : '' 'add' 'sub' 'mul' 'select'> <InPorts = 0> <OutPorts = 1> <Sync> <CReg>
ST_3 : Operation 96 [1/1] (0.00ns)   --->   "%b_addr_4 = getelementptr i40 %b, i64 0, i64 4" [matrix_mult.cpp:16]   --->   Operation 96 'getelementptr' 'b_addr_4' <Predicate = true> <Delay = 0.00>
ST_3 : Operation 97 [2/2] (1.42ns)   --->   "%b_load_4 = load i3 %b_addr_4" [matrix_mult.cpp:16]   --->   Operation 97 'load' 'b_load_4' <Predicate = true> <Delay = 1.42> <CoreInst = "RAM">   --->   Core 81 'RAM' <Latency = 1> <II = 1> <Delay = 1.42> <Storage> <Opcode : 'load' 'store'> <Ports = 2> <Width = 40> <Depth = 5> <RAM>
ST_3 : Operation 98 [1/1] (0.00ns)   --->   "%sext_ln16_33 = sext i8 %tmp_25" [matrix_mult.cpp:16]   --->   Operation 98 'sext' 'sext_ln16_33' <Predicate = true> <Delay = 0.00>
ST_3 : Operation 99 [1/1] (3.29ns)   --->   "%mul_ln16_28 = mul i16 %sext_ln16_33, i16 %sext_ln16_7" [matrix_mult.cpp:16]   --->   Operation 99 'mul' 'mul_ln16_28' <Predicate = true> <Delay = 3.29> <CoreInst = "Multiplier">   --->   Core 3 'Multiplier' <Latency = 0> <II = 1> <Delay = 3.29> <FuncUnit> <Opcode : 'mul'> <InPorts = 2> <OutPorts = 1>
ST_3 : Operation 100 [2/3] (1.09ns) (grouped into DSP with root node add_ln16_21)   --->   "%mul_ln16_29 = mul i16 %sext_ln16_34, i16 %sext_ln16_9" [matrix_mult.cpp:16]   --->   Operation 100 'mul' 'mul_ln16_29' <Predicate = true> <Delay = 1.09> <CoreInst = "DSP48">   --->   Core 116 'DSP48' <Latency = 3> <II = 1> <Delay = 1.82> <IPBlock> <Opcode : '' 'add' 'sub' 'mul' 'select'> <InPorts = 0> <OutPorts = 1> <Sync> <CReg>
ST_3 : Operation 101 [1/1] (3.29ns)   --->   "%mul_ln16_33 = mul i16 %sext_ln16_33, i16 %sext_ln16_13" [matrix_mult.cpp:16]   --->   Operation 101 'mul' 'mul_ln16_33' <Predicate = true> <Delay = 3.29> <CoreInst = "Multiplier">   --->   Core 3 'Multiplier' <Latency = 0> <II = 1> <Delay = 3.29> <FuncUnit> <Opcode : 'mul'> <InPorts = 2> <OutPorts = 1>
ST_3 : Operation 102 [2/3] (1.09ns) (grouped into DSP with root node add_ln16_25)   --->   "%mul_ln16_34 = mul i16 %sext_ln16_34, i16 %sext_ln16_14" [matrix_mult.cpp:16]   --->   Operation 102 'mul' 'mul_ln16_34' <Predicate = true> <Delay = 1.09> <CoreInst = "DSP48">   --->   Core 116 'DSP48' <Latency = 3> <II = 1> <Delay = 1.82> <IPBlock> <Opcode : '' 'add' 'sub' 'mul' 'select'> <InPorts = 0> <OutPorts = 1> <Sync> <CReg>
ST_3 : Operation 103 [3/3] (1.09ns) (grouped into DSP with root node add_ln16_29)   --->   "%mul_ln16_39 = mul i16 %sext_ln16_34, i16 %sext_ln16_19" [matrix_mult.cpp:16]   --->   Operation 103 'mul' 'mul_ln16_39' <Predicate = true> <Delay = 1.09> <CoreInst = "DSP48">   --->   Core 116 'DSP48' <Latency = 3> <II = 1> <Delay = 1.82> <IPBlock> <Opcode : '' 'add' 'sub' 'mul' 'select'> <InPorts = 0> <OutPorts = 1> <Sync> <CReg>
ST_3 : Operation 104 [3/3] (1.09ns) (grouped into DSP with root node add_ln16_33)   --->   "%mul_ln16_44 = mul i16 %sext_ln16_34, i16 %sext_ln16_24" [matrix_mult.cpp:16]   --->   Operation 104 'mul' 'mul_ln16_44' <Predicate = true> <Delay = 1.09> <CoreInst = "DSP48">   --->   Core 116 'DSP48' <Latency = 3> <II = 1> <Delay = 1.82> <IPBlock> <Opcode : '' 'add' 'sub' 'mul' 'select'> <InPorts = 0> <OutPorts = 1> <Sync> <CReg>
ST_3 : Operation 105 [1/2] (1.42ns)   --->   "%a_load_2 = load i3 %a_addr_2" [matrix_mult.cpp:16]   --->   Operation 105 'load' 'a_load_2' <Predicate = true> <Delay = 1.42> <CoreInst = "RAM">   --->   Core 81 'RAM' <Latency = 1> <II = 1> <Delay = 1.42> <Storage> <Opcode : 'load' 'store'> <Ports = 2> <Width = 40> <Depth = 5> <RAM>
ST_3 : Operation 106 [1/1] (0.00ns)   --->   "%trunc_ln16_7 = trunc i40 %a_load_2" [matrix_mult.cpp:16]   --->   Operation 106 'trunc' 'trunc_ln16_7' <Predicate = true> <Delay = 0.00>
ST_3 : Operation 107 [1/1] (0.00ns)   --->   "%tmp_27 = partselect i8 @_ssdm_op_PartSelect.i8.i40.i32.i32, i40 %a_load_2, i32 8, i32 15" [matrix_mult.cpp:16]   --->   Operation 107 'partselect' 'tmp_27' <Predicate = true> <Delay = 0.00>
ST_3 : Operation 108 [1/1] (0.00ns)   --->   "%tmp_28 = partselect i8 @_ssdm_op_PartSelect.i8.i40.i32.i32, i40 %a_load_2, i32 16, i32 23" [matrix_mult.cpp:16]   --->   Operation 108 'partselect' 'tmp_28' <Predicate = true> <Delay = 0.00>
ST_3 : Operation 109 [1/1] (0.00ns)   --->   "%tmp_29 = partselect i8 @_ssdm_op_PartSelect.i8.i40.i32.i32, i40 %a_load_2, i32 24, i32 31" [matrix_mult.cpp:16]   --->   Operation 109 'partselect' 'tmp_29' <Predicate = true> <Delay = 0.00>
ST_3 : Operation 110 [1/1] (0.00ns)   --->   "%tmp_30 = partselect i8 @_ssdm_op_PartSelect.i8.i40.i32.i32, i40 %a_load_2, i32 32, i32 39" [matrix_mult.cpp:16]   --->   Operation 110 'partselect' 'tmp_30' <Predicate = true> <Delay = 0.00>
ST_3 : Operation 111 [1/2] (1.42ns)   --->   "%a_load_3 = load i3 %a_addr_3" [matrix_mult.cpp:16]   --->   Operation 111 'load' 'a_load_3' <Predicate = true> <Delay = 1.42> <CoreInst = "RAM">   --->   Core 81 'RAM' <Latency = 1> <II = 1> <Delay = 1.42> <Storage> <Opcode : 'load' 'store'> <Ports = 2> <Width = 40> <Depth = 5> <RAM>
ST_3 : Operation 112 [1/1] (0.00ns)   --->   "%trunc_ln16_8 = trunc i40 %a_load_3" [matrix_mult.cpp:16]   --->   Operation 112 'trunc' 'trunc_ln16_8' <Predicate = true> <Delay = 0.00>
ST_3 : Operation 113 [1/1] (0.00ns)   --->   "%tmp_31 = partselect i8 @_ssdm_op_PartSelect.i8.i40.i32.i32, i40 %a_load_3, i32 8, i32 15" [matrix_mult.cpp:16]   --->   Operation 113 'partselect' 'tmp_31' <Predicate = true> <Delay = 0.00>
ST_3 : Operation 114 [1/1] (0.00ns)   --->   "%tmp_32 = partselect i8 @_ssdm_op_PartSelect.i8.i40.i32.i32, i40 %a_load_3, i32 16, i32 23" [matrix_mult.cpp:16]   --->   Operation 114 'partselect' 'tmp_32' <Predicate = true> <Delay = 0.00>
ST_3 : Operation 115 [1/1] (0.00ns)   --->   "%tmp_33 = partselect i8 @_ssdm_op_PartSelect.i8.i40.i32.i32, i40 %a_load_3, i32 24, i32 31" [matrix_mult.cpp:16]   --->   Operation 115 'partselect' 'tmp_33' <Predicate = true> <Delay = 0.00>
ST_3 : Operation 116 [1/1] (0.00ns)   --->   "%tmp_34 = partselect i8 @_ssdm_op_PartSelect.i8.i40.i32.i32, i40 %a_load_3, i32 32, i32 39" [matrix_mult.cpp:16]   --->   Operation 116 'partselect' 'tmp_34' <Predicate = true> <Delay = 0.00>
ST_3 : Operation 117 [1/1] (0.00ns)   --->   "%a_addr_4 = getelementptr i40 %a, i64 0, i64 4" [matrix_mult.cpp:16]   --->   Operation 117 'getelementptr' 'a_addr_4' <Predicate = true> <Delay = 0.00>
ST_3 : Operation 118 [2/2] (1.42ns)   --->   "%a_load_4 = load i3 %a_addr_4" [matrix_mult.cpp:16]   --->   Operation 118 'load' 'a_load_4' <Predicate = true> <Delay = 1.42> <CoreInst = "RAM">   --->   Core 81 'RAM' <Latency = 1> <II = 1> <Delay = 1.42> <Storage> <Opcode : 'load' 'store'> <Ports = 2> <Width = 40> <Depth = 5> <RAM>

State 4 <SV = 3> <Delay = 3.29>
ST_4 : Operation 119 [1/1] (0.00ns)   --->   "%sext_ln16_4 = sext i8 %tmp_1" [matrix_mult.cpp:16]   --->   Operation 119 'sext' 'sext_ln16_4' <Predicate = true> <Delay = 0.00>
ST_4 : Operation 120 [1/1] (0.00ns)   --->   "%sext_ln16_5 = sext i8 %tmp_2" [matrix_mult.cpp:16]   --->   Operation 120 'sext' 'sext_ln16_5' <Predicate = true> <Delay = 0.00>
ST_4 : Operation 121 [3/3] (1.09ns) (grouped into DSP with root node add_ln16_2)   --->   "%mul_ln16_2 = mul i16 %sext_ln16_5, i16 %sext_ln16_4" [matrix_mult.cpp:16]   --->   Operation 121 'mul' 'mul_ln16_2' <Predicate = true> <Delay = 1.09> <CoreInst = "DSP48">   --->   Core 116 'DSP48' <Latency = 3> <II = 1> <Delay = 1.82> <IPBlock> <Opcode : '' 'add' 'sub' 'mul' 'select'> <InPorts = 0> <OutPorts = 1> <Sync> <CReg>
ST_4 : Operation 122 [1/3] (0.00ns) (grouped into DSP with root node add_ln16_1)   --->   "%mul_ln16_4 = mul i16 %sext_ln16_9, i16 %sext_ln16_8" [matrix_mult.cpp:16]   --->   Operation 122 'mul' 'mul_ln16_4' <Predicate = true> <Delay = 0.00> <CoreInst = "DSP48">   --->   Core 116 'DSP48' <Latency = 3> <II = 1> <Delay = 1.82> <IPBlock> <Opcode : '' 'add' 'sub' 'mul' 'select'> <InPorts = 0> <OutPorts = 1> <Sync> <CReg>
ST_4 : Operation 123 [2/2] (1.78ns) (root node of the DSP)   --->   "%add_ln16_1 = add i16 %mul_ln16_3, i16 %mul_ln16_4" [matrix_mult.cpp:16]   --->   Operation 123 'add' 'add_ln16_1' <Predicate = true> <Delay = 1.78> <CoreInst = "DSP48">   --->   Core 116 'DSP48' <Latency = 3> <II = 1> <Delay = 1.82> <IPBlock> <Opcode : '' 'add' 'sub' 'mul' 'select'> <InPorts = 0> <OutPorts = 1> <Sync> <CReg>
ST_4 : Operation 124 [1/1] (0.00ns)   --->   "%sext_ln16_12 = sext i8 %tmp_8" [matrix_mult.cpp:16]   --->   Operation 124 'sext' 'sext_ln16_12' <Predicate = true> <Delay = 0.00>
ST_4 : Operation 125 [3/3] (1.09ns) (grouped into DSP with root node add_ln16_6)   --->   "%mul_ln16_7 = mul i16 %sext_ln16_12, i16 %sext_ln16_4" [matrix_mult.cpp:16]   --->   Operation 125 'mul' 'mul_ln16_7' <Predicate = true> <Delay = 1.09> <CoreInst = "DSP48">   --->   Core 116 'DSP48' <Latency = 3> <II = 1> <Delay = 1.82> <IPBlock> <Opcode : '' 'add' 'sub' 'mul' 'select'> <InPorts = 0> <OutPorts = 1> <Sync> <CReg>
ST_4 : Operation 126 [1/3] (0.00ns) (grouped into DSP with root node add_ln16_5)   --->   "%mul_ln16_9 = mul i16 %sext_ln16_14, i16 %sext_ln16_8" [matrix_mult.cpp:16]   --->   Operation 126 'mul' 'mul_ln16_9' <Predicate = true> <Delay = 0.00> <CoreInst = "DSP48">   --->   Core 116 'DSP48' <Latency = 3> <II = 1> <Delay = 1.82> <IPBlock> <Opcode : '' 'add' 'sub' 'mul' 'select'> <InPorts = 0> <OutPorts = 1> <Sync> <CReg>
ST_4 : Operation 127 [2/2] (1.78ns) (root node of the DSP)   --->   "%add_ln16_5 = add i16 %mul_ln16_8, i16 %mul_ln16_9" [matrix_mult.cpp:16]   --->   Operation 127 'add' 'add_ln16_5' <Predicate = true> <Delay = 1.78> <CoreInst = "DSP48">   --->   Core 116 'DSP48' <Latency = 3> <II = 1> <Delay = 1.82> <IPBlock> <Opcode : '' 'add' 'sub' 'mul' 'select'> <InPorts = 0> <OutPorts = 1> <Sync> <CReg>
ST_4 : Operation 128 [1/1] (0.00ns)   --->   "%sext_ln16_18 = sext i8 %tmp_13" [matrix_mult.cpp:16]   --->   Operation 128 'sext' 'sext_ln16_18' <Predicate = true> <Delay = 0.00>
ST_4 : Operation 129 [1/1] (3.29ns)   --->   "%mul_ln16_13 = mul i16 %sext_ln16_18, i16 %sext_ln16_6" [matrix_mult.cpp:16]   --->   Operation 129 'mul' 'mul_ln16_13' <Predicate = true> <Delay = 3.29> <CoreInst = "Multiplier">   --->   Core 3 'Multiplier' <Latency = 0> <II = 1> <Delay = 3.29> <FuncUnit> <Opcode : 'mul'> <InPorts = 2> <OutPorts = 1>
ST_4 : Operation 130 [2/3] (1.09ns) (grouped into DSP with root node add_ln16_9)   --->   "%mul_ln16_14 = mul i16 %sext_ln16_19, i16 %sext_ln16_8" [matrix_mult.cpp:16]   --->   Operation 130 'mul' 'mul_ln16_14' <Predicate = true> <Delay = 1.09> <CoreInst = "DSP48">   --->   Core 116 'DSP48' <Latency = 3> <II = 1> <Delay = 1.82> <IPBlock> <Opcode : '' 'add' 'sub' 'mul' 'select'> <InPorts = 0> <OutPorts = 1> <Sync> <CReg>
ST_4 : Operation 131 [1/1] (0.00ns)   --->   "%sext_ln16_23 = sext i8 %tmp_17" [matrix_mult.cpp:16]   --->   Operation 131 'sext' 'sext_ln16_23' <Predicate = true> <Delay = 0.00>
ST_4 : Operation 132 [1/1] (3.29ns)   --->   "%mul_ln16_18 = mul i16 %sext_ln16_23, i16 %sext_ln16_6" [matrix_mult.cpp:16]   --->   Operation 132 'mul' 'mul_ln16_18' <Predicate = true> <Delay = 3.29> <CoreInst = "Multiplier">   --->   Core 3 'Multiplier' <Latency = 0> <II = 1> <Delay = 3.29> <FuncUnit> <Opcode : 'mul'> <InPorts = 2> <OutPorts = 1>
ST_4 : Operation 133 [2/3] (1.09ns) (grouped into DSP with root node add_ln16_13)   --->   "%mul_ln16_19 = mul i16 %sext_ln16_24, i16 %sext_ln16_8" [matrix_mult.cpp:16]   --->   Operation 133 'mul' 'mul_ln16_19' <Predicate = true> <Delay = 1.09> <CoreInst = "DSP48">   --->   Core 116 'DSP48' <Latency = 3> <II = 1> <Delay = 1.82> <IPBlock> <Opcode : '' 'add' 'sub' 'mul' 'select'> <InPorts = 0> <OutPorts = 1> <Sync> <CReg>
ST_4 : Operation 134 [1/2] (1.42ns)   --->   "%b_load_4 = load i3 %b_addr_4" [matrix_mult.cpp:16]   --->   Operation 134 'load' 'b_load_4' <Predicate = true> <Delay = 1.42> <CoreInst = "RAM">   --->   Core 81 'RAM' <Latency = 1> <II = 1> <Delay = 1.42> <Storage> <Opcode : 'load' 'store'> <Ports = 2> <Width = 40> <Depth = 5> <RAM>
ST_4 : Operation 135 [1/1] (0.00ns)   --->   "%trunc_ln16_5 = trunc i40 %b_load_4" [matrix_mult.cpp:16]   --->   Operation 135 'trunc' 'trunc_ln16_5' <Predicate = true> <Delay = 0.00>
ST_4 : Operation 136 [1/1] (0.00ns)   --->   "%tmp_19 = partselect i8 @_ssdm_op_PartSelect.i8.i40.i32.i32, i40 %b_load_4, i32 8, i32 15" [matrix_mult.cpp:16]   --->   Operation 136 'partselect' 'tmp_19' <Predicate = true> <Delay = 0.00>
ST_4 : Operation 137 [1/1] (0.00ns)   --->   "%tmp_20 = partselect i8 @_ssdm_op_PartSelect.i8.i40.i32.i32, i40 %b_load_4, i32 16, i32 23" [matrix_mult.cpp:16]   --->   Operation 137 'partselect' 'tmp_20' <Predicate = true> <Delay = 0.00>
ST_4 : Operation 138 [1/1] (0.00ns)   --->   "%tmp_21 = partselect i8 @_ssdm_op_PartSelect.i8.i40.i32.i32, i40 %b_load_4, i32 24, i32 31" [matrix_mult.cpp:16]   --->   Operation 138 'partselect' 'tmp_21' <Predicate = true> <Delay = 0.00>
ST_4 : Operation 139 [1/1] (0.00ns)   --->   "%tmp_22 = partselect i8 @_ssdm_op_PartSelect.i8.i40.i32.i32, i40 %b_load_4, i32 32, i32 39" [matrix_mult.cpp:16]   --->   Operation 139 'partselect' 'tmp_22' <Predicate = true> <Delay = 0.00>
ST_4 : Operation 140 [1/1] (0.00ns)   --->   "%sext_ln16_29 = sext i8 %tmp_22" [matrix_mult.cpp:16]   --->   Operation 140 'sext' 'sext_ln16_29' <Predicate = true> <Delay = 0.00>
ST_4 : Operation 141 [3/3] (1.09ns) (grouped into DSP with root node add_ln16_17)   --->   "%mul_ln16_24 = mul i16 %sext_ln16_29, i16 %sext_ln16_8" [matrix_mult.cpp:16]   --->   Operation 141 'mul' 'mul_ln16_24' <Predicate = true> <Delay = 1.09> <CoreInst = "DSP48">   --->   Core 116 'DSP48' <Latency = 3> <II = 1> <Delay = 1.82> <IPBlock> <Opcode : '' 'add' 'sub' 'mul' 'select'> <InPorts = 0> <OutPorts = 1> <Sync> <CReg>
ST_4 : Operation 142 [1/3] (0.00ns) (grouped into DSP with root node add_ln16_21)   --->   "%mul_ln16_29 = mul i16 %sext_ln16_34, i16 %sext_ln16_9" [matrix_mult.cpp:16]   --->   Operation 142 'mul' 'mul_ln16_29' <Predicate = true> <Delay = 0.00> <CoreInst = "DSP48">   --->   Core 116 'DSP48' <Latency = 3> <II = 1> <Delay = 1.82> <IPBlock> <Opcode : '' 'add' 'sub' 'mul' 'select'> <InPorts = 0> <OutPorts = 1> <Sync> <CReg>
ST_4 : Operation 143 [2/2] (1.78ns) (root node of the DSP)   --->   "%add_ln16_21 = add i16 %mul_ln16_28, i16 %mul_ln16_29" [matrix_mult.cpp:16]   --->   Operation 143 'add' 'add_ln16_21' <Predicate = true> <Delay = 1.78> <CoreInst = "DSP48">   --->   Core 116 'DSP48' <Latency = 3> <II = 1> <Delay = 1.82> <IPBlock> <Opcode : '' 'add' 'sub' 'mul' 'select'> <InPorts = 0> <OutPorts = 1> <Sync> <CReg>
ST_4 : Operation 144 [1/3] (0.00ns) (grouped into DSP with root node add_ln16_25)   --->   "%mul_ln16_34 = mul i16 %sext_ln16_34, i16 %sext_ln16_14" [matrix_mult.cpp:16]   --->   Operation 144 'mul' 'mul_ln16_34' <Predicate = true> <Delay = 0.00> <CoreInst = "DSP48">   --->   Core 116 'DSP48' <Latency = 3> <II = 1> <Delay = 1.82> <IPBlock> <Opcode : '' 'add' 'sub' 'mul' 'select'> <InPorts = 0> <OutPorts = 1> <Sync> <CReg>
ST_4 : Operation 145 [2/2] (1.78ns) (root node of the DSP)   --->   "%add_ln16_25 = add i16 %mul_ln16_33, i16 %mul_ln16_34" [matrix_mult.cpp:16]   --->   Operation 145 'add' 'add_ln16_25' <Predicate = true> <Delay = 1.78> <CoreInst = "DSP48">   --->   Core 116 'DSP48' <Latency = 3> <II = 1> <Delay = 1.82> <IPBlock> <Opcode : '' 'add' 'sub' 'mul' 'select'> <InPorts = 0> <OutPorts = 1> <Sync> <CReg>
ST_4 : Operation 146 [1/1] (3.29ns)   --->   "%mul_ln16_38 = mul i16 %sext_ln16_33, i16 %sext_ln16_18" [matrix_mult.cpp:16]   --->   Operation 146 'mul' 'mul_ln16_38' <Predicate = true> <Delay = 3.29> <CoreInst = "Multiplier">   --->   Core 3 'Multiplier' <Latency = 0> <II = 1> <Delay = 3.29> <FuncUnit> <Opcode : 'mul'> <InPorts = 2> <OutPorts = 1>
ST_4 : Operation 147 [2/3] (1.09ns) (grouped into DSP with root node add_ln16_29)   --->   "%mul_ln16_39 = mul i16 %sext_ln16_34, i16 %sext_ln16_19" [matrix_mult.cpp:16]   --->   Operation 147 'mul' 'mul_ln16_39' <Predicate = true> <Delay = 1.09> <CoreInst = "DSP48">   --->   Core 116 'DSP48' <Latency = 3> <II = 1> <Delay = 1.82> <IPBlock> <Opcode : '' 'add' 'sub' 'mul' 'select'> <InPorts = 0> <OutPorts = 1> <Sync> <CReg>
ST_4 : Operation 148 [1/1] (3.29ns)   --->   "%mul_ln16_43 = mul i16 %sext_ln16_33, i16 %sext_ln16_23" [matrix_mult.cpp:16]   --->   Operation 148 'mul' 'mul_ln16_43' <Predicate = true> <Delay = 3.29> <CoreInst = "Multiplier">   --->   Core 3 'Multiplier' <Latency = 0> <II = 1> <Delay = 3.29> <FuncUnit> <Opcode : 'mul'> <InPorts = 2> <OutPorts = 1>
ST_4 : Operation 149 [2/3] (1.09ns) (grouped into DSP with root node add_ln16_33)   --->   "%mul_ln16_44 = mul i16 %sext_ln16_34, i16 %sext_ln16_24" [matrix_mult.cpp:16]   --->   Operation 149 'mul' 'mul_ln16_44' <Predicate = true> <Delay = 1.09> <CoreInst = "DSP48">   --->   Core 116 'DSP48' <Latency = 3> <II = 1> <Delay = 1.82> <IPBlock> <Opcode : '' 'add' 'sub' 'mul' 'select'> <InPorts = 0> <OutPorts = 1> <Sync> <CReg>
ST_4 : Operation 150 [3/3] (1.09ns) (grouped into DSP with root node add_ln16_37)   --->   "%mul_ln16_49 = mul i16 %sext_ln16_34, i16 %sext_ln16_29" [matrix_mult.cpp:16]   --->   Operation 150 'mul' 'mul_ln16_49' <Predicate = true> <Delay = 1.09> <CoreInst = "DSP48">   --->   Core 116 'DSP48' <Latency = 3> <II = 1> <Delay = 1.82> <IPBlock> <Opcode : '' 'add' 'sub' 'mul' 'select'> <InPorts = 0> <OutPorts = 1> <Sync> <CReg>
ST_4 : Operation 151 [1/1] (0.00ns)   --->   "%sext_ln16_39 = sext i8 %tmp_30" [matrix_mult.cpp:16]   --->   Operation 151 'sext' 'sext_ln16_39' <Predicate = true> <Delay = 0.00>
ST_4 : Operation 152 [3/3] (1.09ns) (grouped into DSP with root node add_ln16_41)   --->   "%mul_ln16_54 = mul i16 %sext_ln16_39, i16 %sext_ln16_9" [matrix_mult.cpp:16]   --->   Operation 152 'mul' 'mul_ln16_54' <Predicate = true> <Delay = 1.09> <CoreInst = "DSP48">   --->   Core 116 'DSP48' <Latency = 3> <II = 1> <Delay = 1.82> <IPBlock> <Opcode : '' 'add' 'sub' 'mul' 'select'> <InPorts = 0> <OutPorts = 1> <Sync> <CReg>
ST_4 : Operation 153 [3/3] (1.09ns) (grouped into DSP with root node add_ln16_45)   --->   "%mul_ln16_59 = mul i16 %sext_ln16_39, i16 %sext_ln16_14" [matrix_mult.cpp:16]   --->   Operation 153 'mul' 'mul_ln16_59' <Predicate = true> <Delay = 1.09> <CoreInst = "DSP48">   --->   Core 116 'DSP48' <Latency = 3> <II = 1> <Delay = 1.82> <IPBlock> <Opcode : '' 'add' 'sub' 'mul' 'select'> <InPorts = 0> <OutPorts = 1> <Sync> <CReg>
ST_4 : Operation 154 [1/2] (1.42ns)   --->   "%a_load_4 = load i3 %a_addr_4" [matrix_mult.cpp:16]   --->   Operation 154 'load' 'a_load_4' <Predicate = true> <Delay = 1.42> <CoreInst = "RAM">   --->   Core 81 'RAM' <Latency = 1> <II = 1> <Delay = 1.42> <Storage> <Opcode : 'load' 'store'> <Ports = 2> <Width = 40> <Depth = 5> <RAM>
ST_4 : Operation 155 [1/1] (0.00ns)   --->   "%trunc_ln16_9 = trunc i40 %a_load_4" [matrix_mult.cpp:16]   --->   Operation 155 'trunc' 'trunc_ln16_9' <Predicate = true> <Delay = 0.00>
ST_4 : Operation 156 [1/1] (0.00ns)   --->   "%tmp_35 = partselect i8 @_ssdm_op_PartSelect.i8.i40.i32.i32, i40 %a_load_4, i32 8, i32 15" [matrix_mult.cpp:16]   --->   Operation 156 'partselect' 'tmp_35' <Predicate = true> <Delay = 0.00>
ST_4 : Operation 157 [1/1] (0.00ns)   --->   "%tmp_36 = partselect i8 @_ssdm_op_PartSelect.i8.i40.i32.i32, i40 %a_load_4, i32 16, i32 23" [matrix_mult.cpp:16]   --->   Operation 157 'partselect' 'tmp_36' <Predicate = true> <Delay = 0.00>
ST_4 : Operation 158 [1/1] (0.00ns)   --->   "%tmp_37 = partselect i8 @_ssdm_op_PartSelect.i8.i40.i32.i32, i40 %a_load_4, i32 24, i32 31" [matrix_mult.cpp:16]   --->   Operation 158 'partselect' 'tmp_37' <Predicate = true> <Delay = 0.00>
ST_4 : Operation 159 [1/1] (0.00ns)   --->   "%tmp_38 = partselect i8 @_ssdm_op_PartSelect.i8.i40.i32.i32, i40 %a_load_4, i32 32, i32 39" [matrix_mult.cpp:16]   --->   Operation 159 'partselect' 'tmp_38' <Predicate = true> <Delay = 0.00>

State 5 <SV = 4> <Delay = 3.29>
ST_5 : Operation 160 [2/3] (1.09ns) (grouped into DSP with root node add_ln16_2)   --->   "%mul_ln16_2 = mul i16 %sext_ln16_5, i16 %sext_ln16_4" [matrix_mult.cpp:16]   --->   Operation 160 'mul' 'mul_ln16_2' <Predicate = true> <Delay = 1.09> <CoreInst = "DSP48">   --->   Core 116 'DSP48' <Latency = 3> <II = 1> <Delay = 1.82> <IPBlock> <Opcode : '' 'add' 'sub' 'mul' 'select'> <InPorts = 0> <OutPorts = 1> <Sync> <CReg>
ST_5 : Operation 161 [1/2] (1.78ns) (root node of the DSP)   --->   "%add_ln16_1 = add i16 %mul_ln16_3, i16 %mul_ln16_4" [matrix_mult.cpp:16]   --->   Operation 161 'add' 'add_ln16_1' <Predicate = true> <Delay = 1.78> <CoreInst = "DSP48">   --->   Core 116 'DSP48' <Latency = 3> <II = 1> <Delay = 1.82> <IPBlock> <Opcode : '' 'add' 'sub' 'mul' 'select'> <InPorts = 0> <OutPorts = 1> <Sync> <CReg>
ST_5 : Operation 162 [2/3] (1.09ns) (grouped into DSP with root node add_ln16_6)   --->   "%mul_ln16_7 = mul i16 %sext_ln16_12, i16 %sext_ln16_4" [matrix_mult.cpp:16]   --->   Operation 162 'mul' 'mul_ln16_7' <Predicate = true> <Delay = 1.09> <CoreInst = "DSP48">   --->   Core 116 'DSP48' <Latency = 3> <II = 1> <Delay = 1.82> <IPBlock> <Opcode : '' 'add' 'sub' 'mul' 'select'> <InPorts = 0> <OutPorts = 1> <Sync> <CReg>
ST_5 : Operation 163 [1/2] (1.78ns) (root node of the DSP)   --->   "%add_ln16_5 = add i16 %mul_ln16_8, i16 %mul_ln16_9" [matrix_mult.cpp:16]   --->   Operation 163 'add' 'add_ln16_5' <Predicate = true> <Delay = 1.78> <CoreInst = "DSP48">   --->   Core 116 'DSP48' <Latency = 3> <II = 1> <Delay = 1.82> <IPBlock> <Opcode : '' 'add' 'sub' 'mul' 'select'> <InPorts = 0> <OutPorts = 1> <Sync> <CReg>
ST_5 : Operation 164 [1/1] (0.00ns)   --->   "%sext_ln16_17 = sext i8 %tmp_12" [matrix_mult.cpp:16]   --->   Operation 164 'sext' 'sext_ln16_17' <Predicate = true> <Delay = 0.00>
ST_5 : Operation 165 [3/3] (1.09ns) (grouped into DSP with root node add_ln16_10)   --->   "%mul_ln16_12 = mul i16 %sext_ln16_17, i16 %sext_ln16_4" [matrix_mult.cpp:16]   --->   Operation 165 'mul' 'mul_ln16_12' <Predicate = true> <Delay = 1.09> <CoreInst = "DSP48">   --->   Core 116 'DSP48' <Latency = 3> <II = 1> <Delay = 1.82> <IPBlock> <Opcode : '' 'add' 'sub' 'mul' 'select'> <InPorts = 0> <OutPorts = 1> <Sync> <CReg>
ST_5 : Operation 166 [1/3] (0.00ns) (grouped into DSP with root node add_ln16_9)   --->   "%mul_ln16_14 = mul i16 %sext_ln16_19, i16 %sext_ln16_8" [matrix_mult.cpp:16]   --->   Operation 166 'mul' 'mul_ln16_14' <Predicate = true> <Delay = 0.00> <CoreInst = "DSP48">   --->   Core 116 'DSP48' <Latency = 3> <II = 1> <Delay = 1.82> <IPBlock> <Opcode : '' 'add' 'sub' 'mul' 'select'> <InPorts = 0> <OutPorts = 1> <Sync> <CReg>
ST_5 : Operation 167 [2/2] (1.78ns) (root node of the DSP)   --->   "%add_ln16_9 = add i16 %mul_ln16_13, i16 %mul_ln16_14" [matrix_mult.cpp:16]   --->   Operation 167 'add' 'add_ln16_9' <Predicate = true> <Delay = 1.78> <CoreInst = "DSP48">   --->   Core 116 'DSP48' <Latency = 3> <II = 1> <Delay = 1.82> <IPBlock> <Opcode : '' 'add' 'sub' 'mul' 'select'> <InPorts = 0> <OutPorts = 1> <Sync> <CReg>
ST_5 : Operation 168 [1/1] (0.00ns)   --->   "%sext_ln16_22 = sext i8 %tmp_16" [matrix_mult.cpp:16]   --->   Operation 168 'sext' 'sext_ln16_22' <Predicate = true> <Delay = 0.00>
ST_5 : Operation 169 [3/3] (1.09ns) (grouped into DSP with root node add_ln16_14)   --->   "%mul_ln16_17 = mul i16 %sext_ln16_22, i16 %sext_ln16_4" [matrix_mult.cpp:16]   --->   Operation 169 'mul' 'mul_ln16_17' <Predicate = true> <Delay = 1.09> <CoreInst = "DSP48">   --->   Core 116 'DSP48' <Latency = 3> <II = 1> <Delay = 1.82> <IPBlock> <Opcode : '' 'add' 'sub' 'mul' 'select'> <InPorts = 0> <OutPorts = 1> <Sync> <CReg>
ST_5 : Operation 170 [1/3] (0.00ns) (grouped into DSP with root node add_ln16_13)   --->   "%mul_ln16_19 = mul i16 %sext_ln16_24, i16 %sext_ln16_8" [matrix_mult.cpp:16]   --->   Operation 170 'mul' 'mul_ln16_19' <Predicate = true> <Delay = 0.00> <CoreInst = "DSP48">   --->   Core 116 'DSP48' <Latency = 3> <II = 1> <Delay = 1.82> <IPBlock> <Opcode : '' 'add' 'sub' 'mul' 'select'> <InPorts = 0> <OutPorts = 1> <Sync> <CReg>
ST_5 : Operation 171 [2/2] (1.78ns) (root node of the DSP)   --->   "%add_ln16_13 = add i16 %mul_ln16_18, i16 %mul_ln16_19" [matrix_mult.cpp:16]   --->   Operation 171 'add' 'add_ln16_13' <Predicate = true> <Delay = 1.78> <CoreInst = "DSP48">   --->   Core 116 'DSP48' <Latency = 3> <II = 1> <Delay = 1.82> <IPBlock> <Opcode : '' 'add' 'sub' 'mul' 'select'> <InPorts = 0> <OutPorts = 1> <Sync> <CReg>
ST_5 : Operation 172 [1/1] (0.00ns)   --->   "%sext_ln16_28 = sext i8 %tmp_21" [matrix_mult.cpp:16]   --->   Operation 172 'sext' 'sext_ln16_28' <Predicate = true> <Delay = 0.00>
ST_5 : Operation 173 [1/1] (3.29ns)   --->   "%mul_ln16_23 = mul i16 %sext_ln16_28, i16 %sext_ln16_6" [matrix_mult.cpp:16]   --->   Operation 173 'mul' 'mul_ln16_23' <Predicate = true> <Delay = 3.29> <CoreInst = "Multiplier">   --->   Core 3 'Multiplier' <Latency = 0> <II = 1> <Delay = 3.29> <FuncUnit> <Opcode : 'mul'> <InPorts = 2> <OutPorts = 1>
ST_5 : Operation 174 [2/3] (1.09ns) (grouped into DSP with root node add_ln16_17)   --->   "%mul_ln16_24 = mul i16 %sext_ln16_29, i16 %sext_ln16_8" [matrix_mult.cpp:16]   --->   Operation 174 'mul' 'mul_ln16_24' <Predicate = true> <Delay = 1.09> <CoreInst = "DSP48">   --->   Core 116 'DSP48' <Latency = 3> <II = 1> <Delay = 1.82> <IPBlock> <Opcode : '' 'add' 'sub' 'mul' 'select'> <InPorts = 0> <OutPorts = 1> <Sync> <CReg>
ST_5 : Operation 175 [1/2] (1.78ns) (root node of the DSP)   --->   "%add_ln16_21 = add i16 %mul_ln16_28, i16 %mul_ln16_29" [matrix_mult.cpp:16]   --->   Operation 175 'add' 'add_ln16_21' <Predicate = true> <Delay = 1.78> <CoreInst = "DSP48">   --->   Core 116 'DSP48' <Latency = 3> <II = 1> <Delay = 1.82> <IPBlock> <Opcode : '' 'add' 'sub' 'mul' 'select'> <InPorts = 0> <OutPorts = 1> <Sync> <CReg>
ST_5 : Operation 176 [1/2] (1.78ns) (root node of the DSP)   --->   "%add_ln16_25 = add i16 %mul_ln16_33, i16 %mul_ln16_34" [matrix_mult.cpp:16]   --->   Operation 176 'add' 'add_ln16_25' <Predicate = true> <Delay = 1.78> <CoreInst = "DSP48">   --->   Core 116 'DSP48' <Latency = 3> <II = 1> <Delay = 1.82> <IPBlock> <Opcode : '' 'add' 'sub' 'mul' 'select'> <InPorts = 0> <OutPorts = 1> <Sync> <CReg>
ST_5 : Operation 177 [1/3] (0.00ns) (grouped into DSP with root node add_ln16_29)   --->   "%mul_ln16_39 = mul i16 %sext_ln16_34, i16 %sext_ln16_19" [matrix_mult.cpp:16]   --->   Operation 177 'mul' 'mul_ln16_39' <Predicate = true> <Delay = 0.00> <CoreInst = "DSP48">   --->   Core 116 'DSP48' <Latency = 3> <II = 1> <Delay = 1.82> <IPBlock> <Opcode : '' 'add' 'sub' 'mul' 'select'> <InPorts = 0> <OutPorts = 1> <Sync> <CReg>
ST_5 : Operation 178 [2/2] (1.78ns) (root node of the DSP)   --->   "%add_ln16_29 = add i16 %mul_ln16_38, i16 %mul_ln16_39" [matrix_mult.cpp:16]   --->   Operation 178 'add' 'add_ln16_29' <Predicate = true> <Delay = 1.78> <CoreInst = "DSP48">   --->   Core 116 'DSP48' <Latency = 3> <II = 1> <Delay = 1.82> <IPBlock> <Opcode : '' 'add' 'sub' 'mul' 'select'> <InPorts = 0> <OutPorts = 1> <Sync> <CReg>
ST_5 : Operation 179 [1/3] (0.00ns) (grouped into DSP with root node add_ln16_33)   --->   "%mul_ln16_44 = mul i16 %sext_ln16_34, i16 %sext_ln16_24" [matrix_mult.cpp:16]   --->   Operation 179 'mul' 'mul_ln16_44' <Predicate = true> <Delay = 0.00> <CoreInst = "DSP48">   --->   Core 116 'DSP48' <Latency = 3> <II = 1> <Delay = 1.82> <IPBlock> <Opcode : '' 'add' 'sub' 'mul' 'select'> <InPorts = 0> <OutPorts = 1> <Sync> <CReg>
ST_5 : Operation 180 [2/2] (1.78ns) (root node of the DSP)   --->   "%add_ln16_33 = add i16 %mul_ln16_43, i16 %mul_ln16_44" [matrix_mult.cpp:16]   --->   Operation 180 'add' 'add_ln16_33' <Predicate = true> <Delay = 1.78> <CoreInst = "DSP48">   --->   Core 116 'DSP48' <Latency = 3> <II = 1> <Delay = 1.82> <IPBlock> <Opcode : '' 'add' 'sub' 'mul' 'select'> <InPorts = 0> <OutPorts = 1> <Sync> <CReg>
ST_5 : Operation 181 [1/1] (3.29ns)   --->   "%mul_ln16_48 = mul i16 %sext_ln16_33, i16 %sext_ln16_28" [matrix_mult.cpp:16]   --->   Operation 181 'mul' 'mul_ln16_48' <Predicate = true> <Delay = 3.29> <CoreInst = "Multiplier">   --->   Core 3 'Multiplier' <Latency = 0> <II = 1> <Delay = 3.29> <FuncUnit> <Opcode : 'mul'> <InPorts = 2> <OutPorts = 1>
ST_5 : Operation 182 [2/3] (1.09ns) (grouped into DSP with root node add_ln16_37)   --->   "%mul_ln16_49 = mul i16 %sext_ln16_34, i16 %sext_ln16_29" [matrix_mult.cpp:16]   --->   Operation 182 'mul' 'mul_ln16_49' <Predicate = true> <Delay = 1.09> <CoreInst = "DSP48">   --->   Core 116 'DSP48' <Latency = 3> <II = 1> <Delay = 1.82> <IPBlock> <Opcode : '' 'add' 'sub' 'mul' 'select'> <InPorts = 0> <OutPorts = 1> <Sync> <CReg>
ST_5 : Operation 183 [1/1] (0.00ns)   --->   "%sext_ln16_38 = sext i8 %tmp_29" [matrix_mult.cpp:16]   --->   Operation 183 'sext' 'sext_ln16_38' <Predicate = true> <Delay = 0.00>
ST_5 : Operation 184 [1/1] (3.29ns)   --->   "%mul_ln16_53 = mul i16 %sext_ln16_38, i16 %sext_ln16_7" [matrix_mult.cpp:16]   --->   Operation 184 'mul' 'mul_ln16_53' <Predicate = true> <Delay = 3.29> <CoreInst = "Multiplier">   --->   Core 3 'Multiplier' <Latency = 0> <II = 1> <Delay = 3.29> <FuncUnit> <Opcode : 'mul'> <InPorts = 2> <OutPorts = 1>
ST_5 : Operation 185 [2/3] (1.09ns) (grouped into DSP with root node add_ln16_41)   --->   "%mul_ln16_54 = mul i16 %sext_ln16_39, i16 %sext_ln16_9" [matrix_mult.cpp:16]   --->   Operation 185 'mul' 'mul_ln16_54' <Predicate = true> <Delay = 1.09> <CoreInst = "DSP48">   --->   Core 116 'DSP48' <Latency = 3> <II = 1> <Delay = 1.82> <IPBlock> <Opcode : '' 'add' 'sub' 'mul' 'select'> <InPorts = 0> <OutPorts = 1> <Sync> <CReg>
ST_5 : Operation 186 [1/1] (3.29ns)   --->   "%mul_ln16_58 = mul i16 %sext_ln16_38, i16 %sext_ln16_13" [matrix_mult.cpp:16]   --->   Operation 186 'mul' 'mul_ln16_58' <Predicate = true> <Delay = 3.29> <CoreInst = "Multiplier">   --->   Core 3 'Multiplier' <Latency = 0> <II = 1> <Delay = 3.29> <FuncUnit> <Opcode : 'mul'> <InPorts = 2> <OutPorts = 1>
ST_5 : Operation 187 [2/3] (1.09ns) (grouped into DSP with root node add_ln16_45)   --->   "%mul_ln16_59 = mul i16 %sext_ln16_39, i16 %sext_ln16_14" [matrix_mult.cpp:16]   --->   Operation 187 'mul' 'mul_ln16_59' <Predicate = true> <Delay = 1.09> <CoreInst = "DSP48">   --->   Core 116 'DSP48' <Latency = 3> <II = 1> <Delay = 1.82> <IPBlock> <Opcode : '' 'add' 'sub' 'mul' 'select'> <InPorts = 0> <OutPorts = 1> <Sync> <CReg>
ST_5 : Operation 188 [3/3] (1.09ns) (grouped into DSP with root node add_ln16_49)   --->   "%mul_ln16_64 = mul i16 %sext_ln16_39, i16 %sext_ln16_19" [matrix_mult.cpp:16]   --->   Operation 188 'mul' 'mul_ln16_64' <Predicate = true> <Delay = 1.09> <CoreInst = "DSP48">   --->   Core 116 'DSP48' <Latency = 3> <II = 1> <Delay = 1.82> <IPBlock> <Opcode : '' 'add' 'sub' 'mul' 'select'> <InPorts = 0> <OutPorts = 1> <Sync> <CReg>
ST_5 : Operation 189 [3/3] (1.09ns) (grouped into DSP with root node add_ln16_53)   --->   "%mul_ln16_69 = mul i16 %sext_ln16_39, i16 %sext_ln16_24" [matrix_mult.cpp:16]   --->   Operation 189 'mul' 'mul_ln16_69' <Predicate = true> <Delay = 1.09> <CoreInst = "DSP48">   --->   Core 116 'DSP48' <Latency = 3> <II = 1> <Delay = 1.82> <IPBlock> <Opcode : '' 'add' 'sub' 'mul' 'select'> <InPorts = 0> <OutPorts = 1> <Sync> <CReg>
ST_5 : Operation 190 [3/3] (1.09ns) (grouped into DSP with root node add_ln16_57)   --->   "%mul_ln16_74 = mul i16 %sext_ln16_39, i16 %sext_ln16_29" [matrix_mult.cpp:16]   --->   Operation 190 'mul' 'mul_ln16_74' <Predicate = true> <Delay = 1.09> <CoreInst = "DSP48">   --->   Core 116 'DSP48' <Latency = 3> <II = 1> <Delay = 1.82> <IPBlock> <Opcode : '' 'add' 'sub' 'mul' 'select'> <InPorts = 0> <OutPorts = 1> <Sync> <CReg>
ST_5 : Operation 191 [1/1] (0.00ns)   --->   "%sext_ln16_44 = sext i8 %tmp_34" [matrix_mult.cpp:16]   --->   Operation 191 'sext' 'sext_ln16_44' <Predicate = true> <Delay = 0.00>
ST_5 : Operation 192 [3/3] (1.09ns) (grouped into DSP with root node add_ln16_61)   --->   "%mul_ln16_79 = mul i16 %sext_ln16_44, i16 %sext_ln16_9" [matrix_mult.cpp:16]   --->   Operation 192 'mul' 'mul_ln16_79' <Predicate = true> <Delay = 1.09> <CoreInst = "DSP48">   --->   Core 116 'DSP48' <Latency = 3> <II = 1> <Delay = 1.82> <IPBlock> <Opcode : '' 'add' 'sub' 'mul' 'select'> <InPorts = 0> <OutPorts = 1> <Sync> <CReg>

State 6 <SV = 5> <Delay = 3.29>
ST_6 : Operation 193 [1/3] (0.00ns) (grouped into DSP with root node add_ln16_2)   --->   "%mul_ln16_2 = mul i16 %sext_ln16_5, i16 %sext_ln16_4" [matrix_mult.cpp:16]   --->   Operation 193 'mul' 'mul_ln16_2' <Predicate = true> <Delay = 0.00> <CoreInst = "DSP48">   --->   Core 116 'DSP48' <Latency = 3> <II = 1> <Delay = 1.82> <IPBlock> <Opcode : '' 'add' 'sub' 'mul' 'select'> <InPorts = 0> <OutPorts = 1> <Sync> <CReg>
ST_6 : Operation 194 [2/2] (1.78ns) (root node of the DSP)   --->   "%add_ln16_2 = add i16 %add_ln16_1, i16 %mul_ln16_2" [matrix_mult.cpp:16]   --->   Operation 194 'add' 'add_ln16_2' <Predicate = true> <Delay = 1.78> <CoreInst = "DSP48">   --->   Core 116 'DSP48' <Latency = 3> <II = 1> <Delay = 1.82> <IPBlock> <Opcode : '' 'add' 'sub' 'mul' 'select'> <InPorts = 0> <OutPorts = 1> <Sync> <CReg>
ST_6 : Operation 195 [1/3] (0.00ns) (grouped into DSP with root node add_ln16_6)   --->   "%mul_ln16_7 = mul i16 %sext_ln16_12, i16 %sext_ln16_4" [matrix_mult.cpp:16]   --->   Operation 195 'mul' 'mul_ln16_7' <Predicate = true> <Delay = 0.00> <CoreInst = "DSP48">   --->   Core 116 'DSP48' <Latency = 3> <II = 1> <Delay = 1.82> <IPBlock> <Opcode : '' 'add' 'sub' 'mul' 'select'> <InPorts = 0> <OutPorts = 1> <Sync> <CReg>
ST_6 : Operation 196 [2/2] (1.78ns) (root node of the DSP)   --->   "%add_ln16_6 = add i16 %add_ln16_5, i16 %mul_ln16_7" [matrix_mult.cpp:16]   --->   Operation 196 'add' 'add_ln16_6' <Predicate = true> <Delay = 1.78> <CoreInst = "DSP48">   --->   Core 116 'DSP48' <Latency = 3> <II = 1> <Delay = 1.82> <IPBlock> <Opcode : '' 'add' 'sub' 'mul' 'select'> <InPorts = 0> <OutPorts = 1> <Sync> <CReg>
ST_6 : Operation 197 [2/3] (1.09ns) (grouped into DSP with root node add_ln16_10)   --->   "%mul_ln16_12 = mul i16 %sext_ln16_17, i16 %sext_ln16_4" [matrix_mult.cpp:16]   --->   Operation 197 'mul' 'mul_ln16_12' <Predicate = true> <Delay = 1.09> <CoreInst = "DSP48">   --->   Core 116 'DSP48' <Latency = 3> <II = 1> <Delay = 1.82> <IPBlock> <Opcode : '' 'add' 'sub' 'mul' 'select'> <InPorts = 0> <OutPorts = 1> <Sync> <CReg>
ST_6 : Operation 198 [1/2] (1.78ns) (root node of the DSP)   --->   "%add_ln16_9 = add i16 %mul_ln16_13, i16 %mul_ln16_14" [matrix_mult.cpp:16]   --->   Operation 198 'add' 'add_ln16_9' <Predicate = true> <Delay = 1.78> <CoreInst = "DSP48">   --->   Core 116 'DSP48' <Latency = 3> <II = 1> <Delay = 1.82> <IPBlock> <Opcode : '' 'add' 'sub' 'mul' 'select'> <InPorts = 0> <OutPorts = 1> <Sync> <CReg>
ST_6 : Operation 199 [2/3] (1.09ns) (grouped into DSP with root node add_ln16_14)   --->   "%mul_ln16_17 = mul i16 %sext_ln16_22, i16 %sext_ln16_4" [matrix_mult.cpp:16]   --->   Operation 199 'mul' 'mul_ln16_17' <Predicate = true> <Delay = 1.09> <CoreInst = "DSP48">   --->   Core 116 'DSP48' <Latency = 3> <II = 1> <Delay = 1.82> <IPBlock> <Opcode : '' 'add' 'sub' 'mul' 'select'> <InPorts = 0> <OutPorts = 1> <Sync> <CReg>
ST_6 : Operation 200 [1/2] (1.78ns) (root node of the DSP)   --->   "%add_ln16_13 = add i16 %mul_ln16_18, i16 %mul_ln16_19" [matrix_mult.cpp:16]   --->   Operation 200 'add' 'add_ln16_13' <Predicate = true> <Delay = 1.78> <CoreInst = "DSP48">   --->   Core 116 'DSP48' <Latency = 3> <II = 1> <Delay = 1.82> <IPBlock> <Opcode : '' 'add' 'sub' 'mul' 'select'> <InPorts = 0> <OutPorts = 1> <Sync> <CReg>
ST_6 : Operation 201 [1/1] (0.00ns)   --->   "%sext_ln16_27 = sext i8 %tmp_20" [matrix_mult.cpp:16]   --->   Operation 201 'sext' 'sext_ln16_27' <Predicate = true> <Delay = 0.00>
ST_6 : Operation 202 [3/3] (1.09ns) (grouped into DSP with root node add_ln16_18)   --->   "%mul_ln16_22 = mul i16 %sext_ln16_27, i16 %sext_ln16_4" [matrix_mult.cpp:16]   --->   Operation 202 'mul' 'mul_ln16_22' <Predicate = true> <Delay = 1.09> <CoreInst = "DSP48">   --->   Core 116 'DSP48' <Latency = 3> <II = 1> <Delay = 1.82> <IPBlock> <Opcode : '' 'add' 'sub' 'mul' 'select'> <InPorts = 0> <OutPorts = 1> <Sync> <CReg>
ST_6 : Operation 203 [1/3] (0.00ns) (grouped into DSP with root node add_ln16_17)   --->   "%mul_ln16_24 = mul i16 %sext_ln16_29, i16 %sext_ln16_8" [matrix_mult.cpp:16]   --->   Operation 203 'mul' 'mul_ln16_24' <Predicate = true> <Delay = 0.00> <CoreInst = "DSP48">   --->   Core 116 'DSP48' <Latency = 3> <II = 1> <Delay = 1.82> <IPBlock> <Opcode : '' 'add' 'sub' 'mul' 'select'> <InPorts = 0> <OutPorts = 1> <Sync> <CReg>
ST_6 : Operation 204 [2/2] (1.78ns) (root node of the DSP)   --->   "%add_ln16_17 = add i16 %mul_ln16_23, i16 %mul_ln16_24" [matrix_mult.cpp:16]   --->   Operation 204 'add' 'add_ln16_17' <Predicate = true> <Delay = 1.78> <CoreInst = "DSP48">   --->   Core 116 'DSP48' <Latency = 3> <II = 1> <Delay = 1.82> <IPBlock> <Opcode : '' 'add' 'sub' 'mul' 'select'> <InPorts = 0> <OutPorts = 1> <Sync> <CReg>
ST_6 : Operation 205 [1/1] (0.00ns)   --->   "%sext_ln16_32 = sext i8 %tmp_24" [matrix_mult.cpp:16]   --->   Operation 205 'sext' 'sext_ln16_32' <Predicate = true> <Delay = 0.00>
ST_6 : Operation 206 [3/3] (1.09ns) (grouped into DSP with root node add_ln16_22)   --->   "%mul_ln16_27 = mul i16 %sext_ln16_32, i16 %sext_ln16_5" [matrix_mult.cpp:16]   --->   Operation 206 'mul' 'mul_ln16_27' <Predicate = true> <Delay = 1.09> <CoreInst = "DSP48">   --->   Core 116 'DSP48' <Latency = 3> <II = 1> <Delay = 1.82> <IPBlock> <Opcode : '' 'add' 'sub' 'mul' 'select'> <InPorts = 0> <OutPorts = 1> <Sync> <CReg>
ST_6 : Operation 207 [1/2] (1.78ns) (root node of the DSP)   --->   "%add_ln16_29 = add i16 %mul_ln16_38, i16 %mul_ln16_39" [matrix_mult.cpp:16]   --->   Operation 207 'add' 'add_ln16_29' <Predicate = true> <Delay = 1.78> <CoreInst = "DSP48">   --->   Core 116 'DSP48' <Latency = 3> <II = 1> <Delay = 1.82> <IPBlock> <Opcode : '' 'add' 'sub' 'mul' 'select'> <InPorts = 0> <OutPorts = 1> <Sync> <CReg>
ST_6 : Operation 208 [1/2] (1.78ns) (root node of the DSP)   --->   "%add_ln16_33 = add i16 %mul_ln16_43, i16 %mul_ln16_44" [matrix_mult.cpp:16]   --->   Operation 208 'add' 'add_ln16_33' <Predicate = true> <Delay = 1.78> <CoreInst = "DSP48">   --->   Core 116 'DSP48' <Latency = 3> <II = 1> <Delay = 1.82> <IPBlock> <Opcode : '' 'add' 'sub' 'mul' 'select'> <InPorts = 0> <OutPorts = 1> <Sync> <CReg>
ST_6 : Operation 209 [1/3] (0.00ns) (grouped into DSP with root node add_ln16_37)   --->   "%mul_ln16_49 = mul i16 %sext_ln16_34, i16 %sext_ln16_29" [matrix_mult.cpp:16]   --->   Operation 209 'mul' 'mul_ln16_49' <Predicate = true> <Delay = 0.00> <CoreInst = "DSP48">   --->   Core 116 'DSP48' <Latency = 3> <II = 1> <Delay = 1.82> <IPBlock> <Opcode : '' 'add' 'sub' 'mul' 'select'> <InPorts = 0> <OutPorts = 1> <Sync> <CReg>
ST_6 : Operation 210 [2/2] (1.78ns) (root node of the DSP)   --->   "%add_ln16_37 = add i16 %mul_ln16_48, i16 %mul_ln16_49" [matrix_mult.cpp:16]   --->   Operation 210 'add' 'add_ln16_37' <Predicate = true> <Delay = 1.78> <CoreInst = "DSP48">   --->   Core 116 'DSP48' <Latency = 3> <II = 1> <Delay = 1.82> <IPBlock> <Opcode : '' 'add' 'sub' 'mul' 'select'> <InPorts = 0> <OutPorts = 1> <Sync> <CReg>
ST_6 : Operation 211 [1/3] (0.00ns) (grouped into DSP with root node add_ln16_41)   --->   "%mul_ln16_54 = mul i16 %sext_ln16_39, i16 %sext_ln16_9" [matrix_mult.cpp:16]   --->   Operation 211 'mul' 'mul_ln16_54' <Predicate = true> <Delay = 0.00> <CoreInst = "DSP48">   --->   Core 116 'DSP48' <Latency = 3> <II = 1> <Delay = 1.82> <IPBlock> <Opcode : '' 'add' 'sub' 'mul' 'select'> <InPorts = 0> <OutPorts = 1> <Sync> <CReg>
ST_6 : Operation 212 [2/2] (1.78ns) (root node of the DSP)   --->   "%add_ln16_41 = add i16 %mul_ln16_53, i16 %mul_ln16_54" [matrix_mult.cpp:16]   --->   Operation 212 'add' 'add_ln16_41' <Predicate = true> <Delay = 1.78> <CoreInst = "DSP48">   --->   Core 116 'DSP48' <Latency = 3> <II = 1> <Delay = 1.82> <IPBlock> <Opcode : '' 'add' 'sub' 'mul' 'select'> <InPorts = 0> <OutPorts = 1> <Sync> <CReg>
ST_6 : Operation 213 [1/3] (0.00ns) (grouped into DSP with root node add_ln16_45)   --->   "%mul_ln16_59 = mul i16 %sext_ln16_39, i16 %sext_ln16_14" [matrix_mult.cpp:16]   --->   Operation 213 'mul' 'mul_ln16_59' <Predicate = true> <Delay = 0.00> <CoreInst = "DSP48">   --->   Core 116 'DSP48' <Latency = 3> <II = 1> <Delay = 1.82> <IPBlock> <Opcode : '' 'add' 'sub' 'mul' 'select'> <InPorts = 0> <OutPorts = 1> <Sync> <CReg>
ST_6 : Operation 214 [2/2] (1.78ns) (root node of the DSP)   --->   "%add_ln16_45 = add i16 %mul_ln16_58, i16 %mul_ln16_59" [matrix_mult.cpp:16]   --->   Operation 214 'add' 'add_ln16_45' <Predicate = true> <Delay = 1.78> <CoreInst = "DSP48">   --->   Core 116 'DSP48' <Latency = 3> <II = 1> <Delay = 1.82> <IPBlock> <Opcode : '' 'add' 'sub' 'mul' 'select'> <InPorts = 0> <OutPorts = 1> <Sync> <CReg>
ST_6 : Operation 215 [1/1] (3.29ns)   --->   "%mul_ln16_63 = mul i16 %sext_ln16_38, i16 %sext_ln16_18" [matrix_mult.cpp:16]   --->   Operation 215 'mul' 'mul_ln16_63' <Predicate = true> <Delay = 3.29> <CoreInst = "Multiplier">   --->   Core 3 'Multiplier' <Latency = 0> <II = 1> <Delay = 3.29> <FuncUnit> <Opcode : 'mul'> <InPorts = 2> <OutPorts = 1>
ST_6 : Operation 216 [2/3] (1.09ns) (grouped into DSP with root node add_ln16_49)   --->   "%mul_ln16_64 = mul i16 %sext_ln16_39, i16 %sext_ln16_19" [matrix_mult.cpp:16]   --->   Operation 216 'mul' 'mul_ln16_64' <Predicate = true> <Delay = 1.09> <CoreInst = "DSP48">   --->   Core 116 'DSP48' <Latency = 3> <II = 1> <Delay = 1.82> <IPBlock> <Opcode : '' 'add' 'sub' 'mul' 'select'> <InPorts = 0> <OutPorts = 1> <Sync> <CReg>
ST_6 : Operation 217 [1/1] (3.29ns)   --->   "%mul_ln16_68 = mul i16 %sext_ln16_38, i16 %sext_ln16_23" [matrix_mult.cpp:16]   --->   Operation 217 'mul' 'mul_ln16_68' <Predicate = true> <Delay = 3.29> <CoreInst = "Multiplier">   --->   Core 3 'Multiplier' <Latency = 0> <II = 1> <Delay = 3.29> <FuncUnit> <Opcode : 'mul'> <InPorts = 2> <OutPorts = 1>
ST_6 : Operation 218 [2/3] (1.09ns) (grouped into DSP with root node add_ln16_53)   --->   "%mul_ln16_69 = mul i16 %sext_ln16_39, i16 %sext_ln16_24" [matrix_mult.cpp:16]   --->   Operation 218 'mul' 'mul_ln16_69' <Predicate = true> <Delay = 1.09> <CoreInst = "DSP48">   --->   Core 116 'DSP48' <Latency = 3> <II = 1> <Delay = 1.82> <IPBlock> <Opcode : '' 'add' 'sub' 'mul' 'select'> <InPorts = 0> <OutPorts = 1> <Sync> <CReg>
ST_6 : Operation 219 [1/1] (3.29ns)   --->   "%mul_ln16_73 = mul i16 %sext_ln16_38, i16 %sext_ln16_28" [matrix_mult.cpp:16]   --->   Operation 219 'mul' 'mul_ln16_73' <Predicate = true> <Delay = 3.29> <CoreInst = "Multiplier">   --->   Core 3 'Multiplier' <Latency = 0> <II = 1> <Delay = 3.29> <FuncUnit> <Opcode : 'mul'> <InPorts = 2> <OutPorts = 1>
ST_6 : Operation 220 [2/3] (1.09ns) (grouped into DSP with root node add_ln16_57)   --->   "%mul_ln16_74 = mul i16 %sext_ln16_39, i16 %sext_ln16_29" [matrix_mult.cpp:16]   --->   Operation 220 'mul' 'mul_ln16_74' <Predicate = true> <Delay = 1.09> <CoreInst = "DSP48">   --->   Core 116 'DSP48' <Latency = 3> <II = 1> <Delay = 1.82> <IPBlock> <Opcode : '' 'add' 'sub' 'mul' 'select'> <InPorts = 0> <OutPorts = 1> <Sync> <CReg>
ST_6 : Operation 221 [1/1] (0.00ns)   --->   "%sext_ln16_43 = sext i8 %tmp_33" [matrix_mult.cpp:16]   --->   Operation 221 'sext' 'sext_ln16_43' <Predicate = true> <Delay = 0.00>
ST_6 : Operation 222 [1/1] (3.29ns)   --->   "%mul_ln16_78 = mul i16 %sext_ln16_43, i16 %sext_ln16_7" [matrix_mult.cpp:16]   --->   Operation 222 'mul' 'mul_ln16_78' <Predicate = true> <Delay = 3.29> <CoreInst = "Multiplier">   --->   Core 3 'Multiplier' <Latency = 0> <II = 1> <Delay = 3.29> <FuncUnit> <Opcode : 'mul'> <InPorts = 2> <OutPorts = 1>
ST_6 : Operation 223 [2/3] (1.09ns) (grouped into DSP with root node add_ln16_61)   --->   "%mul_ln16_79 = mul i16 %sext_ln16_44, i16 %sext_ln16_9" [matrix_mult.cpp:16]   --->   Operation 223 'mul' 'mul_ln16_79' <Predicate = true> <Delay = 1.09> <CoreInst = "DSP48">   --->   Core 116 'DSP48' <Latency = 3> <II = 1> <Delay = 1.82> <IPBlock> <Opcode : '' 'add' 'sub' 'mul' 'select'> <InPorts = 0> <OutPorts = 1> <Sync> <CReg>
ST_6 : Operation 224 [3/3] (1.09ns) (grouped into DSP with root node add_ln16_65)   --->   "%mul_ln16_84 = mul i16 %sext_ln16_44, i16 %sext_ln16_14" [matrix_mult.cpp:16]   --->   Operation 224 'mul' 'mul_ln16_84' <Predicate = true> <Delay = 1.09> <CoreInst = "DSP48">   --->   Core 116 'DSP48' <Latency = 3> <II = 1> <Delay = 1.82> <IPBlock> <Opcode : '' 'add' 'sub' 'mul' 'select'> <InPorts = 0> <OutPorts = 1> <Sync> <CReg>
ST_6 : Operation 225 [3/3] (1.09ns) (grouped into DSP with root node add_ln16_69)   --->   "%mul_ln16_89 = mul i16 %sext_ln16_44, i16 %sext_ln16_19" [matrix_mult.cpp:16]   --->   Operation 225 'mul' 'mul_ln16_89' <Predicate = true> <Delay = 1.09> <CoreInst = "DSP48">   --->   Core 116 'DSP48' <Latency = 3> <II = 1> <Delay = 1.82> <IPBlock> <Opcode : '' 'add' 'sub' 'mul' 'select'> <InPorts = 0> <OutPorts = 1> <Sync> <CReg>
ST_6 : Operation 226 [3/3] (1.09ns) (grouped into DSP with root node add_ln16_73)   --->   "%mul_ln16_94 = mul i16 %sext_ln16_44, i16 %sext_ln16_24" [matrix_mult.cpp:16]   --->   Operation 226 'mul' 'mul_ln16_94' <Predicate = true> <Delay = 1.09> <CoreInst = "DSP48">   --->   Core 116 'DSP48' <Latency = 3> <II = 1> <Delay = 1.82> <IPBlock> <Opcode : '' 'add' 'sub' 'mul' 'select'> <InPorts = 0> <OutPorts = 1> <Sync> <CReg>
ST_6 : Operation 227 [3/3] (1.09ns) (grouped into DSP with root node add_ln16_77)   --->   "%mul_ln16_99 = mul i16 %sext_ln16_44, i16 %sext_ln16_29" [matrix_mult.cpp:16]   --->   Operation 227 'mul' 'mul_ln16_99' <Predicate = true> <Delay = 1.09> <CoreInst = "DSP48">   --->   Core 116 'DSP48' <Latency = 3> <II = 1> <Delay = 1.82> <IPBlock> <Opcode : '' 'add' 'sub' 'mul' 'select'> <InPorts = 0> <OutPorts = 1> <Sync> <CReg>

State 7 <SV = 6> <Delay = 3.29>
ST_7 : Operation 228 [1/2] (1.78ns) (root node of the DSP)   --->   "%add_ln16_2 = add i16 %add_ln16_1, i16 %mul_ln16_2" [matrix_mult.cpp:16]   --->   Operation 228 'add' 'add_ln16_2' <Predicate = true> <Delay = 1.78> <CoreInst = "DSP48">   --->   Core 116 'DSP48' <Latency = 3> <II = 1> <Delay = 1.82> <IPBlock> <Opcode : '' 'add' 'sub' 'mul' 'select'> <InPorts = 0> <OutPorts = 1> <Sync> <CReg>
ST_7 : Operation 229 [1/2] (1.78ns) (root node of the DSP)   --->   "%add_ln16_6 = add i16 %add_ln16_5, i16 %mul_ln16_7" [matrix_mult.cpp:16]   --->   Operation 229 'add' 'add_ln16_6' <Predicate = true> <Delay = 1.78> <CoreInst = "DSP48">   --->   Core 116 'DSP48' <Latency = 3> <II = 1> <Delay = 1.82> <IPBlock> <Opcode : '' 'add' 'sub' 'mul' 'select'> <InPorts = 0> <OutPorts = 1> <Sync> <CReg>
ST_7 : Operation 230 [1/3] (0.00ns) (grouped into DSP with root node add_ln16_10)   --->   "%mul_ln16_12 = mul i16 %sext_ln16_17, i16 %sext_ln16_4" [matrix_mult.cpp:16]   --->   Operation 230 'mul' 'mul_ln16_12' <Predicate = true> <Delay = 0.00> <CoreInst = "DSP48">   --->   Core 116 'DSP48' <Latency = 3> <II = 1> <Delay = 1.82> <IPBlock> <Opcode : '' 'add' 'sub' 'mul' 'select'> <InPorts = 0> <OutPorts = 1> <Sync> <CReg>
ST_7 : Operation 231 [2/2] (1.78ns) (root node of the DSP)   --->   "%add_ln16_10 = add i16 %add_ln16_9, i16 %mul_ln16_12" [matrix_mult.cpp:16]   --->   Operation 231 'add' 'add_ln16_10' <Predicate = true> <Delay = 1.78> <CoreInst = "DSP48">   --->   Core 116 'DSP48' <Latency = 3> <II = 1> <Delay = 1.82> <IPBlock> <Opcode : '' 'add' 'sub' 'mul' 'select'> <InPorts = 0> <OutPorts = 1> <Sync> <CReg>
ST_7 : Operation 232 [1/3] (0.00ns) (grouped into DSP with root node add_ln16_14)   --->   "%mul_ln16_17 = mul i16 %sext_ln16_22, i16 %sext_ln16_4" [matrix_mult.cpp:16]   --->   Operation 232 'mul' 'mul_ln16_17' <Predicate = true> <Delay = 0.00> <CoreInst = "DSP48">   --->   Core 116 'DSP48' <Latency = 3> <II = 1> <Delay = 1.82> <IPBlock> <Opcode : '' 'add' 'sub' 'mul' 'select'> <InPorts = 0> <OutPorts = 1> <Sync> <CReg>
ST_7 : Operation 233 [2/2] (1.78ns) (root node of the DSP)   --->   "%add_ln16_14 = add i16 %add_ln16_13, i16 %mul_ln16_17" [matrix_mult.cpp:16]   --->   Operation 233 'add' 'add_ln16_14' <Predicate = true> <Delay = 1.78> <CoreInst = "DSP48">   --->   Core 116 'DSP48' <Latency = 3> <II = 1> <Delay = 1.82> <IPBlock> <Opcode : '' 'add' 'sub' 'mul' 'select'> <InPorts = 0> <OutPorts = 1> <Sync> <CReg>
ST_7 : Operation 234 [2/3] (1.09ns) (grouped into DSP with root node add_ln16_18)   --->   "%mul_ln16_22 = mul i16 %sext_ln16_27, i16 %sext_ln16_4" [matrix_mult.cpp:16]   --->   Operation 234 'mul' 'mul_ln16_22' <Predicate = true> <Delay = 1.09> <CoreInst = "DSP48">   --->   Core 116 'DSP48' <Latency = 3> <II = 1> <Delay = 1.82> <IPBlock> <Opcode : '' 'add' 'sub' 'mul' 'select'> <InPorts = 0> <OutPorts = 1> <Sync> <CReg>
ST_7 : Operation 235 [1/2] (1.78ns) (root node of the DSP)   --->   "%add_ln16_17 = add i16 %mul_ln16_23, i16 %mul_ln16_24" [matrix_mult.cpp:16]   --->   Operation 235 'add' 'add_ln16_17' <Predicate = true> <Delay = 1.78> <CoreInst = "DSP48">   --->   Core 116 'DSP48' <Latency = 3> <II = 1> <Delay = 1.82> <IPBlock> <Opcode : '' 'add' 'sub' 'mul' 'select'> <InPorts = 0> <OutPorts = 1> <Sync> <CReg>
ST_7 : Operation 236 [2/3] (1.09ns) (grouped into DSP with root node add_ln16_22)   --->   "%mul_ln16_27 = mul i16 %sext_ln16_32, i16 %sext_ln16_5" [matrix_mult.cpp:16]   --->   Operation 236 'mul' 'mul_ln16_27' <Predicate = true> <Delay = 1.09> <CoreInst = "DSP48">   --->   Core 116 'DSP48' <Latency = 3> <II = 1> <Delay = 1.82> <IPBlock> <Opcode : '' 'add' 'sub' 'mul' 'select'> <InPorts = 0> <OutPorts = 1> <Sync> <CReg>
ST_7 : Operation 237 [3/3] (1.09ns) (grouped into DSP with root node add_ln16_26)   --->   "%mul_ln16_32 = mul i16 %sext_ln16_32, i16 %sext_ln16_12" [matrix_mult.cpp:16]   --->   Operation 237 'mul' 'mul_ln16_32' <Predicate = true> <Delay = 1.09> <CoreInst = "DSP48">   --->   Core 116 'DSP48' <Latency = 3> <II = 1> <Delay = 1.82> <IPBlock> <Opcode : '' 'add' 'sub' 'mul' 'select'> <InPorts = 0> <OutPorts = 1> <Sync> <CReg>
ST_7 : Operation 238 [3/3] (1.09ns) (grouped into DSP with root node add_ln16_30)   --->   "%mul_ln16_37 = mul i16 %sext_ln16_32, i16 %sext_ln16_17" [matrix_mult.cpp:16]   --->   Operation 238 'mul' 'mul_ln16_37' <Predicate = true> <Delay = 1.09> <CoreInst = "DSP48">   --->   Core 116 'DSP48' <Latency = 3> <II = 1> <Delay = 1.82> <IPBlock> <Opcode : '' 'add' 'sub' 'mul' 'select'> <InPorts = 0> <OutPorts = 1> <Sync> <CReg>
ST_7 : Operation 239 [1/2] (1.78ns) (root node of the DSP)   --->   "%add_ln16_37 = add i16 %mul_ln16_48, i16 %mul_ln16_49" [matrix_mult.cpp:16]   --->   Operation 239 'add' 'add_ln16_37' <Predicate = true> <Delay = 1.78> <CoreInst = "DSP48">   --->   Core 116 'DSP48' <Latency = 3> <II = 1> <Delay = 1.82> <IPBlock> <Opcode : '' 'add' 'sub' 'mul' 'select'> <InPorts = 0> <OutPorts = 1> <Sync> <CReg>
ST_7 : Operation 240 [1/2] (1.78ns) (root node of the DSP)   --->   "%add_ln16_41 = add i16 %mul_ln16_53, i16 %mul_ln16_54" [matrix_mult.cpp:16]   --->   Operation 240 'add' 'add_ln16_41' <Predicate = true> <Delay = 1.78> <CoreInst = "DSP48">   --->   Core 116 'DSP48' <Latency = 3> <II = 1> <Delay = 1.82> <IPBlock> <Opcode : '' 'add' 'sub' 'mul' 'select'> <InPorts = 0> <OutPorts = 1> <Sync> <CReg>
ST_7 : Operation 241 [1/2] (1.78ns) (root node of the DSP)   --->   "%add_ln16_45 = add i16 %mul_ln16_58, i16 %mul_ln16_59" [matrix_mult.cpp:16]   --->   Operation 241 'add' 'add_ln16_45' <Predicate = true> <Delay = 1.78> <CoreInst = "DSP48">   --->   Core 116 'DSP48' <Latency = 3> <II = 1> <Delay = 1.82> <IPBlock> <Opcode : '' 'add' 'sub' 'mul' 'select'> <InPorts = 0> <OutPorts = 1> <Sync> <CReg>
ST_7 : Operation 242 [1/3] (0.00ns) (grouped into DSP with root node add_ln16_49)   --->   "%mul_ln16_64 = mul i16 %sext_ln16_39, i16 %sext_ln16_19" [matrix_mult.cpp:16]   --->   Operation 242 'mul' 'mul_ln16_64' <Predicate = true> <Delay = 0.00> <CoreInst = "DSP48">   --->   Core 116 'DSP48' <Latency = 3> <II = 1> <Delay = 1.82> <IPBlock> <Opcode : '' 'add' 'sub' 'mul' 'select'> <InPorts = 0> <OutPorts = 1> <Sync> <CReg>
ST_7 : Operation 243 [2/2] (1.78ns) (root node of the DSP)   --->   "%add_ln16_49 = add i16 %mul_ln16_63, i16 %mul_ln16_64" [matrix_mult.cpp:16]   --->   Operation 243 'add' 'add_ln16_49' <Predicate = true> <Delay = 1.78> <CoreInst = "DSP48">   --->   Core 116 'DSP48' <Latency = 3> <II = 1> <Delay = 1.82> <IPBlock> <Opcode : '' 'add' 'sub' 'mul' 'select'> <InPorts = 0> <OutPorts = 1> <Sync> <CReg>
ST_7 : Operation 244 [1/3] (0.00ns) (grouped into DSP with root node add_ln16_53)   --->   "%mul_ln16_69 = mul i16 %sext_ln16_39, i16 %sext_ln16_24" [matrix_mult.cpp:16]   --->   Operation 244 'mul' 'mul_ln16_69' <Predicate = true> <Delay = 0.00> <CoreInst = "DSP48">   --->   Core 116 'DSP48' <Latency = 3> <II = 1> <Delay = 1.82> <IPBlock> <Opcode : '' 'add' 'sub' 'mul' 'select'> <InPorts = 0> <OutPorts = 1> <Sync> <CReg>
ST_7 : Operation 245 [2/2] (1.78ns) (root node of the DSP)   --->   "%add_ln16_53 = add i16 %mul_ln16_68, i16 %mul_ln16_69" [matrix_mult.cpp:16]   --->   Operation 245 'add' 'add_ln16_53' <Predicate = true> <Delay = 1.78> <CoreInst = "DSP48">   --->   Core 116 'DSP48' <Latency = 3> <II = 1> <Delay = 1.82> <IPBlock> <Opcode : '' 'add' 'sub' 'mul' 'select'> <InPorts = 0> <OutPorts = 1> <Sync> <CReg>
ST_7 : Operation 246 [1/3] (0.00ns) (grouped into DSP with root node add_ln16_57)   --->   "%mul_ln16_74 = mul i16 %sext_ln16_39, i16 %sext_ln16_29" [matrix_mult.cpp:16]   --->   Operation 246 'mul' 'mul_ln16_74' <Predicate = true> <Delay = 0.00> <CoreInst = "DSP48">   --->   Core 116 'DSP48' <Latency = 3> <II = 1> <Delay = 1.82> <IPBlock> <Opcode : '' 'add' 'sub' 'mul' 'select'> <InPorts = 0> <OutPorts = 1> <Sync> <CReg>
ST_7 : Operation 247 [2/2] (1.78ns) (root node of the DSP)   --->   "%add_ln16_57 = add i16 %mul_ln16_73, i16 %mul_ln16_74" [matrix_mult.cpp:16]   --->   Operation 247 'add' 'add_ln16_57' <Predicate = true> <Delay = 1.78> <CoreInst = "DSP48">   --->   Core 116 'DSP48' <Latency = 3> <II = 1> <Delay = 1.82> <IPBlock> <Opcode : '' 'add' 'sub' 'mul' 'select'> <InPorts = 0> <OutPorts = 1> <Sync> <CReg>
ST_7 : Operation 248 [1/3] (0.00ns) (grouped into DSP with root node add_ln16_61)   --->   "%mul_ln16_79 = mul i16 %sext_ln16_44, i16 %sext_ln16_9" [matrix_mult.cpp:16]   --->   Operation 248 'mul' 'mul_ln16_79' <Predicate = true> <Delay = 0.00> <CoreInst = "DSP48">   --->   Core 116 'DSP48' <Latency = 3> <II = 1> <Delay = 1.82> <IPBlock> <Opcode : '' 'add' 'sub' 'mul' 'select'> <InPorts = 0> <OutPorts = 1> <Sync> <CReg>
ST_7 : Operation 249 [2/2] (1.78ns) (root node of the DSP)   --->   "%add_ln16_61 = add i16 %mul_ln16_78, i16 %mul_ln16_79" [matrix_mult.cpp:16]   --->   Operation 249 'add' 'add_ln16_61' <Predicate = true> <Delay = 1.78> <CoreInst = "DSP48">   --->   Core 116 'DSP48' <Latency = 3> <II = 1> <Delay = 1.82> <IPBlock> <Opcode : '' 'add' 'sub' 'mul' 'select'> <InPorts = 0> <OutPorts = 1> <Sync> <CReg>
ST_7 : Operation 250 [1/1] (3.29ns)   --->   "%mul_ln16_83 = mul i16 %sext_ln16_43, i16 %sext_ln16_13" [matrix_mult.cpp:16]   --->   Operation 250 'mul' 'mul_ln16_83' <Predicate = true> <Delay = 3.29> <CoreInst = "Multiplier">   --->   Core 3 'Multiplier' <Latency = 0> <II = 1> <Delay = 3.29> <FuncUnit> <Opcode : 'mul'> <InPorts = 2> <OutPorts = 1>
ST_7 : Operation 251 [2/3] (1.09ns) (grouped into DSP with root node add_ln16_65)   --->   "%mul_ln16_84 = mul i16 %sext_ln16_44, i16 %sext_ln16_14" [matrix_mult.cpp:16]   --->   Operation 251 'mul' 'mul_ln16_84' <Predicate = true> <Delay = 1.09> <CoreInst = "DSP48">   --->   Core 116 'DSP48' <Latency = 3> <II = 1> <Delay = 1.82> <IPBlock> <Opcode : '' 'add' 'sub' 'mul' 'select'> <InPorts = 0> <OutPorts = 1> <Sync> <CReg>
ST_7 : Operation 252 [1/1] (3.29ns)   --->   "%mul_ln16_88 = mul i16 %sext_ln16_43, i16 %sext_ln16_18" [matrix_mult.cpp:16]   --->   Operation 252 'mul' 'mul_ln16_88' <Predicate = true> <Delay = 3.29> <CoreInst = "Multiplier">   --->   Core 3 'Multiplier' <Latency = 0> <II = 1> <Delay = 3.29> <FuncUnit> <Opcode : 'mul'> <InPorts = 2> <OutPorts = 1>
ST_7 : Operation 253 [2/3] (1.09ns) (grouped into DSP with root node add_ln16_69)   --->   "%mul_ln16_89 = mul i16 %sext_ln16_44, i16 %sext_ln16_19" [matrix_mult.cpp:16]   --->   Operation 253 'mul' 'mul_ln16_89' <Predicate = true> <Delay = 1.09> <CoreInst = "DSP48">   --->   Core 116 'DSP48' <Latency = 3> <II = 1> <Delay = 1.82> <IPBlock> <Opcode : '' 'add' 'sub' 'mul' 'select'> <InPorts = 0> <OutPorts = 1> <Sync> <CReg>
ST_7 : Operation 254 [1/1] (3.29ns)   --->   "%mul_ln16_93 = mul i16 %sext_ln16_43, i16 %sext_ln16_23" [matrix_mult.cpp:16]   --->   Operation 254 'mul' 'mul_ln16_93' <Predicate = true> <Delay = 3.29> <CoreInst = "Multiplier">   --->   Core 3 'Multiplier' <Latency = 0> <II = 1> <Delay = 3.29> <FuncUnit> <Opcode : 'mul'> <InPorts = 2> <OutPorts = 1>
ST_7 : Operation 255 [2/3] (1.09ns) (grouped into DSP with root node add_ln16_73)   --->   "%mul_ln16_94 = mul i16 %sext_ln16_44, i16 %sext_ln16_24" [matrix_mult.cpp:16]   --->   Operation 255 'mul' 'mul_ln16_94' <Predicate = true> <Delay = 1.09> <CoreInst = "DSP48">   --->   Core 116 'DSP48' <Latency = 3> <II = 1> <Delay = 1.82> <IPBlock> <Opcode : '' 'add' 'sub' 'mul' 'select'> <InPorts = 0> <OutPorts = 1> <Sync> <CReg>
ST_7 : Operation 256 [1/1] (3.29ns)   --->   "%mul_ln16_98 = mul i16 %sext_ln16_43, i16 %sext_ln16_28" [matrix_mult.cpp:16]   --->   Operation 256 'mul' 'mul_ln16_98' <Predicate = true> <Delay = 3.29> <CoreInst = "Multiplier">   --->   Core 3 'Multiplier' <Latency = 0> <II = 1> <Delay = 3.29> <FuncUnit> <Opcode : 'mul'> <InPorts = 2> <OutPorts = 1>
ST_7 : Operation 257 [2/3] (1.09ns) (grouped into DSP with root node add_ln16_77)   --->   "%mul_ln16_99 = mul i16 %sext_ln16_44, i16 %sext_ln16_29" [matrix_mult.cpp:16]   --->   Operation 257 'mul' 'mul_ln16_99' <Predicate = true> <Delay = 1.09> <CoreInst = "DSP48">   --->   Core 116 'DSP48' <Latency = 3> <II = 1> <Delay = 1.82> <IPBlock> <Opcode : '' 'add' 'sub' 'mul' 'select'> <InPorts = 0> <OutPorts = 1> <Sync> <CReg>
ST_7 : Operation 258 [1/1] (0.00ns)   --->   "%sext_ln16_49 = sext i8 %tmp_38" [matrix_mult.cpp:16]   --->   Operation 258 'sext' 'sext_ln16_49' <Predicate = true> <Delay = 0.00>
ST_7 : Operation 259 [3/3] (1.09ns) (grouped into DSP with root node add_ln16_81)   --->   "%mul_ln16_104 = mul i16 %sext_ln16_49, i16 %sext_ln16_9" [matrix_mult.cpp:16]   --->   Operation 259 'mul' 'mul_ln16_104' <Predicate = true> <Delay = 1.09> <CoreInst = "DSP48">   --->   Core 116 'DSP48' <Latency = 3> <II = 1> <Delay = 1.82> <IPBlock> <Opcode : '' 'add' 'sub' 'mul' 'select'> <InPorts = 0> <OutPorts = 1> <Sync> <CReg>
ST_7 : Operation 260 [3/3] (1.09ns) (grouped into DSP with root node add_ln16_85)   --->   "%mul_ln16_109 = mul i16 %sext_ln16_49, i16 %sext_ln16_14" [matrix_mult.cpp:16]   --->   Operation 260 'mul' 'mul_ln16_109' <Predicate = true> <Delay = 1.09> <CoreInst = "DSP48">   --->   Core 116 'DSP48' <Latency = 3> <II = 1> <Delay = 1.82> <IPBlock> <Opcode : '' 'add' 'sub' 'mul' 'select'> <InPorts = 0> <OutPorts = 1> <Sync> <CReg>
ST_7 : Operation 261 [3/3] (1.09ns) (grouped into DSP with root node add_ln16_89)   --->   "%mul_ln16_114 = mul i16 %sext_ln16_49, i16 %sext_ln16_19" [matrix_mult.cpp:16]   --->   Operation 261 'mul' 'mul_ln16_114' <Predicate = true> <Delay = 1.09> <CoreInst = "DSP48">   --->   Core 116 'DSP48' <Latency = 3> <II = 1> <Delay = 1.82> <IPBlock> <Opcode : '' 'add' 'sub' 'mul' 'select'> <InPorts = 0> <OutPorts = 1> <Sync> <CReg>
ST_7 : Operation 262 [3/3] (1.09ns) (grouped into DSP with root node add_ln16_93)   --->   "%mul_ln16_119 = mul i16 %sext_ln16_49, i16 %sext_ln16_24" [matrix_mult.cpp:16]   --->   Operation 262 'mul' 'mul_ln16_119' <Predicate = true> <Delay = 1.09> <CoreInst = "DSP48">   --->   Core 116 'DSP48' <Latency = 3> <II = 1> <Delay = 1.82> <IPBlock> <Opcode : '' 'add' 'sub' 'mul' 'select'> <InPorts = 0> <OutPorts = 1> <Sync> <CReg>

State 8 <SV = 7> <Delay = 3.29>
ST_8 : Operation 263 [1/1] (0.00ns)   --->   "%sext_ln16 = sext i8 %trunc_ln16" [matrix_mult.cpp:16]   --->   Operation 263 'sext' 'sext_ln16' <Predicate = true> <Delay = 0.00>
ST_8 : Operation 264 [1/1] (0.00ns)   --->   "%sext_ln16_1 = sext i8 %trunc_ln16_1" [matrix_mult.cpp:16]   --->   Operation 264 'sext' 'sext_ln16_1' <Predicate = true> <Delay = 0.00>
ST_8 : Operation 265 [3/3] (1.09ns) (grouped into DSP with root node add_ln16)   --->   "%mul_ln16 = mul i16 %sext_ln16_1, i16 %sext_ln16" [matrix_mult.cpp:16]   --->   Operation 265 'mul' 'mul_ln16' <Predicate = true> <Delay = 1.09> <CoreInst = "DSP48">   --->   Core 116 'DSP48' <Latency = 3> <II = 1> <Delay = 1.82> <IPBlock> <Opcode : '' 'add' 'sub' 'mul' 'select'> <InPorts = 0> <OutPorts = 1> <Sync> <CReg>
ST_8 : Operation 266 [1/1] (0.00ns)   --->   "%sext_ln16_10 = sext i8 %trunc_ln16_2" [matrix_mult.cpp:16]   --->   Operation 266 'sext' 'sext_ln16_10' <Predicate = true> <Delay = 0.00>
ST_8 : Operation 267 [3/3] (1.09ns) (grouped into DSP with root node add_ln16_4)   --->   "%mul_ln16_5 = mul i16 %sext_ln16_10, i16 %sext_ln16" [matrix_mult.cpp:16]   --->   Operation 267 'mul' 'mul_ln16_5' <Predicate = true> <Delay = 1.09> <CoreInst = "DSP48">   --->   Core 116 'DSP48' <Latency = 3> <II = 1> <Delay = 1.82> <IPBlock> <Opcode : '' 'add' 'sub' 'mul' 'select'> <InPorts = 0> <OutPorts = 1> <Sync> <CReg>
ST_8 : Operation 268 [1/1] (0.00ns)   --->   "%sext_ln16_15 = sext i8 %trunc_ln16_3" [matrix_mult.cpp:16]   --->   Operation 268 'sext' 'sext_ln16_15' <Predicate = true> <Delay = 0.00>
ST_8 : Operation 269 [3/3] (1.09ns) (grouped into DSP with root node add_ln16_8)   --->   "%mul_ln16_10 = mul i16 %sext_ln16_15, i16 %sext_ln16" [matrix_mult.cpp:16]   --->   Operation 269 'mul' 'mul_ln16_10' <Predicate = true> <Delay = 1.09> <CoreInst = "DSP48">   --->   Core 116 'DSP48' <Latency = 3> <II = 1> <Delay = 1.82> <IPBlock> <Opcode : '' 'add' 'sub' 'mul' 'select'> <InPorts = 0> <OutPorts = 1> <Sync> <CReg>
ST_8 : Operation 270 [1/2] (1.78ns) (root node of the DSP)   --->   "%add_ln16_10 = add i16 %add_ln16_9, i16 %mul_ln16_12" [matrix_mult.cpp:16]   --->   Operation 270 'add' 'add_ln16_10' <Predicate = true> <Delay = 1.78> <CoreInst = "DSP48">   --->   Core 116 'DSP48' <Latency = 3> <II = 1> <Delay = 1.82> <IPBlock> <Opcode : '' 'add' 'sub' 'mul' 'select'> <InPorts = 0> <OutPorts = 1> <Sync> <CReg>
ST_8 : Operation 271 [1/2] (1.78ns) (root node of the DSP)   --->   "%add_ln16_14 = add i16 %add_ln16_13, i16 %mul_ln16_17" [matrix_mult.cpp:16]   --->   Operation 271 'add' 'add_ln16_14' <Predicate = true> <Delay = 1.78> <CoreInst = "DSP48">   --->   Core 116 'DSP48' <Latency = 3> <II = 1> <Delay = 1.82> <IPBlock> <Opcode : '' 'add' 'sub' 'mul' 'select'> <InPorts = 0> <OutPorts = 1> <Sync> <CReg>
ST_8 : Operation 272 [1/3] (0.00ns) (grouped into DSP with root node add_ln16_18)   --->   "%mul_ln16_22 = mul i16 %sext_ln16_27, i16 %sext_ln16_4" [matrix_mult.cpp:16]   --->   Operation 272 'mul' 'mul_ln16_22' <Predicate = true> <Delay = 0.00> <CoreInst = "DSP48">   --->   Core 116 'DSP48' <Latency = 3> <II = 1> <Delay = 1.82> <IPBlock> <Opcode : '' 'add' 'sub' 'mul' 'select'> <InPorts = 0> <OutPorts = 1> <Sync> <CReg>
ST_8 : Operation 273 [2/2] (1.78ns) (root node of the DSP)   --->   "%add_ln16_18 = add i16 %add_ln16_17, i16 %mul_ln16_22" [matrix_mult.cpp:16]   --->   Operation 273 'add' 'add_ln16_18' <Predicate = true> <Delay = 1.78> <CoreInst = "DSP48">   --->   Core 116 'DSP48' <Latency = 3> <II = 1> <Delay = 1.82> <IPBlock> <Opcode : '' 'add' 'sub' 'mul' 'select'> <InPorts = 0> <OutPorts = 1> <Sync> <CReg>
ST_8 : Operation 274 [1/3] (0.00ns) (grouped into DSP with root node add_ln16_22)   --->   "%mul_ln16_27 = mul i16 %sext_ln16_32, i16 %sext_ln16_5" [matrix_mult.cpp:16]   --->   Operation 274 'mul' 'mul_ln16_27' <Predicate = true> <Delay = 0.00> <CoreInst = "DSP48">   --->   Core 116 'DSP48' <Latency = 3> <II = 1> <Delay = 1.82> <IPBlock> <Opcode : '' 'add' 'sub' 'mul' 'select'> <InPorts = 0> <OutPorts = 1> <Sync> <CReg>
ST_8 : Operation 275 [2/2] (1.78ns) (root node of the DSP)   --->   "%add_ln16_22 = add i16 %add_ln16_21, i16 %mul_ln16_27" [matrix_mult.cpp:16]   --->   Operation 275 'add' 'add_ln16_22' <Predicate = true> <Delay = 1.78> <CoreInst = "DSP48">   --->   Core 116 'DSP48' <Latency = 3> <II = 1> <Delay = 1.82> <IPBlock> <Opcode : '' 'add' 'sub' 'mul' 'select'> <InPorts = 0> <OutPorts = 1> <Sync> <CReg>
ST_8 : Operation 276 [2/3] (1.09ns) (grouped into DSP with root node add_ln16_26)   --->   "%mul_ln16_32 = mul i16 %sext_ln16_32, i16 %sext_ln16_12" [matrix_mult.cpp:16]   --->   Operation 276 'mul' 'mul_ln16_32' <Predicate = true> <Delay = 1.09> <CoreInst = "DSP48">   --->   Core 116 'DSP48' <Latency = 3> <II = 1> <Delay = 1.82> <IPBlock> <Opcode : '' 'add' 'sub' 'mul' 'select'> <InPorts = 0> <OutPorts = 1> <Sync> <CReg>
ST_8 : Operation 277 [2/3] (1.09ns) (grouped into DSP with root node add_ln16_30)   --->   "%mul_ln16_37 = mul i16 %sext_ln16_32, i16 %sext_ln16_17" [matrix_mult.cpp:16]   --->   Operation 277 'mul' 'mul_ln16_37' <Predicate = true> <Delay = 1.09> <CoreInst = "DSP48">   --->   Core 116 'DSP48' <Latency = 3> <II = 1> <Delay = 1.82> <IPBlock> <Opcode : '' 'add' 'sub' 'mul' 'select'> <InPorts = 0> <OutPorts = 1> <Sync> <CReg>
ST_8 : Operation 278 [3/3] (1.09ns) (grouped into DSP with root node add_ln16_34)   --->   "%mul_ln16_42 = mul i16 %sext_ln16_32, i16 %sext_ln16_22" [matrix_mult.cpp:16]   --->   Operation 278 'mul' 'mul_ln16_42' <Predicate = true> <Delay = 1.09> <CoreInst = "DSP48">   --->   Core 116 'DSP48' <Latency = 3> <II = 1> <Delay = 1.82> <IPBlock> <Opcode : '' 'add' 'sub' 'mul' 'select'> <InPorts = 0> <OutPorts = 1> <Sync> <CReg>
ST_8 : Operation 279 [3/3] (1.09ns) (grouped into DSP with root node add_ln16_38)   --->   "%mul_ln16_47 = mul i16 %sext_ln16_32, i16 %sext_ln16_27" [matrix_mult.cpp:16]   --->   Operation 279 'mul' 'mul_ln16_47' <Predicate = true> <Delay = 1.09> <CoreInst = "DSP48">   --->   Core 116 'DSP48' <Latency = 3> <II = 1> <Delay = 1.82> <IPBlock> <Opcode : '' 'add' 'sub' 'mul' 'select'> <InPorts = 0> <OutPorts = 1> <Sync> <CReg>
ST_8 : Operation 280 [1/2] (1.78ns) (root node of the DSP)   --->   "%add_ln16_49 = add i16 %mul_ln16_63, i16 %mul_ln16_64" [matrix_mult.cpp:16]   --->   Operation 280 'add' 'add_ln16_49' <Predicate = true> <Delay = 1.78> <CoreInst = "DSP48">   --->   Core 116 'DSP48' <Latency = 3> <II = 1> <Delay = 1.82> <IPBlock> <Opcode : '' 'add' 'sub' 'mul' 'select'> <InPorts = 0> <OutPorts = 1> <Sync> <CReg>
ST_8 : Operation 281 [1/2] (1.78ns) (root node of the DSP)   --->   "%add_ln16_53 = add i16 %mul_ln16_68, i16 %mul_ln16_69" [matrix_mult.cpp:16]   --->   Operation 281 'add' 'add_ln16_53' <Predicate = true> <Delay = 1.78> <CoreInst = "DSP48">   --->   Core 116 'DSP48' <Latency = 3> <II = 1> <Delay = 1.82> <IPBlock> <Opcode : '' 'add' 'sub' 'mul' 'select'> <InPorts = 0> <OutPorts = 1> <Sync> <CReg>
ST_8 : Operation 282 [1/2] (1.78ns) (root node of the DSP)   --->   "%add_ln16_57 = add i16 %mul_ln16_73, i16 %mul_ln16_74" [matrix_mult.cpp:16]   --->   Operation 282 'add' 'add_ln16_57' <Predicate = true> <Delay = 1.78> <CoreInst = "DSP48">   --->   Core 116 'DSP48' <Latency = 3> <II = 1> <Delay = 1.82> <IPBlock> <Opcode : '' 'add' 'sub' 'mul' 'select'> <InPorts = 0> <OutPorts = 1> <Sync> <CReg>
ST_8 : Operation 283 [1/2] (1.78ns) (root node of the DSP)   --->   "%add_ln16_61 = add i16 %mul_ln16_78, i16 %mul_ln16_79" [matrix_mult.cpp:16]   --->   Operation 283 'add' 'add_ln16_61' <Predicate = true> <Delay = 1.78> <CoreInst = "DSP48">   --->   Core 116 'DSP48' <Latency = 3> <II = 1> <Delay = 1.82> <IPBlock> <Opcode : '' 'add' 'sub' 'mul' 'select'> <InPorts = 0> <OutPorts = 1> <Sync> <CReg>
ST_8 : Operation 284 [1/3] (0.00ns) (grouped into DSP with root node add_ln16_65)   --->   "%mul_ln16_84 = mul i16 %sext_ln16_44, i16 %sext_ln16_14" [matrix_mult.cpp:16]   --->   Operation 284 'mul' 'mul_ln16_84' <Predicate = true> <Delay = 0.00> <CoreInst = "DSP48">   --->   Core 116 'DSP48' <Latency = 3> <II = 1> <Delay = 1.82> <IPBlock> <Opcode : '' 'add' 'sub' 'mul' 'select'> <InPorts = 0> <OutPorts = 1> <Sync> <CReg>
ST_8 : Operation 285 [2/2] (1.78ns) (root node of the DSP)   --->   "%add_ln16_65 = add i16 %mul_ln16_83, i16 %mul_ln16_84" [matrix_mult.cpp:16]   --->   Operation 285 'add' 'add_ln16_65' <Predicate = true> <Delay = 1.78> <CoreInst = "DSP48">   --->   Core 116 'DSP48' <Latency = 3> <II = 1> <Delay = 1.82> <IPBlock> <Opcode : '' 'add' 'sub' 'mul' 'select'> <InPorts = 0> <OutPorts = 1> <Sync> <CReg>
ST_8 : Operation 286 [1/3] (0.00ns) (grouped into DSP with root node add_ln16_69)   --->   "%mul_ln16_89 = mul i16 %sext_ln16_44, i16 %sext_ln16_19" [matrix_mult.cpp:16]   --->   Operation 286 'mul' 'mul_ln16_89' <Predicate = true> <Delay = 0.00> <CoreInst = "DSP48">   --->   Core 116 'DSP48' <Latency = 3> <II = 1> <Delay = 1.82> <IPBlock> <Opcode : '' 'add' 'sub' 'mul' 'select'> <InPorts = 0> <OutPorts = 1> <Sync> <CReg>
ST_8 : Operation 287 [2/2] (1.78ns) (root node of the DSP)   --->   "%add_ln16_69 = add i16 %mul_ln16_88, i16 %mul_ln16_89" [matrix_mult.cpp:16]   --->   Operation 287 'add' 'add_ln16_69' <Predicate = true> <Delay = 1.78> <CoreInst = "DSP48">   --->   Core 116 'DSP48' <Latency = 3> <II = 1> <Delay = 1.82> <IPBlock> <Opcode : '' 'add' 'sub' 'mul' 'select'> <InPorts = 0> <OutPorts = 1> <Sync> <CReg>
ST_8 : Operation 288 [1/3] (0.00ns) (grouped into DSP with root node add_ln16_73)   --->   "%mul_ln16_94 = mul i16 %sext_ln16_44, i16 %sext_ln16_24" [matrix_mult.cpp:16]   --->   Operation 288 'mul' 'mul_ln16_94' <Predicate = true> <Delay = 0.00> <CoreInst = "DSP48">   --->   Core 116 'DSP48' <Latency = 3> <II = 1> <Delay = 1.82> <IPBlock> <Opcode : '' 'add' 'sub' 'mul' 'select'> <InPorts = 0> <OutPorts = 1> <Sync> <CReg>
ST_8 : Operation 289 [2/2] (1.78ns) (root node of the DSP)   --->   "%add_ln16_73 = add i16 %mul_ln16_93, i16 %mul_ln16_94" [matrix_mult.cpp:16]   --->   Operation 289 'add' 'add_ln16_73' <Predicate = true> <Delay = 1.78> <CoreInst = "DSP48">   --->   Core 116 'DSP48' <Latency = 3> <II = 1> <Delay = 1.82> <IPBlock> <Opcode : '' 'add' 'sub' 'mul' 'select'> <InPorts = 0> <OutPorts = 1> <Sync> <CReg>
ST_8 : Operation 290 [1/3] (0.00ns) (grouped into DSP with root node add_ln16_77)   --->   "%mul_ln16_99 = mul i16 %sext_ln16_44, i16 %sext_ln16_29" [matrix_mult.cpp:16]   --->   Operation 290 'mul' 'mul_ln16_99' <Predicate = true> <Delay = 0.00> <CoreInst = "DSP48">   --->   Core 116 'DSP48' <Latency = 3> <II = 1> <Delay = 1.82> <IPBlock> <Opcode : '' 'add' 'sub' 'mul' 'select'> <InPorts = 0> <OutPorts = 1> <Sync> <CReg>
ST_8 : Operation 291 [2/2] (1.78ns) (root node of the DSP)   --->   "%add_ln16_77 = add i16 %mul_ln16_98, i16 %mul_ln16_99" [matrix_mult.cpp:16]   --->   Operation 291 'add' 'add_ln16_77' <Predicate = true> <Delay = 1.78> <CoreInst = "DSP48">   --->   Core 116 'DSP48' <Latency = 3> <II = 1> <Delay = 1.82> <IPBlock> <Opcode : '' 'add' 'sub' 'mul' 'select'> <InPorts = 0> <OutPorts = 1> <Sync> <CReg>
ST_8 : Operation 292 [1/1] (0.00ns)   --->   "%sext_ln16_48 = sext i8 %tmp_37" [matrix_mult.cpp:16]   --->   Operation 292 'sext' 'sext_ln16_48' <Predicate = true> <Delay = 0.00>
ST_8 : Operation 293 [1/1] (3.29ns)   --->   "%mul_ln16_103 = mul i16 %sext_ln16_48, i16 %sext_ln16_7" [matrix_mult.cpp:16]   --->   Operation 293 'mul' 'mul_ln16_103' <Predicate = true> <Delay = 3.29> <CoreInst = "Multiplier">   --->   Core 3 'Multiplier' <Latency = 0> <II = 1> <Delay = 3.29> <FuncUnit> <Opcode : 'mul'> <InPorts = 2> <OutPorts = 1>
ST_8 : Operation 294 [2/3] (1.09ns) (grouped into DSP with root node add_ln16_81)   --->   "%mul_ln16_104 = mul i16 %sext_ln16_49, i16 %sext_ln16_9" [matrix_mult.cpp:16]   --->   Operation 294 'mul' 'mul_ln16_104' <Predicate = true> <Delay = 1.09> <CoreInst = "DSP48">   --->   Core 116 'DSP48' <Latency = 3> <II = 1> <Delay = 1.82> <IPBlock> <Opcode : '' 'add' 'sub' 'mul' 'select'> <InPorts = 0> <OutPorts = 1> <Sync> <CReg>
ST_8 : Operation 295 [1/1] (3.29ns)   --->   "%mul_ln16_108 = mul i16 %sext_ln16_48, i16 %sext_ln16_13" [matrix_mult.cpp:16]   --->   Operation 295 'mul' 'mul_ln16_108' <Predicate = true> <Delay = 3.29> <CoreInst = "Multiplier">   --->   Core 3 'Multiplier' <Latency = 0> <II = 1> <Delay = 3.29> <FuncUnit> <Opcode : 'mul'> <InPorts = 2> <OutPorts = 1>
ST_8 : Operation 296 [2/3] (1.09ns) (grouped into DSP with root node add_ln16_85)   --->   "%mul_ln16_109 = mul i16 %sext_ln16_49, i16 %sext_ln16_14" [matrix_mult.cpp:16]   --->   Operation 296 'mul' 'mul_ln16_109' <Predicate = true> <Delay = 1.09> <CoreInst = "DSP48">   --->   Core 116 'DSP48' <Latency = 3> <II = 1> <Delay = 1.82> <IPBlock> <Opcode : '' 'add' 'sub' 'mul' 'select'> <InPorts = 0> <OutPorts = 1> <Sync> <CReg>
ST_8 : Operation 297 [1/1] (3.29ns)   --->   "%mul_ln16_113 = mul i16 %sext_ln16_48, i16 %sext_ln16_18" [matrix_mult.cpp:16]   --->   Operation 297 'mul' 'mul_ln16_113' <Predicate = true> <Delay = 3.29> <CoreInst = "Multiplier">   --->   Core 3 'Multiplier' <Latency = 0> <II = 1> <Delay = 3.29> <FuncUnit> <Opcode : 'mul'> <InPorts = 2> <OutPorts = 1>
ST_8 : Operation 298 [2/3] (1.09ns) (grouped into DSP with root node add_ln16_89)   --->   "%mul_ln16_114 = mul i16 %sext_ln16_49, i16 %sext_ln16_19" [matrix_mult.cpp:16]   --->   Operation 298 'mul' 'mul_ln16_114' <Predicate = true> <Delay = 1.09> <CoreInst = "DSP48">   --->   Core 116 'DSP48' <Latency = 3> <II = 1> <Delay = 1.82> <IPBlock> <Opcode : '' 'add' 'sub' 'mul' 'select'> <InPorts = 0> <OutPorts = 1> <Sync> <CReg>
ST_8 : Operation 299 [1/1] (3.29ns)   --->   "%mul_ln16_118 = mul i16 %sext_ln16_48, i16 %sext_ln16_23" [matrix_mult.cpp:16]   --->   Operation 299 'mul' 'mul_ln16_118' <Predicate = true> <Delay = 3.29> <CoreInst = "Multiplier">   --->   Core 3 'Multiplier' <Latency = 0> <II = 1> <Delay = 3.29> <FuncUnit> <Opcode : 'mul'> <InPorts = 2> <OutPorts = 1>
ST_8 : Operation 300 [2/3] (1.09ns) (grouped into DSP with root node add_ln16_93)   --->   "%mul_ln16_119 = mul i16 %sext_ln16_49, i16 %sext_ln16_24" [matrix_mult.cpp:16]   --->   Operation 300 'mul' 'mul_ln16_119' <Predicate = true> <Delay = 1.09> <CoreInst = "DSP48">   --->   Core 116 'DSP48' <Latency = 3> <II = 1> <Delay = 1.82> <IPBlock> <Opcode : '' 'add' 'sub' 'mul' 'select'> <InPorts = 0> <OutPorts = 1> <Sync> <CReg>
ST_8 : Operation 301 [3/3] (1.09ns) (grouped into DSP with root node add_ln16_97)   --->   "%mul_ln16_124 = mul i16 %sext_ln16_49, i16 %sext_ln16_29" [matrix_mult.cpp:16]   --->   Operation 301 'mul' 'mul_ln16_124' <Predicate = true> <Delay = 1.09> <CoreInst = "DSP48">   --->   Core 116 'DSP48' <Latency = 3> <II = 1> <Delay = 1.82> <IPBlock> <Opcode : '' 'add' 'sub' 'mul' 'select'> <InPorts = 0> <OutPorts = 1> <Sync> <CReg>

State 9 <SV = 8> <Delay = 3.29>
ST_9 : Operation 302 [2/3] (1.09ns) (grouped into DSP with root node add_ln16)   --->   "%mul_ln16 = mul i16 %sext_ln16_1, i16 %sext_ln16" [matrix_mult.cpp:16]   --->   Operation 302 'mul' 'mul_ln16' <Predicate = true> <Delay = 1.09> <CoreInst = "DSP48">   --->   Core 116 'DSP48' <Latency = 3> <II = 1> <Delay = 1.82> <IPBlock> <Opcode : '' 'add' 'sub' 'mul' 'select'> <InPorts = 0> <OutPorts = 1> <Sync> <CReg>
ST_9 : Operation 303 [1/1] (0.00ns)   --->   "%sext_ln16_2 = sext i8 %tmp1" [matrix_mult.cpp:16]   --->   Operation 303 'sext' 'sext_ln16_2' <Predicate = true> <Delay = 0.00>
ST_9 : Operation 304 [1/1] (0.00ns)   --->   "%sext_ln16_3 = sext i8 %tmp_s" [matrix_mult.cpp:16]   --->   Operation 304 'sext' 'sext_ln16_3' <Predicate = true> <Delay = 0.00>
ST_9 : Operation 305 [1/1] (3.29ns)   --->   "%mul_ln16_1 = mul i16 %sext_ln16_3, i16 %sext_ln16_2" [matrix_mult.cpp:16]   --->   Operation 305 'mul' 'mul_ln16_1' <Predicate = true> <Delay = 3.29> <CoreInst = "Multiplier">   --->   Core 3 'Multiplier' <Latency = 0> <II = 1> <Delay = 3.29> <FuncUnit> <Opcode : 'mul'> <InPorts = 2> <OutPorts = 1>
ST_9 : Operation 306 [2/3] (1.09ns) (grouped into DSP with root node add_ln16_4)   --->   "%mul_ln16_5 = mul i16 %sext_ln16_10, i16 %sext_ln16" [matrix_mult.cpp:16]   --->   Operation 306 'mul' 'mul_ln16_5' <Predicate = true> <Delay = 1.09> <CoreInst = "DSP48">   --->   Core 116 'DSP48' <Latency = 3> <II = 1> <Delay = 1.82> <IPBlock> <Opcode : '' 'add' 'sub' 'mul' 'select'> <InPorts = 0> <OutPorts = 1> <Sync> <CReg>
ST_9 : Operation 307 [1/1] (0.00ns)   --->   "%sext_ln16_11 = sext i8 %tmp_7" [matrix_mult.cpp:16]   --->   Operation 307 'sext' 'sext_ln16_11' <Predicate = true> <Delay = 0.00>
ST_9 : Operation 308 [1/1] (3.29ns)   --->   "%mul_ln16_6 = mul i16 %sext_ln16_11, i16 %sext_ln16_2" [matrix_mult.cpp:16]   --->   Operation 308 'mul' 'mul_ln16_6' <Predicate = true> <Delay = 3.29> <CoreInst = "Multiplier">   --->   Core 3 'Multiplier' <Latency = 0> <II = 1> <Delay = 3.29> <FuncUnit> <Opcode : 'mul'> <InPorts = 2> <OutPorts = 1>
ST_9 : Operation 309 [2/3] (1.09ns) (grouped into DSP with root node add_ln16_8)   --->   "%mul_ln16_10 = mul i16 %sext_ln16_15, i16 %sext_ln16" [matrix_mult.cpp:16]   --->   Operation 309 'mul' 'mul_ln16_10' <Predicate = true> <Delay = 1.09> <CoreInst = "DSP48">   --->   Core 116 'DSP48' <Latency = 3> <II = 1> <Delay = 1.82> <IPBlock> <Opcode : '' 'add' 'sub' 'mul' 'select'> <InPorts = 0> <OutPorts = 1> <Sync> <CReg>
ST_9 : Operation 310 [1/1] (0.00ns)   --->   "%sext_ln16_16 = sext i8 %tmp_11" [matrix_mult.cpp:16]   --->   Operation 310 'sext' 'sext_ln16_16' <Predicate = true> <Delay = 0.00>
ST_9 : Operation 311 [1/1] (3.29ns)   --->   "%mul_ln16_11 = mul i16 %sext_ln16_16, i16 %sext_ln16_2" [matrix_mult.cpp:16]   --->   Operation 311 'mul' 'mul_ln16_11' <Predicate = true> <Delay = 3.29> <CoreInst = "Multiplier">   --->   Core 3 'Multiplier' <Latency = 0> <II = 1> <Delay = 3.29> <FuncUnit> <Opcode : 'mul'> <InPorts = 2> <OutPorts = 1>
ST_9 : Operation 312 [1/1] (0.00ns)   --->   "%sext_ln16_20 = sext i8 %trunc_ln16_4" [matrix_mult.cpp:16]   --->   Operation 312 'sext' 'sext_ln16_20' <Predicate = true> <Delay = 0.00>
ST_9 : Operation 313 [3/3] (1.09ns) (grouped into DSP with root node add_ln16_12)   --->   "%mul_ln16_15 = mul i16 %sext_ln16_20, i16 %sext_ln16" [matrix_mult.cpp:16]   --->   Operation 313 'mul' 'mul_ln16_15' <Predicate = true> <Delay = 1.09> <CoreInst = "DSP48">   --->   Core 116 'DSP48' <Latency = 3> <II = 1> <Delay = 1.82> <IPBlock> <Opcode : '' 'add' 'sub' 'mul' 'select'> <InPorts = 0> <OutPorts = 1> <Sync> <CReg>
ST_9 : Operation 314 [1/1] (0.00ns)   --->   "%sext_ln16_25 = sext i8 %trunc_ln16_5" [matrix_mult.cpp:16]   --->   Operation 314 'sext' 'sext_ln16_25' <Predicate = true> <Delay = 0.00>
ST_9 : Operation 315 [3/3] (1.09ns) (grouped into DSP with root node add_ln16_16)   --->   "%mul_ln16_20 = mul i16 %sext_ln16_25, i16 %sext_ln16" [matrix_mult.cpp:16]   --->   Operation 315 'mul' 'mul_ln16_20' <Predicate = true> <Delay = 1.09> <CoreInst = "DSP48">   --->   Core 116 'DSP48' <Latency = 3> <II = 1> <Delay = 1.82> <IPBlock> <Opcode : '' 'add' 'sub' 'mul' 'select'> <InPorts = 0> <OutPorts = 1> <Sync> <CReg>
ST_9 : Operation 316 [1/2] (1.78ns) (root node of the DSP)   --->   "%add_ln16_18 = add i16 %add_ln16_17, i16 %mul_ln16_22" [matrix_mult.cpp:16]   --->   Operation 316 'add' 'add_ln16_18' <Predicate = true> <Delay = 1.78> <CoreInst = "DSP48">   --->   Core 116 'DSP48' <Latency = 3> <II = 1> <Delay = 1.82> <IPBlock> <Opcode : '' 'add' 'sub' 'mul' 'select'> <InPorts = 0> <OutPorts = 1> <Sync> <CReg>
ST_9 : Operation 317 [1/1] (0.00ns)   --->   "%sext_ln16_30 = sext i8 %trunc_ln16_6" [matrix_mult.cpp:16]   --->   Operation 317 'sext' 'sext_ln16_30' <Predicate = true> <Delay = 0.00>
ST_9 : Operation 318 [3/3] (1.09ns) (grouped into DSP with root node add_ln16_20)   --->   "%mul_ln16_25 = mul i16 %sext_ln16_30, i16 %sext_ln16_1" [matrix_mult.cpp:16]   --->   Operation 318 'mul' 'mul_ln16_25' <Predicate = true> <Delay = 1.09> <CoreInst = "DSP48">   --->   Core 116 'DSP48' <Latency = 3> <II = 1> <Delay = 1.82> <IPBlock> <Opcode : '' 'add' 'sub' 'mul' 'select'> <InPorts = 0> <OutPorts = 1> <Sync> <CReg>
ST_9 : Operation 319 [1/2] (1.78ns) (root node of the DSP)   --->   "%add_ln16_22 = add i16 %add_ln16_21, i16 %mul_ln16_27" [matrix_mult.cpp:16]   --->   Operation 319 'add' 'add_ln16_22' <Predicate = true> <Delay = 1.78> <CoreInst = "DSP48">   --->   Core 116 'DSP48' <Latency = 3> <II = 1> <Delay = 1.82> <IPBlock> <Opcode : '' 'add' 'sub' 'mul' 'select'> <InPorts = 0> <OutPorts = 1> <Sync> <CReg>
ST_9 : Operation 320 [3/3] (1.09ns) (grouped into DSP with root node add_ln16_24)   --->   "%mul_ln16_30 = mul i16 %sext_ln16_30, i16 %sext_ln16_10" [matrix_mult.cpp:16]   --->   Operation 320 'mul' 'mul_ln16_30' <Predicate = true> <Delay = 1.09> <CoreInst = "DSP48">   --->   Core 116 'DSP48' <Latency = 3> <II = 1> <Delay = 1.82> <IPBlock> <Opcode : '' 'add' 'sub' 'mul' 'select'> <InPorts = 0> <OutPorts = 1> <Sync> <CReg>
ST_9 : Operation 321 [1/3] (0.00ns) (grouped into DSP with root node add_ln16_26)   --->   "%mul_ln16_32 = mul i16 %sext_ln16_32, i16 %sext_ln16_12" [matrix_mult.cpp:16]   --->   Operation 321 'mul' 'mul_ln16_32' <Predicate = true> <Delay = 0.00> <CoreInst = "DSP48">   --->   Core 116 'DSP48' <Latency = 3> <II = 1> <Delay = 1.82> <IPBlock> <Opcode : '' 'add' 'sub' 'mul' 'select'> <InPorts = 0> <OutPorts = 1> <Sync> <CReg>
ST_9 : Operation 322 [2/2] (1.78ns) (root node of the DSP)   --->   "%add_ln16_26 = add i16 %add_ln16_25, i16 %mul_ln16_32" [matrix_mult.cpp:16]   --->   Operation 322 'add' 'add_ln16_26' <Predicate = true> <Delay = 1.78> <CoreInst = "DSP48">   --->   Core 116 'DSP48' <Latency = 3> <II = 1> <Delay = 1.82> <IPBlock> <Opcode : '' 'add' 'sub' 'mul' 'select'> <InPorts = 0> <OutPorts = 1> <Sync> <CReg>
ST_9 : Operation 323 [1/3] (0.00ns) (grouped into DSP with root node add_ln16_30)   --->   "%mul_ln16_37 = mul i16 %sext_ln16_32, i16 %sext_ln16_17" [matrix_mult.cpp:16]   --->   Operation 323 'mul' 'mul_ln16_37' <Predicate = true> <Delay = 0.00> <CoreInst = "DSP48">   --->   Core 116 'DSP48' <Latency = 3> <II = 1> <Delay = 1.82> <IPBlock> <Opcode : '' 'add' 'sub' 'mul' 'select'> <InPorts = 0> <OutPorts = 1> <Sync> <CReg>
ST_9 : Operation 324 [2/2] (1.78ns) (root node of the DSP)   --->   "%add_ln16_30 = add i16 %add_ln16_29, i16 %mul_ln16_37" [matrix_mult.cpp:16]   --->   Operation 324 'add' 'add_ln16_30' <Predicate = true> <Delay = 1.78> <CoreInst = "DSP48">   --->   Core 116 'DSP48' <Latency = 3> <II = 1> <Delay = 1.82> <IPBlock> <Opcode : '' 'add' 'sub' 'mul' 'select'> <InPorts = 0> <OutPorts = 1> <Sync> <CReg>
ST_9 : Operation 325 [2/3] (1.09ns) (grouped into DSP with root node add_ln16_34)   --->   "%mul_ln16_42 = mul i16 %sext_ln16_32, i16 %sext_ln16_22" [matrix_mult.cpp:16]   --->   Operation 325 'mul' 'mul_ln16_42' <Predicate = true> <Delay = 1.09> <CoreInst = "DSP48">   --->   Core 116 'DSP48' <Latency = 3> <II = 1> <Delay = 1.82> <IPBlock> <Opcode : '' 'add' 'sub' 'mul' 'select'> <InPorts = 0> <OutPorts = 1> <Sync> <CReg>
ST_9 : Operation 326 [2/3] (1.09ns) (grouped into DSP with root node add_ln16_38)   --->   "%mul_ln16_47 = mul i16 %sext_ln16_32, i16 %sext_ln16_27" [matrix_mult.cpp:16]   --->   Operation 326 'mul' 'mul_ln16_47' <Predicate = true> <Delay = 1.09> <CoreInst = "DSP48">   --->   Core 116 'DSP48' <Latency = 3> <II = 1> <Delay = 1.82> <IPBlock> <Opcode : '' 'add' 'sub' 'mul' 'select'> <InPorts = 0> <OutPorts = 1> <Sync> <CReg>
ST_9 : Operation 327 [1/1] (0.00ns)   --->   "%sext_ln16_37 = sext i8 %tmp_28" [matrix_mult.cpp:16]   --->   Operation 327 'sext' 'sext_ln16_37' <Predicate = true> <Delay = 0.00>
ST_9 : Operation 328 [3/3] (1.09ns) (grouped into DSP with root node add_ln16_42)   --->   "%mul_ln16_52 = mul i16 %sext_ln16_37, i16 %sext_ln16_5" [matrix_mult.cpp:16]   --->   Operation 328 'mul' 'mul_ln16_52' <Predicate = true> <Delay = 1.09> <CoreInst = "DSP48">   --->   Core 116 'DSP48' <Latency = 3> <II = 1> <Delay = 1.82> <IPBlock> <Opcode : '' 'add' 'sub' 'mul' 'select'> <InPorts = 0> <OutPorts = 1> <Sync> <CReg>
ST_9 : Operation 329 [3/3] (1.09ns) (grouped into DSP with root node add_ln16_46)   --->   "%mul_ln16_57 = mul i16 %sext_ln16_37, i16 %sext_ln16_12" [matrix_mult.cpp:16]   --->   Operation 329 'mul' 'mul_ln16_57' <Predicate = true> <Delay = 1.09> <CoreInst = "DSP48">   --->   Core 116 'DSP48' <Latency = 3> <II = 1> <Delay = 1.82> <IPBlock> <Opcode : '' 'add' 'sub' 'mul' 'select'> <InPorts = 0> <OutPorts = 1> <Sync> <CReg>
ST_9 : Operation 330 [1/2] (1.78ns) (root node of the DSP)   --->   "%add_ln16_65 = add i16 %mul_ln16_83, i16 %mul_ln16_84" [matrix_mult.cpp:16]   --->   Operation 330 'add' 'add_ln16_65' <Predicate = true> <Delay = 1.78> <CoreInst = "DSP48">   --->   Core 116 'DSP48' <Latency = 3> <II = 1> <Delay = 1.82> <IPBlock> <Opcode : '' 'add' 'sub' 'mul' 'select'> <InPorts = 0> <OutPorts = 1> <Sync> <CReg>
ST_9 : Operation 331 [1/2] (1.78ns) (root node of the DSP)   --->   "%add_ln16_69 = add i16 %mul_ln16_88, i16 %mul_ln16_89" [matrix_mult.cpp:16]   --->   Operation 331 'add' 'add_ln16_69' <Predicate = true> <Delay = 1.78> <CoreInst = "DSP48">   --->   Core 116 'DSP48' <Latency = 3> <II = 1> <Delay = 1.82> <IPBlock> <Opcode : '' 'add' 'sub' 'mul' 'select'> <InPorts = 0> <OutPorts = 1> <Sync> <CReg>
ST_9 : Operation 332 [1/2] (1.78ns) (root node of the DSP)   --->   "%add_ln16_73 = add i16 %mul_ln16_93, i16 %mul_ln16_94" [matrix_mult.cpp:16]   --->   Operation 332 'add' 'add_ln16_73' <Predicate = true> <Delay = 1.78> <CoreInst = "DSP48">   --->   Core 116 'DSP48' <Latency = 3> <II = 1> <Delay = 1.82> <IPBlock> <Opcode : '' 'add' 'sub' 'mul' 'select'> <InPorts = 0> <OutPorts = 1> <Sync> <CReg>
ST_9 : Operation 333 [1/2] (1.78ns) (root node of the DSP)   --->   "%add_ln16_77 = add i16 %mul_ln16_98, i16 %mul_ln16_99" [matrix_mult.cpp:16]   --->   Operation 333 'add' 'add_ln16_77' <Predicate = true> <Delay = 1.78> <CoreInst = "DSP48">   --->   Core 116 'DSP48' <Latency = 3> <II = 1> <Delay = 1.82> <IPBlock> <Opcode : '' 'add' 'sub' 'mul' 'select'> <InPorts = 0> <OutPorts = 1> <Sync> <CReg>
ST_9 : Operation 334 [1/3] (0.00ns) (grouped into DSP with root node add_ln16_81)   --->   "%mul_ln16_104 = mul i16 %sext_ln16_49, i16 %sext_ln16_9" [matrix_mult.cpp:16]   --->   Operation 334 'mul' 'mul_ln16_104' <Predicate = true> <Delay = 0.00> <CoreInst = "DSP48">   --->   Core 116 'DSP48' <Latency = 3> <II = 1> <Delay = 1.82> <IPBlock> <Opcode : '' 'add' 'sub' 'mul' 'select'> <InPorts = 0> <OutPorts = 1> <Sync> <CReg>
ST_9 : Operation 335 [2/2] (1.78ns) (root node of the DSP)   --->   "%add_ln16_81 = add i16 %mul_ln16_103, i16 %mul_ln16_104" [matrix_mult.cpp:16]   --->   Operation 335 'add' 'add_ln16_81' <Predicate = true> <Delay = 1.78> <CoreInst = "DSP48">   --->   Core 116 'DSP48' <Latency = 3> <II = 1> <Delay = 1.82> <IPBlock> <Opcode : '' 'add' 'sub' 'mul' 'select'> <InPorts = 0> <OutPorts = 1> <Sync> <CReg>
ST_9 : Operation 336 [1/3] (0.00ns) (grouped into DSP with root node add_ln16_85)   --->   "%mul_ln16_109 = mul i16 %sext_ln16_49, i16 %sext_ln16_14" [matrix_mult.cpp:16]   --->   Operation 336 'mul' 'mul_ln16_109' <Predicate = true> <Delay = 0.00> <CoreInst = "DSP48">   --->   Core 116 'DSP48' <Latency = 3> <II = 1> <Delay = 1.82> <IPBlock> <Opcode : '' 'add' 'sub' 'mul' 'select'> <InPorts = 0> <OutPorts = 1> <Sync> <CReg>
ST_9 : Operation 337 [2/2] (1.78ns) (root node of the DSP)   --->   "%add_ln16_85 = add i16 %mul_ln16_108, i16 %mul_ln16_109" [matrix_mult.cpp:16]   --->   Operation 337 'add' 'add_ln16_85' <Predicate = true> <Delay = 1.78> <CoreInst = "DSP48">   --->   Core 116 'DSP48' <Latency = 3> <II = 1> <Delay = 1.82> <IPBlock> <Opcode : '' 'add' 'sub' 'mul' 'select'> <InPorts = 0> <OutPorts = 1> <Sync> <CReg>
ST_9 : Operation 338 [1/3] (0.00ns) (grouped into DSP with root node add_ln16_89)   --->   "%mul_ln16_114 = mul i16 %sext_ln16_49, i16 %sext_ln16_19" [matrix_mult.cpp:16]   --->   Operation 338 'mul' 'mul_ln16_114' <Predicate = true> <Delay = 0.00> <CoreInst = "DSP48">   --->   Core 116 'DSP48' <Latency = 3> <II = 1> <Delay = 1.82> <IPBlock> <Opcode : '' 'add' 'sub' 'mul' 'select'> <InPorts = 0> <OutPorts = 1> <Sync> <CReg>
ST_9 : Operation 339 [2/2] (1.78ns) (root node of the DSP)   --->   "%add_ln16_89 = add i16 %mul_ln16_113, i16 %mul_ln16_114" [matrix_mult.cpp:16]   --->   Operation 339 'add' 'add_ln16_89' <Predicate = true> <Delay = 1.78> <CoreInst = "DSP48">   --->   Core 116 'DSP48' <Latency = 3> <II = 1> <Delay = 1.82> <IPBlock> <Opcode : '' 'add' 'sub' 'mul' 'select'> <InPorts = 0> <OutPorts = 1> <Sync> <CReg>
ST_9 : Operation 340 [1/3] (0.00ns) (grouped into DSP with root node add_ln16_93)   --->   "%mul_ln16_119 = mul i16 %sext_ln16_49, i16 %sext_ln16_24" [matrix_mult.cpp:16]   --->   Operation 340 'mul' 'mul_ln16_119' <Predicate = true> <Delay = 0.00> <CoreInst = "DSP48">   --->   Core 116 'DSP48' <Latency = 3> <II = 1> <Delay = 1.82> <IPBlock> <Opcode : '' 'add' 'sub' 'mul' 'select'> <InPorts = 0> <OutPorts = 1> <Sync> <CReg>
ST_9 : Operation 341 [2/2] (1.78ns) (root node of the DSP)   --->   "%add_ln16_93 = add i16 %mul_ln16_118, i16 %mul_ln16_119" [matrix_mult.cpp:16]   --->   Operation 341 'add' 'add_ln16_93' <Predicate = true> <Delay = 1.78> <CoreInst = "DSP48">   --->   Core 116 'DSP48' <Latency = 3> <II = 1> <Delay = 1.82> <IPBlock> <Opcode : '' 'add' 'sub' 'mul' 'select'> <InPorts = 0> <OutPorts = 1> <Sync> <CReg>
ST_9 : Operation 342 [1/1] (3.29ns)   --->   "%mul_ln16_123 = mul i16 %sext_ln16_48, i16 %sext_ln16_28" [matrix_mult.cpp:16]   --->   Operation 342 'mul' 'mul_ln16_123' <Predicate = true> <Delay = 3.29> <CoreInst = "Multiplier">   --->   Core 3 'Multiplier' <Latency = 0> <II = 1> <Delay = 3.29> <FuncUnit> <Opcode : 'mul'> <InPorts = 2> <OutPorts = 1>
ST_9 : Operation 343 [2/3] (1.09ns) (grouped into DSP with root node add_ln16_97)   --->   "%mul_ln16_124 = mul i16 %sext_ln16_49, i16 %sext_ln16_29" [matrix_mult.cpp:16]   --->   Operation 343 'mul' 'mul_ln16_124' <Predicate = true> <Delay = 1.09> <CoreInst = "DSP48">   --->   Core 116 'DSP48' <Latency = 3> <II = 1> <Delay = 1.82> <IPBlock> <Opcode : '' 'add' 'sub' 'mul' 'select'> <InPorts = 0> <OutPorts = 1> <Sync> <CReg>

State 10 <SV = 9> <Delay = 3.29>
ST_10 : Operation 344 [1/3] (0.00ns) (grouped into DSP with root node add_ln16)   --->   "%mul_ln16 = mul i16 %sext_ln16_1, i16 %sext_ln16" [matrix_mult.cpp:16]   --->   Operation 344 'mul' 'mul_ln16' <Predicate = true> <Delay = 0.00> <CoreInst = "DSP48">   --->   Core 116 'DSP48' <Latency = 3> <II = 1> <Delay = 1.82> <IPBlock> <Opcode : '' 'add' 'sub' 'mul' 'select'> <InPorts = 0> <OutPorts = 1> <Sync> <CReg>
ST_10 : Operation 345 [2/2] (1.78ns) (root node of the DSP)   --->   "%add_ln16 = add i16 %mul_ln16_1, i16 %mul_ln16" [matrix_mult.cpp:16]   --->   Operation 345 'add' 'add_ln16' <Predicate = true> <Delay = 1.78> <CoreInst = "DSP48">   --->   Core 116 'DSP48' <Latency = 3> <II = 1> <Delay = 1.82> <IPBlock> <Opcode : '' 'add' 'sub' 'mul' 'select'> <InPorts = 0> <OutPorts = 1> <Sync> <CReg>
ST_10 : Operation 346 [1/3] (0.00ns) (grouped into DSP with root node add_ln16_4)   --->   "%mul_ln16_5 = mul i16 %sext_ln16_10, i16 %sext_ln16" [matrix_mult.cpp:16]   --->   Operation 346 'mul' 'mul_ln16_5' <Predicate = true> <Delay = 0.00> <CoreInst = "DSP48">   --->   Core 116 'DSP48' <Latency = 3> <II = 1> <Delay = 1.82> <IPBlock> <Opcode : '' 'add' 'sub' 'mul' 'select'> <InPorts = 0> <OutPorts = 1> <Sync> <CReg>
ST_10 : Operation 347 [2/2] (1.78ns) (root node of the DSP)   --->   "%add_ln16_4 = add i16 %mul_ln16_6, i16 %mul_ln16_5" [matrix_mult.cpp:16]   --->   Operation 347 'add' 'add_ln16_4' <Predicate = true> <Delay = 1.78> <CoreInst = "DSP48">   --->   Core 116 'DSP48' <Latency = 3> <II = 1> <Delay = 1.82> <IPBlock> <Opcode : '' 'add' 'sub' 'mul' 'select'> <InPorts = 0> <OutPorts = 1> <Sync> <CReg>
ST_10 : Operation 348 [1/3] (0.00ns) (grouped into DSP with root node add_ln16_8)   --->   "%mul_ln16_10 = mul i16 %sext_ln16_15, i16 %sext_ln16" [matrix_mult.cpp:16]   --->   Operation 348 'mul' 'mul_ln16_10' <Predicate = true> <Delay = 0.00> <CoreInst = "DSP48">   --->   Core 116 'DSP48' <Latency = 3> <II = 1> <Delay = 1.82> <IPBlock> <Opcode : '' 'add' 'sub' 'mul' 'select'> <InPorts = 0> <OutPorts = 1> <Sync> <CReg>
ST_10 : Operation 349 [2/2] (1.78ns) (root node of the DSP)   --->   "%add_ln16_8 = add i16 %mul_ln16_11, i16 %mul_ln16_10" [matrix_mult.cpp:16]   --->   Operation 349 'add' 'add_ln16_8' <Predicate = true> <Delay = 1.78> <CoreInst = "DSP48">   --->   Core 116 'DSP48' <Latency = 3> <II = 1> <Delay = 1.82> <IPBlock> <Opcode : '' 'add' 'sub' 'mul' 'select'> <InPorts = 0> <OutPorts = 1> <Sync> <CReg>
ST_10 : Operation 350 [2/3] (1.09ns) (grouped into DSP with root node add_ln16_12)   --->   "%mul_ln16_15 = mul i16 %sext_ln16_20, i16 %sext_ln16" [matrix_mult.cpp:16]   --->   Operation 350 'mul' 'mul_ln16_15' <Predicate = true> <Delay = 1.09> <CoreInst = "DSP48">   --->   Core 116 'DSP48' <Latency = 3> <II = 1> <Delay = 1.82> <IPBlock> <Opcode : '' 'add' 'sub' 'mul' 'select'> <InPorts = 0> <OutPorts = 1> <Sync> <CReg>
ST_10 : Operation 351 [1/1] (0.00ns)   --->   "%sext_ln16_21 = sext i8 %tmp_15" [matrix_mult.cpp:16]   --->   Operation 351 'sext' 'sext_ln16_21' <Predicate = true> <Delay = 0.00>
ST_10 : Operation 352 [1/1] (3.29ns)   --->   "%mul_ln16_16 = mul i16 %sext_ln16_21, i16 %sext_ln16_2" [matrix_mult.cpp:16]   --->   Operation 352 'mul' 'mul_ln16_16' <Predicate = true> <Delay = 3.29> <CoreInst = "Multiplier">   --->   Core 3 'Multiplier' <Latency = 0> <II = 1> <Delay = 3.29> <FuncUnit> <Opcode : 'mul'> <InPorts = 2> <OutPorts = 1>
ST_10 : Operation 353 [2/3] (1.09ns) (grouped into DSP with root node add_ln16_16)   --->   "%mul_ln16_20 = mul i16 %sext_ln16_25, i16 %sext_ln16" [matrix_mult.cpp:16]   --->   Operation 353 'mul' 'mul_ln16_20' <Predicate = true> <Delay = 1.09> <CoreInst = "DSP48">   --->   Core 116 'DSP48' <Latency = 3> <II = 1> <Delay = 1.82> <IPBlock> <Opcode : '' 'add' 'sub' 'mul' 'select'> <InPorts = 0> <OutPorts = 1> <Sync> <CReg>
ST_10 : Operation 354 [1/1] (0.00ns)   --->   "%sext_ln16_26 = sext i8 %tmp_19" [matrix_mult.cpp:16]   --->   Operation 354 'sext' 'sext_ln16_26' <Predicate = true> <Delay = 0.00>
ST_10 : Operation 355 [1/1] (3.29ns)   --->   "%mul_ln16_21 = mul i16 %sext_ln16_26, i16 %sext_ln16_2" [matrix_mult.cpp:16]   --->   Operation 355 'mul' 'mul_ln16_21' <Predicate = true> <Delay = 3.29> <CoreInst = "Multiplier">   --->   Core 3 'Multiplier' <Latency = 0> <II = 1> <Delay = 3.29> <FuncUnit> <Opcode : 'mul'> <InPorts = 2> <OutPorts = 1>
ST_10 : Operation 356 [2/3] (1.09ns) (grouped into DSP with root node add_ln16_20)   --->   "%mul_ln16_25 = mul i16 %sext_ln16_30, i16 %sext_ln16_1" [matrix_mult.cpp:16]   --->   Operation 356 'mul' 'mul_ln16_25' <Predicate = true> <Delay = 1.09> <CoreInst = "DSP48">   --->   Core 116 'DSP48' <Latency = 3> <II = 1> <Delay = 1.82> <IPBlock> <Opcode : '' 'add' 'sub' 'mul' 'select'> <InPorts = 0> <OutPorts = 1> <Sync> <CReg>
ST_10 : Operation 357 [1/1] (0.00ns)   --->   "%sext_ln16_31 = sext i8 %tmp_23" [matrix_mult.cpp:16]   --->   Operation 357 'sext' 'sext_ln16_31' <Predicate = true> <Delay = 0.00>
ST_10 : Operation 358 [1/1] (3.29ns)   --->   "%mul_ln16_26 = mul i16 %sext_ln16_31, i16 %sext_ln16_3" [matrix_mult.cpp:16]   --->   Operation 358 'mul' 'mul_ln16_26' <Predicate = true> <Delay = 3.29> <CoreInst = "Multiplier">   --->   Core 3 'Multiplier' <Latency = 0> <II = 1> <Delay = 3.29> <FuncUnit> <Opcode : 'mul'> <InPorts = 2> <OutPorts = 1>
ST_10 : Operation 359 [2/3] (1.09ns) (grouped into DSP with root node add_ln16_24)   --->   "%mul_ln16_30 = mul i16 %sext_ln16_30, i16 %sext_ln16_10" [matrix_mult.cpp:16]   --->   Operation 359 'mul' 'mul_ln16_30' <Predicate = true> <Delay = 1.09> <CoreInst = "DSP48">   --->   Core 116 'DSP48' <Latency = 3> <II = 1> <Delay = 1.82> <IPBlock> <Opcode : '' 'add' 'sub' 'mul' 'select'> <InPorts = 0> <OutPorts = 1> <Sync> <CReg>
ST_10 : Operation 360 [1/1] (3.29ns)   --->   "%mul_ln16_31 = mul i16 %sext_ln16_31, i16 %sext_ln16_11" [matrix_mult.cpp:16]   --->   Operation 360 'mul' 'mul_ln16_31' <Predicate = true> <Delay = 3.29> <CoreInst = "Multiplier">   --->   Core 3 'Multiplier' <Latency = 0> <II = 1> <Delay = 3.29> <FuncUnit> <Opcode : 'mul'> <InPorts = 2> <OutPorts = 1>
ST_10 : Operation 361 [1/2] (1.78ns) (root node of the DSP)   --->   "%add_ln16_26 = add i16 %add_ln16_25, i16 %mul_ln16_32" [matrix_mult.cpp:16]   --->   Operation 361 'add' 'add_ln16_26' <Predicate = true> <Delay = 1.78> <CoreInst = "DSP48">   --->   Core 116 'DSP48' <Latency = 3> <II = 1> <Delay = 1.82> <IPBlock> <Opcode : '' 'add' 'sub' 'mul' 'select'> <InPorts = 0> <OutPorts = 1> <Sync> <CReg>
ST_10 : Operation 362 [3/3] (1.09ns) (grouped into DSP with root node add_ln16_28)   --->   "%mul_ln16_35 = mul i16 %sext_ln16_30, i16 %sext_ln16_15" [matrix_mult.cpp:16]   --->   Operation 362 'mul' 'mul_ln16_35' <Predicate = true> <Delay = 1.09> <CoreInst = "DSP48">   --->   Core 116 'DSP48' <Latency = 3> <II = 1> <Delay = 1.82> <IPBlock> <Opcode : '' 'add' 'sub' 'mul' 'select'> <InPorts = 0> <OutPorts = 1> <Sync> <CReg>
ST_10 : Operation 363 [1/2] (1.78ns) (root node of the DSP)   --->   "%add_ln16_30 = add i16 %add_ln16_29, i16 %mul_ln16_37" [matrix_mult.cpp:16]   --->   Operation 363 'add' 'add_ln16_30' <Predicate = true> <Delay = 1.78> <CoreInst = "DSP48">   --->   Core 116 'DSP48' <Latency = 3> <II = 1> <Delay = 1.82> <IPBlock> <Opcode : '' 'add' 'sub' 'mul' 'select'> <InPorts = 0> <OutPorts = 1> <Sync> <CReg>
ST_10 : Operation 364 [3/3] (1.09ns) (grouped into DSP with root node add_ln16_32)   --->   "%mul_ln16_40 = mul i16 %sext_ln16_30, i16 %sext_ln16_20" [matrix_mult.cpp:16]   --->   Operation 364 'mul' 'mul_ln16_40' <Predicate = true> <Delay = 1.09> <CoreInst = "DSP48">   --->   Core 116 'DSP48' <Latency = 3> <II = 1> <Delay = 1.82> <IPBlock> <Opcode : '' 'add' 'sub' 'mul' 'select'> <InPorts = 0> <OutPorts = 1> <Sync> <CReg>
ST_10 : Operation 365 [1/3] (0.00ns) (grouped into DSP with root node add_ln16_34)   --->   "%mul_ln16_42 = mul i16 %sext_ln16_32, i16 %sext_ln16_22" [matrix_mult.cpp:16]   --->   Operation 365 'mul' 'mul_ln16_42' <Predicate = true> <Delay = 0.00> <CoreInst = "DSP48">   --->   Core 116 'DSP48' <Latency = 3> <II = 1> <Delay = 1.82> <IPBlock> <Opcode : '' 'add' 'sub' 'mul' 'select'> <InPorts = 0> <OutPorts = 1> <Sync> <CReg>
ST_10 : Operation 366 [2/2] (1.78ns) (root node of the DSP)   --->   "%add_ln16_34 = add i16 %add_ln16_33, i16 %mul_ln16_42" [matrix_mult.cpp:16]   --->   Operation 366 'add' 'add_ln16_34' <Predicate = true> <Delay = 1.78> <CoreInst = "DSP48">   --->   Core 116 'DSP48' <Latency = 3> <II = 1> <Delay = 1.82> <IPBlock> <Opcode : '' 'add' 'sub' 'mul' 'select'> <InPorts = 0> <OutPorts = 1> <Sync> <CReg>
ST_10 : Operation 367 [3/3] (1.09ns) (grouped into DSP with root node add_ln16_36)   --->   "%mul_ln16_45 = mul i16 %sext_ln16_30, i16 %sext_ln16_25" [matrix_mult.cpp:16]   --->   Operation 367 'mul' 'mul_ln16_45' <Predicate = true> <Delay = 1.09> <CoreInst = "DSP48">   --->   Core 116 'DSP48' <Latency = 3> <II = 1> <Delay = 1.82> <IPBlock> <Opcode : '' 'add' 'sub' 'mul' 'select'> <InPorts = 0> <OutPorts = 1> <Sync> <CReg>
ST_10 : Operation 368 [1/3] (0.00ns) (grouped into DSP with root node add_ln16_38)   --->   "%mul_ln16_47 = mul i16 %sext_ln16_32, i16 %sext_ln16_27" [matrix_mult.cpp:16]   --->   Operation 368 'mul' 'mul_ln16_47' <Predicate = true> <Delay = 0.00> <CoreInst = "DSP48">   --->   Core 116 'DSP48' <Latency = 3> <II = 1> <Delay = 1.82> <IPBlock> <Opcode : '' 'add' 'sub' 'mul' 'select'> <InPorts = 0> <OutPorts = 1> <Sync> <CReg>
ST_10 : Operation 369 [2/2] (1.78ns) (root node of the DSP)   --->   "%add_ln16_38 = add i16 %add_ln16_37, i16 %mul_ln16_47" [matrix_mult.cpp:16]   --->   Operation 369 'add' 'add_ln16_38' <Predicate = true> <Delay = 1.78> <CoreInst = "DSP48">   --->   Core 116 'DSP48' <Latency = 3> <II = 1> <Delay = 1.82> <IPBlock> <Opcode : '' 'add' 'sub' 'mul' 'select'> <InPorts = 0> <OutPorts = 1> <Sync> <CReg>
ST_10 : Operation 370 [1/1] (0.00ns)   --->   "%sext_ln16_35 = sext i8 %trunc_ln16_7" [matrix_mult.cpp:16]   --->   Operation 370 'sext' 'sext_ln16_35' <Predicate = true> <Delay = 0.00>
ST_10 : Operation 371 [3/3] (1.09ns) (grouped into DSP with root node add_ln16_40)   --->   "%mul_ln16_50 = mul i16 %sext_ln16_35, i16 %sext_ln16_1" [matrix_mult.cpp:16]   --->   Operation 371 'mul' 'mul_ln16_50' <Predicate = true> <Delay = 1.09> <CoreInst = "DSP48">   --->   Core 116 'DSP48' <Latency = 3> <II = 1> <Delay = 1.82> <IPBlock> <Opcode : '' 'add' 'sub' 'mul' 'select'> <InPorts = 0> <OutPorts = 1> <Sync> <CReg>
ST_10 : Operation 372 [2/3] (1.09ns) (grouped into DSP with root node add_ln16_42)   --->   "%mul_ln16_52 = mul i16 %sext_ln16_37, i16 %sext_ln16_5" [matrix_mult.cpp:16]   --->   Operation 372 'mul' 'mul_ln16_52' <Predicate = true> <Delay = 1.09> <CoreInst = "DSP48">   --->   Core 116 'DSP48' <Latency = 3> <II = 1> <Delay = 1.82> <IPBlock> <Opcode : '' 'add' 'sub' 'mul' 'select'> <InPorts = 0> <OutPorts = 1> <Sync> <CReg>
ST_10 : Operation 373 [2/3] (1.09ns) (grouped into DSP with root node add_ln16_46)   --->   "%mul_ln16_57 = mul i16 %sext_ln16_37, i16 %sext_ln16_12" [matrix_mult.cpp:16]   --->   Operation 373 'mul' 'mul_ln16_57' <Predicate = true> <Delay = 1.09> <CoreInst = "DSP48">   --->   Core 116 'DSP48' <Latency = 3> <II = 1> <Delay = 1.82> <IPBlock> <Opcode : '' 'add' 'sub' 'mul' 'select'> <InPorts = 0> <OutPorts = 1> <Sync> <CReg>
ST_10 : Operation 374 [3/3] (1.09ns) (grouped into DSP with root node add_ln16_50)   --->   "%mul_ln16_62 = mul i16 %sext_ln16_37, i16 %sext_ln16_17" [matrix_mult.cpp:16]   --->   Operation 374 'mul' 'mul_ln16_62' <Predicate = true> <Delay = 1.09> <CoreInst = "DSP48">   --->   Core 116 'DSP48' <Latency = 3> <II = 1> <Delay = 1.82> <IPBlock> <Opcode : '' 'add' 'sub' 'mul' 'select'> <InPorts = 0> <OutPorts = 1> <Sync> <CReg>
ST_10 : Operation 375 [3/3] (1.09ns) (grouped into DSP with root node add_ln16_54)   --->   "%mul_ln16_67 = mul i16 %sext_ln16_37, i16 %sext_ln16_22" [matrix_mult.cpp:16]   --->   Operation 375 'mul' 'mul_ln16_67' <Predicate = true> <Delay = 1.09> <CoreInst = "DSP48">   --->   Core 116 'DSP48' <Latency = 3> <II = 1> <Delay = 1.82> <IPBlock> <Opcode : '' 'add' 'sub' 'mul' 'select'> <InPorts = 0> <OutPorts = 1> <Sync> <CReg>
ST_10 : Operation 376 [1/2] (1.78ns) (root node of the DSP)   --->   "%add_ln16_81 = add i16 %mul_ln16_103, i16 %mul_ln16_104" [matrix_mult.cpp:16]   --->   Operation 376 'add' 'add_ln16_81' <Predicate = true> <Delay = 1.78> <CoreInst = "DSP48">   --->   Core 116 'DSP48' <Latency = 3> <II = 1> <Delay = 1.82> <IPBlock> <Opcode : '' 'add' 'sub' 'mul' 'select'> <InPorts = 0> <OutPorts = 1> <Sync> <CReg>
ST_10 : Operation 377 [1/2] (1.78ns) (root node of the DSP)   --->   "%add_ln16_85 = add i16 %mul_ln16_108, i16 %mul_ln16_109" [matrix_mult.cpp:16]   --->   Operation 377 'add' 'add_ln16_85' <Predicate = true> <Delay = 1.78> <CoreInst = "DSP48">   --->   Core 116 'DSP48' <Latency = 3> <II = 1> <Delay = 1.82> <IPBlock> <Opcode : '' 'add' 'sub' 'mul' 'select'> <InPorts = 0> <OutPorts = 1> <Sync> <CReg>
ST_10 : Operation 378 [1/2] (1.78ns) (root node of the DSP)   --->   "%add_ln16_89 = add i16 %mul_ln16_113, i16 %mul_ln16_114" [matrix_mult.cpp:16]   --->   Operation 378 'add' 'add_ln16_89' <Predicate = true> <Delay = 1.78> <CoreInst = "DSP48">   --->   Core 116 'DSP48' <Latency = 3> <II = 1> <Delay = 1.82> <IPBlock> <Opcode : '' 'add' 'sub' 'mul' 'select'> <InPorts = 0> <OutPorts = 1> <Sync> <CReg>
ST_10 : Operation 379 [1/2] (1.78ns) (root node of the DSP)   --->   "%add_ln16_93 = add i16 %mul_ln16_118, i16 %mul_ln16_119" [matrix_mult.cpp:16]   --->   Operation 379 'add' 'add_ln16_93' <Predicate = true> <Delay = 1.78> <CoreInst = "DSP48">   --->   Core 116 'DSP48' <Latency = 3> <II = 1> <Delay = 1.82> <IPBlock> <Opcode : '' 'add' 'sub' 'mul' 'select'> <InPorts = 0> <OutPorts = 1> <Sync> <CReg>
ST_10 : Operation 380 [1/3] (0.00ns) (grouped into DSP with root node add_ln16_97)   --->   "%mul_ln16_124 = mul i16 %sext_ln16_49, i16 %sext_ln16_29" [matrix_mult.cpp:16]   --->   Operation 380 'mul' 'mul_ln16_124' <Predicate = true> <Delay = 0.00> <CoreInst = "DSP48">   --->   Core 116 'DSP48' <Latency = 3> <II = 1> <Delay = 1.82> <IPBlock> <Opcode : '' 'add' 'sub' 'mul' 'select'> <InPorts = 0> <OutPorts = 1> <Sync> <CReg>
ST_10 : Operation 381 [2/2] (1.78ns) (root node of the DSP)   --->   "%add_ln16_97 = add i16 %mul_ln16_123, i16 %mul_ln16_124" [matrix_mult.cpp:16]   --->   Operation 381 'add' 'add_ln16_97' <Predicate = true> <Delay = 1.78> <CoreInst = "DSP48">   --->   Core 116 'DSP48' <Latency = 3> <II = 1> <Delay = 1.82> <IPBlock> <Opcode : '' 'add' 'sub' 'mul' 'select'> <InPorts = 0> <OutPorts = 1> <Sync> <CReg>

State 11 <SV = 10> <Delay = 3.29>
ST_11 : Operation 382 [1/2] (1.78ns) (root node of the DSP)   --->   "%add_ln16 = add i16 %mul_ln16_1, i16 %mul_ln16" [matrix_mult.cpp:16]   --->   Operation 382 'add' 'add_ln16' <Predicate = true> <Delay = 1.78> <CoreInst = "DSP48">   --->   Core 116 'DSP48' <Latency = 3> <II = 1> <Delay = 1.82> <IPBlock> <Opcode : '' 'add' 'sub' 'mul' 'select'> <InPorts = 0> <OutPorts = 1> <Sync> <CReg>
ST_11 : Operation 383 [1/1] (1.48ns)   --->   "%add_ln16_3 = add i16 %add_ln16_2, i16 %add_ln16" [matrix_mult.cpp:16]   --->   Operation 383 'add' 'add_ln16_3' <Predicate = true> <Delay = 1.48> <CoreInst = "Adder">   --->   Core 1 'Adder' <Latency = 0> <II = 1> <Delay = 1.48> <FuncUnit> <Opcode : 'add' 'sub'> <InPorts = 2> <OutPorts = 1>
ST_11 : Operation 384 [1/2] (1.78ns) (root node of the DSP)   --->   "%add_ln16_4 = add i16 %mul_ln16_6, i16 %mul_ln16_5" [matrix_mult.cpp:16]   --->   Operation 384 'add' 'add_ln16_4' <Predicate = true> <Delay = 1.78> <CoreInst = "DSP48">   --->   Core 116 'DSP48' <Latency = 3> <II = 1> <Delay = 1.82> <IPBlock> <Opcode : '' 'add' 'sub' 'mul' 'select'> <InPorts = 0> <OutPorts = 1> <Sync> <CReg>
ST_11 : Operation 385 [1/1] (1.48ns)   --->   "%add_ln16_7 = add i16 %add_ln16_6, i16 %add_ln16_4" [matrix_mult.cpp:16]   --->   Operation 385 'add' 'add_ln16_7' <Predicate = true> <Delay = 1.48> <CoreInst = "Adder">   --->   Core 1 'Adder' <Latency = 0> <II = 1> <Delay = 1.48> <FuncUnit> <Opcode : 'add' 'sub'> <InPorts = 2> <OutPorts = 1>
ST_11 : Operation 386 [1/2] (1.78ns) (root node of the DSP)   --->   "%add_ln16_8 = add i16 %mul_ln16_11, i16 %mul_ln16_10" [matrix_mult.cpp:16]   --->   Operation 386 'add' 'add_ln16_8' <Predicate = true> <Delay = 1.78> <CoreInst = "DSP48">   --->   Core 116 'DSP48' <Latency = 3> <II = 1> <Delay = 1.82> <IPBlock> <Opcode : '' 'add' 'sub' 'mul' 'select'> <InPorts = 0> <OutPorts = 1> <Sync> <CReg>
ST_11 : Operation 387 [1/1] (1.48ns)   --->   "%add_ln16_11 = add i16 %add_ln16_10, i16 %add_ln16_8" [matrix_mult.cpp:16]   --->   Operation 387 'add' 'add_ln16_11' <Predicate = true> <Delay = 1.48> <CoreInst = "Adder">   --->   Core 1 'Adder' <Latency = 0> <II = 1> <Delay = 1.48> <FuncUnit> <Opcode : 'add' 'sub'> <InPorts = 2> <OutPorts = 1>
ST_11 : Operation 388 [1/3] (0.00ns) (grouped into DSP with root node add_ln16_12)   --->   "%mul_ln16_15 = mul i16 %sext_ln16_20, i16 %sext_ln16" [matrix_mult.cpp:16]   --->   Operation 388 'mul' 'mul_ln16_15' <Predicate = true> <Delay = 0.00> <CoreInst = "DSP48">   --->   Core 116 'DSP48' <Latency = 3> <II = 1> <Delay = 1.82> <IPBlock> <Opcode : '' 'add' 'sub' 'mul' 'select'> <InPorts = 0> <OutPorts = 1> <Sync> <CReg>
ST_11 : Operation 389 [2/2] (1.78ns) (root node of the DSP)   --->   "%add_ln16_12 = add i16 %mul_ln16_16, i16 %mul_ln16_15" [matrix_mult.cpp:16]   --->   Operation 389 'add' 'add_ln16_12' <Predicate = true> <Delay = 1.78> <CoreInst = "DSP48">   --->   Core 116 'DSP48' <Latency = 3> <II = 1> <Delay = 1.82> <IPBlock> <Opcode : '' 'add' 'sub' 'mul' 'select'> <InPorts = 0> <OutPorts = 1> <Sync> <CReg>
ST_11 : Operation 390 [1/3] (0.00ns) (grouped into DSP with root node add_ln16_16)   --->   "%mul_ln16_20 = mul i16 %sext_ln16_25, i16 %sext_ln16" [matrix_mult.cpp:16]   --->   Operation 390 'mul' 'mul_ln16_20' <Predicate = true> <Delay = 0.00> <CoreInst = "DSP48">   --->   Core 116 'DSP48' <Latency = 3> <II = 1> <Delay = 1.82> <IPBlock> <Opcode : '' 'add' 'sub' 'mul' 'select'> <InPorts = 0> <OutPorts = 1> <Sync> <CReg>
ST_11 : Operation 391 [2/2] (1.78ns) (root node of the DSP)   --->   "%add_ln16_16 = add i16 %mul_ln16_21, i16 %mul_ln16_20" [matrix_mult.cpp:16]   --->   Operation 391 'add' 'add_ln16_16' <Predicate = true> <Delay = 1.78> <CoreInst = "DSP48">   --->   Core 116 'DSP48' <Latency = 3> <II = 1> <Delay = 1.82> <IPBlock> <Opcode : '' 'add' 'sub' 'mul' 'select'> <InPorts = 0> <OutPorts = 1> <Sync> <CReg>
ST_11 : Operation 392 [1/3] (0.00ns) (grouped into DSP with root node add_ln16_20)   --->   "%mul_ln16_25 = mul i16 %sext_ln16_30, i16 %sext_ln16_1" [matrix_mult.cpp:16]   --->   Operation 392 'mul' 'mul_ln16_25' <Predicate = true> <Delay = 0.00> <CoreInst = "DSP48">   --->   Core 116 'DSP48' <Latency = 3> <II = 1> <Delay = 1.82> <IPBlock> <Opcode : '' 'add' 'sub' 'mul' 'select'> <InPorts = 0> <OutPorts = 1> <Sync> <CReg>
ST_11 : Operation 393 [2/2] (1.78ns) (root node of the DSP)   --->   "%add_ln16_20 = add i16 %mul_ln16_26, i16 %mul_ln16_25" [matrix_mult.cpp:16]   --->   Operation 393 'add' 'add_ln16_20' <Predicate = true> <Delay = 1.78> <CoreInst = "DSP48">   --->   Core 116 'DSP48' <Latency = 3> <II = 1> <Delay = 1.82> <IPBlock> <Opcode : '' 'add' 'sub' 'mul' 'select'> <InPorts = 0> <OutPorts = 1> <Sync> <CReg>
ST_11 : Operation 394 [1/3] (0.00ns) (grouped into DSP with root node add_ln16_24)   --->   "%mul_ln16_30 = mul i16 %sext_ln16_30, i16 %sext_ln16_10" [matrix_mult.cpp:16]   --->   Operation 394 'mul' 'mul_ln16_30' <Predicate = true> <Delay = 0.00> <CoreInst = "DSP48">   --->   Core 116 'DSP48' <Latency = 3> <II = 1> <Delay = 1.82> <IPBlock> <Opcode : '' 'add' 'sub' 'mul' 'select'> <InPorts = 0> <OutPorts = 1> <Sync> <CReg>
ST_11 : Operation 395 [2/2] (1.78ns) (root node of the DSP)   --->   "%add_ln16_24 = add i16 %mul_ln16_31, i16 %mul_ln16_30" [matrix_mult.cpp:16]   --->   Operation 395 'add' 'add_ln16_24' <Predicate = true> <Delay = 1.78> <CoreInst = "DSP48">   --->   Core 116 'DSP48' <Latency = 3> <II = 1> <Delay = 1.82> <IPBlock> <Opcode : '' 'add' 'sub' 'mul' 'select'> <InPorts = 0> <OutPorts = 1> <Sync> <CReg>
ST_11 : Operation 396 [2/3] (1.09ns) (grouped into DSP with root node add_ln16_28)   --->   "%mul_ln16_35 = mul i16 %sext_ln16_30, i16 %sext_ln16_15" [matrix_mult.cpp:16]   --->   Operation 396 'mul' 'mul_ln16_35' <Predicate = true> <Delay = 1.09> <CoreInst = "DSP48">   --->   Core 116 'DSP48' <Latency = 3> <II = 1> <Delay = 1.82> <IPBlock> <Opcode : '' 'add' 'sub' 'mul' 'select'> <InPorts = 0> <OutPorts = 1> <Sync> <CReg>
ST_11 : Operation 397 [1/1] (3.29ns)   --->   "%mul_ln16_36 = mul i16 %sext_ln16_31, i16 %sext_ln16_16" [matrix_mult.cpp:16]   --->   Operation 397 'mul' 'mul_ln16_36' <Predicate = true> <Delay = 3.29> <CoreInst = "Multiplier">   --->   Core 3 'Multiplier' <Latency = 0> <II = 1> <Delay = 3.29> <FuncUnit> <Opcode : 'mul'> <InPorts = 2> <OutPorts = 1>
ST_11 : Operation 398 [2/3] (1.09ns) (grouped into DSP with root node add_ln16_32)   --->   "%mul_ln16_40 = mul i16 %sext_ln16_30, i16 %sext_ln16_20" [matrix_mult.cpp:16]   --->   Operation 398 'mul' 'mul_ln16_40' <Predicate = true> <Delay = 1.09> <CoreInst = "DSP48">   --->   Core 116 'DSP48' <Latency = 3> <II = 1> <Delay = 1.82> <IPBlock> <Opcode : '' 'add' 'sub' 'mul' 'select'> <InPorts = 0> <OutPorts = 1> <Sync> <CReg>
ST_11 : Operation 399 [1/1] (3.29ns)   --->   "%mul_ln16_41 = mul i16 %sext_ln16_31, i16 %sext_ln16_21" [matrix_mult.cpp:16]   --->   Operation 399 'mul' 'mul_ln16_41' <Predicate = true> <Delay = 3.29> <CoreInst = "Multiplier">   --->   Core 3 'Multiplier' <Latency = 0> <II = 1> <Delay = 3.29> <FuncUnit> <Opcode : 'mul'> <InPorts = 2> <OutPorts = 1>
ST_11 : Operation 400 [1/2] (1.78ns) (root node of the DSP)   --->   "%add_ln16_34 = add i16 %add_ln16_33, i16 %mul_ln16_42" [matrix_mult.cpp:16]   --->   Operation 400 'add' 'add_ln16_34' <Predicate = true> <Delay = 1.78> <CoreInst = "DSP48">   --->   Core 116 'DSP48' <Latency = 3> <II = 1> <Delay = 1.82> <IPBlock> <Opcode : '' 'add' 'sub' 'mul' 'select'> <InPorts = 0> <OutPorts = 1> <Sync> <CReg>
ST_11 : Operation 401 [2/3] (1.09ns) (grouped into DSP with root node add_ln16_36)   --->   "%mul_ln16_45 = mul i16 %sext_ln16_30, i16 %sext_ln16_25" [matrix_mult.cpp:16]   --->   Operation 401 'mul' 'mul_ln16_45' <Predicate = true> <Delay = 1.09> <CoreInst = "DSP48">   --->   Core 116 'DSP48' <Latency = 3> <II = 1> <Delay = 1.82> <IPBlock> <Opcode : '' 'add' 'sub' 'mul' 'select'> <InPorts = 0> <OutPorts = 1> <Sync> <CReg>
ST_11 : Operation 402 [1/1] (3.29ns)   --->   "%mul_ln16_46 = mul i16 %sext_ln16_31, i16 %sext_ln16_26" [matrix_mult.cpp:16]   --->   Operation 402 'mul' 'mul_ln16_46' <Predicate = true> <Delay = 3.29> <CoreInst = "Multiplier">   --->   Core 3 'Multiplier' <Latency = 0> <II = 1> <Delay = 3.29> <FuncUnit> <Opcode : 'mul'> <InPorts = 2> <OutPorts = 1>
ST_11 : Operation 403 [1/2] (1.78ns) (root node of the DSP)   --->   "%add_ln16_38 = add i16 %add_ln16_37, i16 %mul_ln16_47" [matrix_mult.cpp:16]   --->   Operation 403 'add' 'add_ln16_38' <Predicate = true> <Delay = 1.78> <CoreInst = "DSP48">   --->   Core 116 'DSP48' <Latency = 3> <II = 1> <Delay = 1.82> <IPBlock> <Opcode : '' 'add' 'sub' 'mul' 'select'> <InPorts = 0> <OutPorts = 1> <Sync> <CReg>
ST_11 : Operation 404 [2/3] (1.09ns) (grouped into DSP with root node add_ln16_40)   --->   "%mul_ln16_50 = mul i16 %sext_ln16_35, i16 %sext_ln16_1" [matrix_mult.cpp:16]   --->   Operation 404 'mul' 'mul_ln16_50' <Predicate = true> <Delay = 1.09> <CoreInst = "DSP48">   --->   Core 116 'DSP48' <Latency = 3> <II = 1> <Delay = 1.82> <IPBlock> <Opcode : '' 'add' 'sub' 'mul' 'select'> <InPorts = 0> <OutPorts = 1> <Sync> <CReg>
ST_11 : Operation 405 [1/1] (0.00ns)   --->   "%sext_ln16_36 = sext i8 %tmp_27" [matrix_mult.cpp:16]   --->   Operation 405 'sext' 'sext_ln16_36' <Predicate = true> <Delay = 0.00>
ST_11 : Operation 406 [1/1] (3.29ns)   --->   "%mul_ln16_51 = mul i16 %sext_ln16_36, i16 %sext_ln16_3" [matrix_mult.cpp:16]   --->   Operation 406 'mul' 'mul_ln16_51' <Predicate = true> <Delay = 3.29> <CoreInst = "Multiplier">   --->   Core 3 'Multiplier' <Latency = 0> <II = 1> <Delay = 3.29> <FuncUnit> <Opcode : 'mul'> <InPorts = 2> <OutPorts = 1>
ST_11 : Operation 407 [1/3] (0.00ns) (grouped into DSP with root node add_ln16_42)   --->   "%mul_ln16_52 = mul i16 %sext_ln16_37, i16 %sext_ln16_5" [matrix_mult.cpp:16]   --->   Operation 407 'mul' 'mul_ln16_52' <Predicate = true> <Delay = 0.00> <CoreInst = "DSP48">   --->   Core 116 'DSP48' <Latency = 3> <II = 1> <Delay = 1.82> <IPBlock> <Opcode : '' 'add' 'sub' 'mul' 'select'> <InPorts = 0> <OutPorts = 1> <Sync> <CReg>
ST_11 : Operation 408 [2/2] (1.78ns) (root node of the DSP)   --->   "%add_ln16_42 = add i16 %add_ln16_41, i16 %mul_ln16_52" [matrix_mult.cpp:16]   --->   Operation 408 'add' 'add_ln16_42' <Predicate = true> <Delay = 1.78> <CoreInst = "DSP48">   --->   Core 116 'DSP48' <Latency = 3> <II = 1> <Delay = 1.82> <IPBlock> <Opcode : '' 'add' 'sub' 'mul' 'select'> <InPorts = 0> <OutPorts = 1> <Sync> <CReg>
ST_11 : Operation 409 [3/3] (1.09ns) (grouped into DSP with root node add_ln16_44)   --->   "%mul_ln16_55 = mul i16 %sext_ln16_35, i16 %sext_ln16_10" [matrix_mult.cpp:16]   --->   Operation 409 'mul' 'mul_ln16_55' <Predicate = true> <Delay = 1.09> <CoreInst = "DSP48">   --->   Core 116 'DSP48' <Latency = 3> <II = 1> <Delay = 1.82> <IPBlock> <Opcode : '' 'add' 'sub' 'mul' 'select'> <InPorts = 0> <OutPorts = 1> <Sync> <CReg>
ST_11 : Operation 410 [1/3] (0.00ns) (grouped into DSP with root node add_ln16_46)   --->   "%mul_ln16_57 = mul i16 %sext_ln16_37, i16 %sext_ln16_12" [matrix_mult.cpp:16]   --->   Operation 410 'mul' 'mul_ln16_57' <Predicate = true> <Delay = 0.00> <CoreInst = "DSP48">   --->   Core 116 'DSP48' <Latency = 3> <II = 1> <Delay = 1.82> <IPBlock> <Opcode : '' 'add' 'sub' 'mul' 'select'> <InPorts = 0> <OutPorts = 1> <Sync> <CReg>
ST_11 : Operation 411 [2/2] (1.78ns) (root node of the DSP)   --->   "%add_ln16_46 = add i16 %add_ln16_45, i16 %mul_ln16_57" [matrix_mult.cpp:16]   --->   Operation 411 'add' 'add_ln16_46' <Predicate = true> <Delay = 1.78> <CoreInst = "DSP48">   --->   Core 116 'DSP48' <Latency = 3> <II = 1> <Delay = 1.82> <IPBlock> <Opcode : '' 'add' 'sub' 'mul' 'select'> <InPorts = 0> <OutPorts = 1> <Sync> <CReg>
ST_11 : Operation 412 [3/3] (1.09ns) (grouped into DSP with root node add_ln16_48)   --->   "%mul_ln16_60 = mul i16 %sext_ln16_35, i16 %sext_ln16_15" [matrix_mult.cpp:16]   --->   Operation 412 'mul' 'mul_ln16_60' <Predicate = true> <Delay = 1.09> <CoreInst = "DSP48">   --->   Core 116 'DSP48' <Latency = 3> <II = 1> <Delay = 1.82> <IPBlock> <Opcode : '' 'add' 'sub' 'mul' 'select'> <InPorts = 0> <OutPorts = 1> <Sync> <CReg>
ST_11 : Operation 413 [2/3] (1.09ns) (grouped into DSP with root node add_ln16_50)   --->   "%mul_ln16_62 = mul i16 %sext_ln16_37, i16 %sext_ln16_17" [matrix_mult.cpp:16]   --->   Operation 413 'mul' 'mul_ln16_62' <Predicate = true> <Delay = 1.09> <CoreInst = "DSP48">   --->   Core 116 'DSP48' <Latency = 3> <II = 1> <Delay = 1.82> <IPBlock> <Opcode : '' 'add' 'sub' 'mul' 'select'> <InPorts = 0> <OutPorts = 1> <Sync> <CReg>
ST_11 : Operation 414 [3/3] (1.09ns) (grouped into DSP with root node add_ln16_52)   --->   "%mul_ln16_65 = mul i16 %sext_ln16_35, i16 %sext_ln16_20" [matrix_mult.cpp:16]   --->   Operation 414 'mul' 'mul_ln16_65' <Predicate = true> <Delay = 1.09> <CoreInst = "DSP48">   --->   Core 116 'DSP48' <Latency = 3> <II = 1> <Delay = 1.82> <IPBlock> <Opcode : '' 'add' 'sub' 'mul' 'select'> <InPorts = 0> <OutPorts = 1> <Sync> <CReg>
ST_11 : Operation 415 [2/3] (1.09ns) (grouped into DSP with root node add_ln16_54)   --->   "%mul_ln16_67 = mul i16 %sext_ln16_37, i16 %sext_ln16_22" [matrix_mult.cpp:16]   --->   Operation 415 'mul' 'mul_ln16_67' <Predicate = true> <Delay = 1.09> <CoreInst = "DSP48">   --->   Core 116 'DSP48' <Latency = 3> <II = 1> <Delay = 1.82> <IPBlock> <Opcode : '' 'add' 'sub' 'mul' 'select'> <InPorts = 0> <OutPorts = 1> <Sync> <CReg>
ST_11 : Operation 416 [3/3] (1.09ns) (grouped into DSP with root node add_ln16_56)   --->   "%mul_ln16_70 = mul i16 %sext_ln16_35, i16 %sext_ln16_25" [matrix_mult.cpp:16]   --->   Operation 416 'mul' 'mul_ln16_70' <Predicate = true> <Delay = 1.09> <CoreInst = "DSP48">   --->   Core 116 'DSP48' <Latency = 3> <II = 1> <Delay = 1.82> <IPBlock> <Opcode : '' 'add' 'sub' 'mul' 'select'> <InPorts = 0> <OutPorts = 1> <Sync> <CReg>
ST_11 : Operation 417 [3/3] (1.09ns) (grouped into DSP with root node add_ln16_58)   --->   "%mul_ln16_72 = mul i16 %sext_ln16_37, i16 %sext_ln16_27" [matrix_mult.cpp:16]   --->   Operation 417 'mul' 'mul_ln16_72' <Predicate = true> <Delay = 1.09> <CoreInst = "DSP48">   --->   Core 116 'DSP48' <Latency = 3> <II = 1> <Delay = 1.82> <IPBlock> <Opcode : '' 'add' 'sub' 'mul' 'select'> <InPorts = 0> <OutPorts = 1> <Sync> <CReg>
ST_11 : Operation 418 [1/1] (0.00ns)   --->   "%sext_ln16_42 = sext i8 %tmp_32" [matrix_mult.cpp:16]   --->   Operation 418 'sext' 'sext_ln16_42' <Predicate = true> <Delay = 0.00>
ST_11 : Operation 419 [3/3] (1.09ns) (grouped into DSP with root node add_ln16_62)   --->   "%mul_ln16_77 = mul i16 %sext_ln16_42, i16 %sext_ln16_5" [matrix_mult.cpp:16]   --->   Operation 419 'mul' 'mul_ln16_77' <Predicate = true> <Delay = 1.09> <CoreInst = "DSP48">   --->   Core 116 'DSP48' <Latency = 3> <II = 1> <Delay = 1.82> <IPBlock> <Opcode : '' 'add' 'sub' 'mul' 'select'> <InPorts = 0> <OutPorts = 1> <Sync> <CReg>
ST_11 : Operation 420 [1/2] (1.78ns) (root node of the DSP)   --->   "%add_ln16_97 = add i16 %mul_ln16_123, i16 %mul_ln16_124" [matrix_mult.cpp:16]   --->   Operation 420 'add' 'add_ln16_97' <Predicate = true> <Delay = 1.78> <CoreInst = "DSP48">   --->   Core 116 'DSP48' <Latency = 3> <II = 1> <Delay = 1.82> <IPBlock> <Opcode : '' 'add' 'sub' 'mul' 'select'> <InPorts = 0> <OutPorts = 1> <Sync> <CReg>

State 12 <SV = 11> <Delay = 3.29>
ST_12 : Operation 421 [1/1] (0.00ns)   --->   "%prod_addr = getelementptr i16 %prod, i64 0, i64 0" [matrix_mult.cpp:16]   --->   Operation 421 'getelementptr' 'prod_addr' <Predicate = true> <Delay = 0.00>
ST_12 : Operation 422 [1/1] (0.00ns)   --->   "%prod_addr_1 = getelementptr i16 %prod, i64 0, i64 1" [matrix_mult.cpp:16]   --->   Operation 422 'getelementptr' 'prod_addr_1' <Predicate = true> <Delay = 0.00>
ST_12 : Operation 423 [1/1] (1.42ns)   --->   "%store_ln16 = store i16 %add_ln16_3, i5 %prod_addr" [matrix_mult.cpp:16]   --->   Operation 423 'store' 'store_ln16' <Predicate = true> <Delay = 1.42> <CoreInst = "RAM">   --->   Core 81 'RAM' <Latency = 1> <II = 1> <Delay = 1.42> <Storage> <Opcode : 'load' 'store'> <Ports = 2> <Width = 16> <Depth = 25> <RAM>
ST_12 : Operation 424 [1/1] (1.42ns)   --->   "%store_ln16 = store i16 %add_ln16_7, i5 %prod_addr_1" [matrix_mult.cpp:16]   --->   Operation 424 'store' 'store_ln16' <Predicate = true> <Delay = 1.42> <CoreInst = "RAM">   --->   Core 81 'RAM' <Latency = 1> <II = 1> <Delay = 1.42> <Storage> <Opcode : 'load' 'store'> <Ports = 2> <Width = 16> <Depth = 25> <RAM>
ST_12 : Operation 425 [1/2] (1.78ns) (root node of the DSP)   --->   "%add_ln16_12 = add i16 %mul_ln16_16, i16 %mul_ln16_15" [matrix_mult.cpp:16]   --->   Operation 425 'add' 'add_ln16_12' <Predicate = true> <Delay = 1.78> <CoreInst = "DSP48">   --->   Core 116 'DSP48' <Latency = 3> <II = 1> <Delay = 1.82> <IPBlock> <Opcode : '' 'add' 'sub' 'mul' 'select'> <InPorts = 0> <OutPorts = 1> <Sync> <CReg>
ST_12 : Operation 426 [1/1] (1.48ns)   --->   "%add_ln16_15 = add i16 %add_ln16_14, i16 %add_ln16_12" [matrix_mult.cpp:16]   --->   Operation 426 'add' 'add_ln16_15' <Predicate = true> <Delay = 1.48> <CoreInst = "Adder">   --->   Core 1 'Adder' <Latency = 0> <II = 1> <Delay = 1.48> <FuncUnit> <Opcode : 'add' 'sub'> <InPorts = 2> <OutPorts = 1>
ST_12 : Operation 427 [1/2] (1.78ns) (root node of the DSP)   --->   "%add_ln16_16 = add i16 %mul_ln16_21, i16 %mul_ln16_20" [matrix_mult.cpp:16]   --->   Operation 427 'add' 'add_ln16_16' <Predicate = true> <Delay = 1.78> <CoreInst = "DSP48">   --->   Core 116 'DSP48' <Latency = 3> <II = 1> <Delay = 1.82> <IPBlock> <Opcode : '' 'add' 'sub' 'mul' 'select'> <InPorts = 0> <OutPorts = 1> <Sync> <CReg>
ST_12 : Operation 428 [1/1] (1.48ns)   --->   "%add_ln16_19 = add i16 %add_ln16_18, i16 %add_ln16_16" [matrix_mult.cpp:16]   --->   Operation 428 'add' 'add_ln16_19' <Predicate = true> <Delay = 1.48> <CoreInst = "Adder">   --->   Core 1 'Adder' <Latency = 0> <II = 1> <Delay = 1.48> <FuncUnit> <Opcode : 'add' 'sub'> <InPorts = 2> <OutPorts = 1>
ST_12 : Operation 429 [1/2] (1.78ns) (root node of the DSP)   --->   "%add_ln16_20 = add i16 %mul_ln16_26, i16 %mul_ln16_25" [matrix_mult.cpp:16]   --->   Operation 429 'add' 'add_ln16_20' <Predicate = true> <Delay = 1.78> <CoreInst = "DSP48">   --->   Core 116 'DSP48' <Latency = 3> <II = 1> <Delay = 1.82> <IPBlock> <Opcode : '' 'add' 'sub' 'mul' 'select'> <InPorts = 0> <OutPorts = 1> <Sync> <CReg>
ST_12 : Operation 430 [1/1] (1.48ns)   --->   "%add_ln16_23 = add i16 %add_ln16_22, i16 %add_ln16_20" [matrix_mult.cpp:16]   --->   Operation 430 'add' 'add_ln16_23' <Predicate = true> <Delay = 1.48> <CoreInst = "Adder">   --->   Core 1 'Adder' <Latency = 0> <II = 1> <Delay = 1.48> <FuncUnit> <Opcode : 'add' 'sub'> <InPorts = 2> <OutPorts = 1>
ST_12 : Operation 431 [1/2] (1.78ns) (root node of the DSP)   --->   "%add_ln16_24 = add i16 %mul_ln16_31, i16 %mul_ln16_30" [matrix_mult.cpp:16]   --->   Operation 431 'add' 'add_ln16_24' <Predicate = true> <Delay = 1.78> <CoreInst = "DSP48">   --->   Core 116 'DSP48' <Latency = 3> <II = 1> <Delay = 1.82> <IPBlock> <Opcode : '' 'add' 'sub' 'mul' 'select'> <InPorts = 0> <OutPorts = 1> <Sync> <CReg>
ST_12 : Operation 432 [1/1] (1.48ns)   --->   "%add_ln16_27 = add i16 %add_ln16_26, i16 %add_ln16_24" [matrix_mult.cpp:16]   --->   Operation 432 'add' 'add_ln16_27' <Predicate = true> <Delay = 1.48> <CoreInst = "Adder">   --->   Core 1 'Adder' <Latency = 0> <II = 1> <Delay = 1.48> <FuncUnit> <Opcode : 'add' 'sub'> <InPorts = 2> <OutPorts = 1>
ST_12 : Operation 433 [1/3] (0.00ns) (grouped into DSP with root node add_ln16_28)   --->   "%mul_ln16_35 = mul i16 %sext_ln16_30, i16 %sext_ln16_15" [matrix_mult.cpp:16]   --->   Operation 433 'mul' 'mul_ln16_35' <Predicate = true> <Delay = 0.00> <CoreInst = "DSP48">   --->   Core 116 'DSP48' <Latency = 3> <II = 1> <Delay = 1.82> <IPBlock> <Opcode : '' 'add' 'sub' 'mul' 'select'> <InPorts = 0> <OutPorts = 1> <Sync> <CReg>
ST_12 : Operation 434 [2/2] (1.78ns) (root node of the DSP)   --->   "%add_ln16_28 = add i16 %mul_ln16_36, i16 %mul_ln16_35" [matrix_mult.cpp:16]   --->   Operation 434 'add' 'add_ln16_28' <Predicate = true> <Delay = 1.78> <CoreInst = "DSP48">   --->   Core 116 'DSP48' <Latency = 3> <II = 1> <Delay = 1.82> <IPBlock> <Opcode : '' 'add' 'sub' 'mul' 'select'> <InPorts = 0> <OutPorts = 1> <Sync> <CReg>
ST_12 : Operation 435 [1/3] (0.00ns) (grouped into DSP with root node add_ln16_32)   --->   "%mul_ln16_40 = mul i16 %sext_ln16_30, i16 %sext_ln16_20" [matrix_mult.cpp:16]   --->   Operation 435 'mul' 'mul_ln16_40' <Predicate = true> <Delay = 0.00> <CoreInst = "DSP48">   --->   Core 116 'DSP48' <Latency = 3> <II = 1> <Delay = 1.82> <IPBlock> <Opcode : '' 'add' 'sub' 'mul' 'select'> <InPorts = 0> <OutPorts = 1> <Sync> <CReg>
ST_12 : Operation 436 [2/2] (1.78ns) (root node of the DSP)   --->   "%add_ln16_32 = add i16 %mul_ln16_41, i16 %mul_ln16_40" [matrix_mult.cpp:16]   --->   Operation 436 'add' 'add_ln16_32' <Predicate = true> <Delay = 1.78> <CoreInst = "DSP48">   --->   Core 116 'DSP48' <Latency = 3> <II = 1> <Delay = 1.82> <IPBlock> <Opcode : '' 'add' 'sub' 'mul' 'select'> <InPorts = 0> <OutPorts = 1> <Sync> <CReg>
ST_12 : Operation 437 [1/3] (0.00ns) (grouped into DSP with root node add_ln16_36)   --->   "%mul_ln16_45 = mul i16 %sext_ln16_30, i16 %sext_ln16_25" [matrix_mult.cpp:16]   --->   Operation 437 'mul' 'mul_ln16_45' <Predicate = true> <Delay = 0.00> <CoreInst = "DSP48">   --->   Core 116 'DSP48' <Latency = 3> <II = 1> <Delay = 1.82> <IPBlock> <Opcode : '' 'add' 'sub' 'mul' 'select'> <InPorts = 0> <OutPorts = 1> <Sync> <CReg>
ST_12 : Operation 438 [2/2] (1.78ns) (root node of the DSP)   --->   "%add_ln16_36 = add i16 %mul_ln16_46, i16 %mul_ln16_45" [matrix_mult.cpp:16]   --->   Operation 438 'add' 'add_ln16_36' <Predicate = true> <Delay = 1.78> <CoreInst = "DSP48">   --->   Core 116 'DSP48' <Latency = 3> <II = 1> <Delay = 1.82> <IPBlock> <Opcode : '' 'add' 'sub' 'mul' 'select'> <InPorts = 0> <OutPorts = 1> <Sync> <CReg>
ST_12 : Operation 439 [1/3] (0.00ns) (grouped into DSP with root node add_ln16_40)   --->   "%mul_ln16_50 = mul i16 %sext_ln16_35, i16 %sext_ln16_1" [matrix_mult.cpp:16]   --->   Operation 439 'mul' 'mul_ln16_50' <Predicate = true> <Delay = 0.00> <CoreInst = "DSP48">   --->   Core 116 'DSP48' <Latency = 3> <II = 1> <Delay = 1.82> <IPBlock> <Opcode : '' 'add' 'sub' 'mul' 'select'> <InPorts = 0> <OutPorts = 1> <Sync> <CReg>
ST_12 : Operation 440 [2/2] (1.78ns) (root node of the DSP)   --->   "%add_ln16_40 = add i16 %mul_ln16_51, i16 %mul_ln16_50" [matrix_mult.cpp:16]   --->   Operation 440 'add' 'add_ln16_40' <Predicate = true> <Delay = 1.78> <CoreInst = "DSP48">   --->   Core 116 'DSP48' <Latency = 3> <II = 1> <Delay = 1.82> <IPBlock> <Opcode : '' 'add' 'sub' 'mul' 'select'> <InPorts = 0> <OutPorts = 1> <Sync> <CReg>
ST_12 : Operation 441 [1/2] (1.78ns) (root node of the DSP)   --->   "%add_ln16_42 = add i16 %add_ln16_41, i16 %mul_ln16_52" [matrix_mult.cpp:16]   --->   Operation 441 'add' 'add_ln16_42' <Predicate = true> <Delay = 1.78> <CoreInst = "DSP48">   --->   Core 116 'DSP48' <Latency = 3> <II = 1> <Delay = 1.82> <IPBlock> <Opcode : '' 'add' 'sub' 'mul' 'select'> <InPorts = 0> <OutPorts = 1> <Sync> <CReg>
ST_12 : Operation 442 [2/3] (1.09ns) (grouped into DSP with root node add_ln16_44)   --->   "%mul_ln16_55 = mul i16 %sext_ln16_35, i16 %sext_ln16_10" [matrix_mult.cpp:16]   --->   Operation 442 'mul' 'mul_ln16_55' <Predicate = true> <Delay = 1.09> <CoreInst = "DSP48">   --->   Core 116 'DSP48' <Latency = 3> <II = 1> <Delay = 1.82> <IPBlock> <Opcode : '' 'add' 'sub' 'mul' 'select'> <InPorts = 0> <OutPorts = 1> <Sync> <CReg>
ST_12 : Operation 443 [1/1] (3.29ns)   --->   "%mul_ln16_56 = mul i16 %sext_ln16_36, i16 %sext_ln16_11" [matrix_mult.cpp:16]   --->   Operation 443 'mul' 'mul_ln16_56' <Predicate = true> <Delay = 3.29> <CoreInst = "Multiplier">   --->   Core 3 'Multiplier' <Latency = 0> <II = 1> <Delay = 3.29> <FuncUnit> <Opcode : 'mul'> <InPorts = 2> <OutPorts = 1>
ST_12 : Operation 444 [1/2] (1.78ns) (root node of the DSP)   --->   "%add_ln16_46 = add i16 %add_ln16_45, i16 %mul_ln16_57" [matrix_mult.cpp:16]   --->   Operation 444 'add' 'add_ln16_46' <Predicate = true> <Delay = 1.78> <CoreInst = "DSP48">   --->   Core 116 'DSP48' <Latency = 3> <II = 1> <Delay = 1.82> <IPBlock> <Opcode : '' 'add' 'sub' 'mul' 'select'> <InPorts = 0> <OutPorts = 1> <Sync> <CReg>
ST_12 : Operation 445 [2/3] (1.09ns) (grouped into DSP with root node add_ln16_48)   --->   "%mul_ln16_60 = mul i16 %sext_ln16_35, i16 %sext_ln16_15" [matrix_mult.cpp:16]   --->   Operation 445 'mul' 'mul_ln16_60' <Predicate = true> <Delay = 1.09> <CoreInst = "DSP48">   --->   Core 116 'DSP48' <Latency = 3> <II = 1> <Delay = 1.82> <IPBlock> <Opcode : '' 'add' 'sub' 'mul' 'select'> <InPorts = 0> <OutPorts = 1> <Sync> <CReg>
ST_12 : Operation 446 [1/1] (3.29ns)   --->   "%mul_ln16_61 = mul i16 %sext_ln16_36, i16 %sext_ln16_16" [matrix_mult.cpp:16]   --->   Operation 446 'mul' 'mul_ln16_61' <Predicate = true> <Delay = 3.29> <CoreInst = "Multiplier">   --->   Core 3 'Multiplier' <Latency = 0> <II = 1> <Delay = 3.29> <FuncUnit> <Opcode : 'mul'> <InPorts = 2> <OutPorts = 1>
ST_12 : Operation 447 [1/3] (0.00ns) (grouped into DSP with root node add_ln16_50)   --->   "%mul_ln16_62 = mul i16 %sext_ln16_37, i16 %sext_ln16_17" [matrix_mult.cpp:16]   --->   Operation 447 'mul' 'mul_ln16_62' <Predicate = true> <Delay = 0.00> <CoreInst = "DSP48">   --->   Core 116 'DSP48' <Latency = 3> <II = 1> <Delay = 1.82> <IPBlock> <Opcode : '' 'add' 'sub' 'mul' 'select'> <InPorts = 0> <OutPorts = 1> <Sync> <CReg>
ST_12 : Operation 448 [2/2] (1.78ns) (root node of the DSP)   --->   "%add_ln16_50 = add i16 %add_ln16_49, i16 %mul_ln16_62" [matrix_mult.cpp:16]   --->   Operation 448 'add' 'add_ln16_50' <Predicate = true> <Delay = 1.78> <CoreInst = "DSP48">   --->   Core 116 'DSP48' <Latency = 3> <II = 1> <Delay = 1.82> <IPBlock> <Opcode : '' 'add' 'sub' 'mul' 'select'> <InPorts = 0> <OutPorts = 1> <Sync> <CReg>
ST_12 : Operation 449 [2/3] (1.09ns) (grouped into DSP with root node add_ln16_52)   --->   "%mul_ln16_65 = mul i16 %sext_ln16_35, i16 %sext_ln16_20" [matrix_mult.cpp:16]   --->   Operation 449 'mul' 'mul_ln16_65' <Predicate = true> <Delay = 1.09> <CoreInst = "DSP48">   --->   Core 116 'DSP48' <Latency = 3> <II = 1> <Delay = 1.82> <IPBlock> <Opcode : '' 'add' 'sub' 'mul' 'select'> <InPorts = 0> <OutPorts = 1> <Sync> <CReg>
ST_12 : Operation 450 [1/1] (3.29ns)   --->   "%mul_ln16_66 = mul i16 %sext_ln16_36, i16 %sext_ln16_21" [matrix_mult.cpp:16]   --->   Operation 450 'mul' 'mul_ln16_66' <Predicate = true> <Delay = 3.29> <CoreInst = "Multiplier">   --->   Core 3 'Multiplier' <Latency = 0> <II = 1> <Delay = 3.29> <FuncUnit> <Opcode : 'mul'> <InPorts = 2> <OutPorts = 1>
ST_12 : Operation 451 [1/3] (0.00ns) (grouped into DSP with root node add_ln16_54)   --->   "%mul_ln16_67 = mul i16 %sext_ln16_37, i16 %sext_ln16_22" [matrix_mult.cpp:16]   --->   Operation 451 'mul' 'mul_ln16_67' <Predicate = true> <Delay = 0.00> <CoreInst = "DSP48">   --->   Core 116 'DSP48' <Latency = 3> <II = 1> <Delay = 1.82> <IPBlock> <Opcode : '' 'add' 'sub' 'mul' 'select'> <InPorts = 0> <OutPorts = 1> <Sync> <CReg>
ST_12 : Operation 452 [2/2] (1.78ns) (root node of the DSP)   --->   "%add_ln16_54 = add i16 %add_ln16_53, i16 %mul_ln16_67" [matrix_mult.cpp:16]   --->   Operation 452 'add' 'add_ln16_54' <Predicate = true> <Delay = 1.78> <CoreInst = "DSP48">   --->   Core 116 'DSP48' <Latency = 3> <II = 1> <Delay = 1.82> <IPBlock> <Opcode : '' 'add' 'sub' 'mul' 'select'> <InPorts = 0> <OutPorts = 1> <Sync> <CReg>
ST_12 : Operation 453 [2/3] (1.09ns) (grouped into DSP with root node add_ln16_56)   --->   "%mul_ln16_70 = mul i16 %sext_ln16_35, i16 %sext_ln16_25" [matrix_mult.cpp:16]   --->   Operation 453 'mul' 'mul_ln16_70' <Predicate = true> <Delay = 1.09> <CoreInst = "DSP48">   --->   Core 116 'DSP48' <Latency = 3> <II = 1> <Delay = 1.82> <IPBlock> <Opcode : '' 'add' 'sub' 'mul' 'select'> <InPorts = 0> <OutPorts = 1> <Sync> <CReg>
ST_12 : Operation 454 [1/1] (3.29ns)   --->   "%mul_ln16_71 = mul i16 %sext_ln16_36, i16 %sext_ln16_26" [matrix_mult.cpp:16]   --->   Operation 454 'mul' 'mul_ln16_71' <Predicate = true> <Delay = 3.29> <CoreInst = "Multiplier">   --->   Core 3 'Multiplier' <Latency = 0> <II = 1> <Delay = 3.29> <FuncUnit> <Opcode : 'mul'> <InPorts = 2> <OutPorts = 1>
ST_12 : Operation 455 [2/3] (1.09ns) (grouped into DSP with root node add_ln16_58)   --->   "%mul_ln16_72 = mul i16 %sext_ln16_37, i16 %sext_ln16_27" [matrix_mult.cpp:16]   --->   Operation 455 'mul' 'mul_ln16_72' <Predicate = true> <Delay = 1.09> <CoreInst = "DSP48">   --->   Core 116 'DSP48' <Latency = 3> <II = 1> <Delay = 1.82> <IPBlock> <Opcode : '' 'add' 'sub' 'mul' 'select'> <InPorts = 0> <OutPorts = 1> <Sync> <CReg>
ST_12 : Operation 456 [1/1] (0.00ns)   --->   "%sext_ln16_40 = sext i8 %trunc_ln16_8" [matrix_mult.cpp:16]   --->   Operation 456 'sext' 'sext_ln16_40' <Predicate = true> <Delay = 0.00>
ST_12 : Operation 457 [3/3] (1.09ns) (grouped into DSP with root node add_ln16_60)   --->   "%mul_ln16_75 = mul i16 %sext_ln16_40, i16 %sext_ln16_1" [matrix_mult.cpp:16]   --->   Operation 457 'mul' 'mul_ln16_75' <Predicate = true> <Delay = 1.09> <CoreInst = "DSP48">   --->   Core 116 'DSP48' <Latency = 3> <II = 1> <Delay = 1.82> <IPBlock> <Opcode : '' 'add' 'sub' 'mul' 'select'> <InPorts = 0> <OutPorts = 1> <Sync> <CReg>
ST_12 : Operation 458 [2/3] (1.09ns) (grouped into DSP with root node add_ln16_62)   --->   "%mul_ln16_77 = mul i16 %sext_ln16_42, i16 %sext_ln16_5" [matrix_mult.cpp:16]   --->   Operation 458 'mul' 'mul_ln16_77' <Predicate = true> <Delay = 1.09> <CoreInst = "DSP48">   --->   Core 116 'DSP48' <Latency = 3> <II = 1> <Delay = 1.82> <IPBlock> <Opcode : '' 'add' 'sub' 'mul' 'select'> <InPorts = 0> <OutPorts = 1> <Sync> <CReg>
ST_12 : Operation 459 [3/3] (1.09ns) (grouped into DSP with root node add_ln16_64)   --->   "%mul_ln16_80 = mul i16 %sext_ln16_40, i16 %sext_ln16_10" [matrix_mult.cpp:16]   --->   Operation 459 'mul' 'mul_ln16_80' <Predicate = true> <Delay = 1.09> <CoreInst = "DSP48">   --->   Core 116 'DSP48' <Latency = 3> <II = 1> <Delay = 1.82> <IPBlock> <Opcode : '' 'add' 'sub' 'mul' 'select'> <InPorts = 0> <OutPorts = 1> <Sync> <CReg>
ST_12 : Operation 460 [3/3] (1.09ns) (grouped into DSP with root node add_ln16_66)   --->   "%mul_ln16_82 = mul i16 %sext_ln16_42, i16 %sext_ln16_12" [matrix_mult.cpp:16]   --->   Operation 460 'mul' 'mul_ln16_82' <Predicate = true> <Delay = 1.09> <CoreInst = "DSP48">   --->   Core 116 'DSP48' <Latency = 3> <II = 1> <Delay = 1.82> <IPBlock> <Opcode : '' 'add' 'sub' 'mul' 'select'> <InPorts = 0> <OutPorts = 1> <Sync> <CReg>
ST_12 : Operation 461 [3/3] (1.09ns) (grouped into DSP with root node add_ln16_68)   --->   "%mul_ln16_85 = mul i16 %sext_ln16_40, i16 %sext_ln16_15" [matrix_mult.cpp:16]   --->   Operation 461 'mul' 'mul_ln16_85' <Predicate = true> <Delay = 1.09> <CoreInst = "DSP48">   --->   Core 116 'DSP48' <Latency = 3> <II = 1> <Delay = 1.82> <IPBlock> <Opcode : '' 'add' 'sub' 'mul' 'select'> <InPorts = 0> <OutPorts = 1> <Sync> <CReg>
ST_12 : Operation 462 [3/3] (1.09ns) (grouped into DSP with root node add_ln16_70)   --->   "%mul_ln16_87 = mul i16 %sext_ln16_42, i16 %sext_ln16_17" [matrix_mult.cpp:16]   --->   Operation 462 'mul' 'mul_ln16_87' <Predicate = true> <Delay = 1.09> <CoreInst = "DSP48">   --->   Core 116 'DSP48' <Latency = 3> <II = 1> <Delay = 1.82> <IPBlock> <Opcode : '' 'add' 'sub' 'mul' 'select'> <InPorts = 0> <OutPorts = 1> <Sync> <CReg>
ST_12 : Operation 463 [3/3] (1.09ns) (grouped into DSP with root node add_ln16_72)   --->   "%mul_ln16_90 = mul i16 %sext_ln16_40, i16 %sext_ln16_20" [matrix_mult.cpp:16]   --->   Operation 463 'mul' 'mul_ln16_90' <Predicate = true> <Delay = 1.09> <CoreInst = "DSP48">   --->   Core 116 'DSP48' <Latency = 3> <II = 1> <Delay = 1.82> <IPBlock> <Opcode : '' 'add' 'sub' 'mul' 'select'> <InPorts = 0> <OutPorts = 1> <Sync> <CReg>

State 13 <SV = 12> <Delay = 3.29>
ST_13 : Operation 464 [1/1] (0.00ns)   --->   "%prod_addr_2 = getelementptr i16 %prod, i64 0, i64 2" [matrix_mult.cpp:16]   --->   Operation 464 'getelementptr' 'prod_addr_2' <Predicate = true> <Delay = 0.00>
ST_13 : Operation 465 [1/1] (0.00ns)   --->   "%prod_addr_3 = getelementptr i16 %prod, i64 0, i64 3" [matrix_mult.cpp:16]   --->   Operation 465 'getelementptr' 'prod_addr_3' <Predicate = true> <Delay = 0.00>
ST_13 : Operation 466 [1/1] (1.42ns)   --->   "%store_ln16 = store i16 %add_ln16_11, i5 %prod_addr_2" [matrix_mult.cpp:16]   --->   Operation 466 'store' 'store_ln16' <Predicate = true> <Delay = 1.42> <CoreInst = "RAM">   --->   Core 81 'RAM' <Latency = 1> <II = 1> <Delay = 1.42> <Storage> <Opcode : 'load' 'store'> <Ports = 2> <Width = 16> <Depth = 25> <RAM>
ST_13 : Operation 467 [1/1] (1.42ns)   --->   "%store_ln16 = store i16 %add_ln16_15, i5 %prod_addr_3" [matrix_mult.cpp:16]   --->   Operation 467 'store' 'store_ln16' <Predicate = true> <Delay = 1.42> <CoreInst = "RAM">   --->   Core 81 'RAM' <Latency = 1> <II = 1> <Delay = 1.42> <Storage> <Opcode : 'load' 'store'> <Ports = 2> <Width = 16> <Depth = 25> <RAM>
ST_13 : Operation 468 [1/2] (1.78ns) (root node of the DSP)   --->   "%add_ln16_28 = add i16 %mul_ln16_36, i16 %mul_ln16_35" [matrix_mult.cpp:16]   --->   Operation 468 'add' 'add_ln16_28' <Predicate = true> <Delay = 1.78> <CoreInst = "DSP48">   --->   Core 116 'DSP48' <Latency = 3> <II = 1> <Delay = 1.82> <IPBlock> <Opcode : '' 'add' 'sub' 'mul' 'select'> <InPorts = 0> <OutPorts = 1> <Sync> <CReg>
ST_13 : Operation 469 [1/1] (1.48ns)   --->   "%add_ln16_31 = add i16 %add_ln16_30, i16 %add_ln16_28" [matrix_mult.cpp:16]   --->   Operation 469 'add' 'add_ln16_31' <Predicate = true> <Delay = 1.48> <CoreInst = "Adder">   --->   Core 1 'Adder' <Latency = 0> <II = 1> <Delay = 1.48> <FuncUnit> <Opcode : 'add' 'sub'> <InPorts = 2> <OutPorts = 1>
ST_13 : Operation 470 [1/2] (1.78ns) (root node of the DSP)   --->   "%add_ln16_32 = add i16 %mul_ln16_41, i16 %mul_ln16_40" [matrix_mult.cpp:16]   --->   Operation 470 'add' 'add_ln16_32' <Predicate = true> <Delay = 1.78> <CoreInst = "DSP48">   --->   Core 116 'DSP48' <Latency = 3> <II = 1> <Delay = 1.82> <IPBlock> <Opcode : '' 'add' 'sub' 'mul' 'select'> <InPorts = 0> <OutPorts = 1> <Sync> <CReg>
ST_13 : Operation 471 [1/1] (1.48ns)   --->   "%add_ln16_35 = add i16 %add_ln16_34, i16 %add_ln16_32" [matrix_mult.cpp:16]   --->   Operation 471 'add' 'add_ln16_35' <Predicate = true> <Delay = 1.48> <CoreInst = "Adder">   --->   Core 1 'Adder' <Latency = 0> <II = 1> <Delay = 1.48> <FuncUnit> <Opcode : 'add' 'sub'> <InPorts = 2> <OutPorts = 1>
ST_13 : Operation 472 [1/2] (1.78ns) (root node of the DSP)   --->   "%add_ln16_36 = add i16 %mul_ln16_46, i16 %mul_ln16_45" [matrix_mult.cpp:16]   --->   Operation 472 'add' 'add_ln16_36' <Predicate = true> <Delay = 1.78> <CoreInst = "DSP48">   --->   Core 116 'DSP48' <Latency = 3> <II = 1> <Delay = 1.82> <IPBlock> <Opcode : '' 'add' 'sub' 'mul' 'select'> <InPorts = 0> <OutPorts = 1> <Sync> <CReg>
ST_13 : Operation 473 [1/1] (1.48ns)   --->   "%add_ln16_39 = add i16 %add_ln16_38, i16 %add_ln16_36" [matrix_mult.cpp:16]   --->   Operation 473 'add' 'add_ln16_39' <Predicate = true> <Delay = 1.48> <CoreInst = "Adder">   --->   Core 1 'Adder' <Latency = 0> <II = 1> <Delay = 1.48> <FuncUnit> <Opcode : 'add' 'sub'> <InPorts = 2> <OutPorts = 1>
ST_13 : Operation 474 [1/2] (1.78ns) (root node of the DSP)   --->   "%add_ln16_40 = add i16 %mul_ln16_51, i16 %mul_ln16_50" [matrix_mult.cpp:16]   --->   Operation 474 'add' 'add_ln16_40' <Predicate = true> <Delay = 1.78> <CoreInst = "DSP48">   --->   Core 116 'DSP48' <Latency = 3> <II = 1> <Delay = 1.82> <IPBlock> <Opcode : '' 'add' 'sub' 'mul' 'select'> <InPorts = 0> <OutPorts = 1> <Sync> <CReg>
ST_13 : Operation 475 [1/1] (1.48ns)   --->   "%add_ln16_43 = add i16 %add_ln16_42, i16 %add_ln16_40" [matrix_mult.cpp:16]   --->   Operation 475 'add' 'add_ln16_43' <Predicate = true> <Delay = 1.48> <CoreInst = "Adder">   --->   Core 1 'Adder' <Latency = 0> <II = 1> <Delay = 1.48> <FuncUnit> <Opcode : 'add' 'sub'> <InPorts = 2> <OutPorts = 1>
ST_13 : Operation 476 [1/3] (0.00ns) (grouped into DSP with root node add_ln16_44)   --->   "%mul_ln16_55 = mul i16 %sext_ln16_35, i16 %sext_ln16_10" [matrix_mult.cpp:16]   --->   Operation 476 'mul' 'mul_ln16_55' <Predicate = true> <Delay = 0.00> <CoreInst = "DSP48">   --->   Core 116 'DSP48' <Latency = 3> <II = 1> <Delay = 1.82> <IPBlock> <Opcode : '' 'add' 'sub' 'mul' 'select'> <InPorts = 0> <OutPorts = 1> <Sync> <CReg>
ST_13 : Operation 477 [2/2] (1.78ns) (root node of the DSP)   --->   "%add_ln16_44 = add i16 %mul_ln16_56, i16 %mul_ln16_55" [matrix_mult.cpp:16]   --->   Operation 477 'add' 'add_ln16_44' <Predicate = true> <Delay = 1.78> <CoreInst = "DSP48">   --->   Core 116 'DSP48' <Latency = 3> <II = 1> <Delay = 1.82> <IPBlock> <Opcode : '' 'add' 'sub' 'mul' 'select'> <InPorts = 0> <OutPorts = 1> <Sync> <CReg>
ST_13 : Operation 478 [1/3] (0.00ns) (grouped into DSP with root node add_ln16_48)   --->   "%mul_ln16_60 = mul i16 %sext_ln16_35, i16 %sext_ln16_15" [matrix_mult.cpp:16]   --->   Operation 478 'mul' 'mul_ln16_60' <Predicate = true> <Delay = 0.00> <CoreInst = "DSP48">   --->   Core 116 'DSP48' <Latency = 3> <II = 1> <Delay = 1.82> <IPBlock> <Opcode : '' 'add' 'sub' 'mul' 'select'> <InPorts = 0> <OutPorts = 1> <Sync> <CReg>
ST_13 : Operation 479 [2/2] (1.78ns) (root node of the DSP)   --->   "%add_ln16_48 = add i16 %mul_ln16_61, i16 %mul_ln16_60" [matrix_mult.cpp:16]   --->   Operation 479 'add' 'add_ln16_48' <Predicate = true> <Delay = 1.78> <CoreInst = "DSP48">   --->   Core 116 'DSP48' <Latency = 3> <II = 1> <Delay = 1.82> <IPBlock> <Opcode : '' 'add' 'sub' 'mul' 'select'> <InPorts = 0> <OutPorts = 1> <Sync> <CReg>
ST_13 : Operation 480 [1/2] (1.78ns) (root node of the DSP)   --->   "%add_ln16_50 = add i16 %add_ln16_49, i16 %mul_ln16_62" [matrix_mult.cpp:16]   --->   Operation 480 'add' 'add_ln16_50' <Predicate = true> <Delay = 1.78> <CoreInst = "DSP48">   --->   Core 116 'DSP48' <Latency = 3> <II = 1> <Delay = 1.82> <IPBlock> <Opcode : '' 'add' 'sub' 'mul' 'select'> <InPorts = 0> <OutPorts = 1> <Sync> <CReg>
ST_13 : Operation 481 [1/3] (0.00ns) (grouped into DSP with root node add_ln16_52)   --->   "%mul_ln16_65 = mul i16 %sext_ln16_35, i16 %sext_ln16_20" [matrix_mult.cpp:16]   --->   Operation 481 'mul' 'mul_ln16_65' <Predicate = true> <Delay = 0.00> <CoreInst = "DSP48">   --->   Core 116 'DSP48' <Latency = 3> <II = 1> <Delay = 1.82> <IPBlock> <Opcode : '' 'add' 'sub' 'mul' 'select'> <InPorts = 0> <OutPorts = 1> <Sync> <CReg>
ST_13 : Operation 482 [2/2] (1.78ns) (root node of the DSP)   --->   "%add_ln16_52 = add i16 %mul_ln16_66, i16 %mul_ln16_65" [matrix_mult.cpp:16]   --->   Operation 482 'add' 'add_ln16_52' <Predicate = true> <Delay = 1.78> <CoreInst = "DSP48">   --->   Core 116 'DSP48' <Latency = 3> <II = 1> <Delay = 1.82> <IPBlock> <Opcode : '' 'add' 'sub' 'mul' 'select'> <InPorts = 0> <OutPorts = 1> <Sync> <CReg>
ST_13 : Operation 483 [1/2] (1.78ns) (root node of the DSP)   --->   "%add_ln16_54 = add i16 %add_ln16_53, i16 %mul_ln16_67" [matrix_mult.cpp:16]   --->   Operation 483 'add' 'add_ln16_54' <Predicate = true> <Delay = 1.78> <CoreInst = "DSP48">   --->   Core 116 'DSP48' <Latency = 3> <II = 1> <Delay = 1.82> <IPBlock> <Opcode : '' 'add' 'sub' 'mul' 'select'> <InPorts = 0> <OutPorts = 1> <Sync> <CReg>
ST_13 : Operation 484 [1/3] (0.00ns) (grouped into DSP with root node add_ln16_56)   --->   "%mul_ln16_70 = mul i16 %sext_ln16_35, i16 %sext_ln16_25" [matrix_mult.cpp:16]   --->   Operation 484 'mul' 'mul_ln16_70' <Predicate = true> <Delay = 0.00> <CoreInst = "DSP48">   --->   Core 116 'DSP48' <Latency = 3> <II = 1> <Delay = 1.82> <IPBlock> <Opcode : '' 'add' 'sub' 'mul' 'select'> <InPorts = 0> <OutPorts = 1> <Sync> <CReg>
ST_13 : Operation 485 [1/3] (0.00ns) (grouped into DSP with root node add_ln16_58)   --->   "%mul_ln16_72 = mul i16 %sext_ln16_37, i16 %sext_ln16_27" [matrix_mult.cpp:16]   --->   Operation 485 'mul' 'mul_ln16_72' <Predicate = true> <Delay = 0.00> <CoreInst = "DSP48">   --->   Core 116 'DSP48' <Latency = 3> <II = 1> <Delay = 1.82> <IPBlock> <Opcode : '' 'add' 'sub' 'mul' 'select'> <InPorts = 0> <OutPorts = 1> <Sync> <CReg>
ST_13 : Operation 486 [2/2] (1.78ns) (root node of the DSP)   --->   "%add_ln16_56 = add i16 %mul_ln16_71, i16 %mul_ln16_70" [matrix_mult.cpp:16]   --->   Operation 486 'add' 'add_ln16_56' <Predicate = true> <Delay = 1.78> <CoreInst = "DSP48">   --->   Core 116 'DSP48' <Latency = 3> <II = 1> <Delay = 1.82> <IPBlock> <Opcode : '' 'add' 'sub' 'mul' 'select'> <InPorts = 0> <OutPorts = 1> <Sync> <CReg>
ST_13 : Operation 487 [2/2] (1.78ns) (root node of the DSP)   --->   "%add_ln16_58 = add i16 %add_ln16_57, i16 %mul_ln16_72" [matrix_mult.cpp:16]   --->   Operation 487 'add' 'add_ln16_58' <Predicate = true> <Delay = 1.78> <CoreInst = "DSP48">   --->   Core 116 'DSP48' <Latency = 3> <II = 1> <Delay = 1.82> <IPBlock> <Opcode : '' 'add' 'sub' 'mul' 'select'> <InPorts = 0> <OutPorts = 1> <Sync> <CReg>
ST_13 : Operation 488 [2/3] (1.09ns) (grouped into DSP with root node add_ln16_60)   --->   "%mul_ln16_75 = mul i16 %sext_ln16_40, i16 %sext_ln16_1" [matrix_mult.cpp:16]   --->   Operation 488 'mul' 'mul_ln16_75' <Predicate = true> <Delay = 1.09> <CoreInst = "DSP48">   --->   Core 116 'DSP48' <Latency = 3> <II = 1> <Delay = 1.82> <IPBlock> <Opcode : '' 'add' 'sub' 'mul' 'select'> <InPorts = 0> <OutPorts = 1> <Sync> <CReg>
ST_13 : Operation 489 [1/1] (0.00ns)   --->   "%sext_ln16_41 = sext i8 %tmp_31" [matrix_mult.cpp:16]   --->   Operation 489 'sext' 'sext_ln16_41' <Predicate = true> <Delay = 0.00>
ST_13 : Operation 490 [1/1] (3.29ns)   --->   "%mul_ln16_76 = mul i16 %sext_ln16_41, i16 %sext_ln16_3" [matrix_mult.cpp:16]   --->   Operation 490 'mul' 'mul_ln16_76' <Predicate = true> <Delay = 3.29> <CoreInst = "Multiplier">   --->   Core 3 'Multiplier' <Latency = 0> <II = 1> <Delay = 3.29> <FuncUnit> <Opcode : 'mul'> <InPorts = 2> <OutPorts = 1>
ST_13 : Operation 491 [1/3] (0.00ns) (grouped into DSP with root node add_ln16_62)   --->   "%mul_ln16_77 = mul i16 %sext_ln16_42, i16 %sext_ln16_5" [matrix_mult.cpp:16]   --->   Operation 491 'mul' 'mul_ln16_77' <Predicate = true> <Delay = 0.00> <CoreInst = "DSP48">   --->   Core 116 'DSP48' <Latency = 3> <II = 1> <Delay = 1.82> <IPBlock> <Opcode : '' 'add' 'sub' 'mul' 'select'> <InPorts = 0> <OutPorts = 1> <Sync> <CReg>
ST_13 : Operation 492 [2/2] (1.78ns) (root node of the DSP)   --->   "%add_ln16_62 = add i16 %add_ln16_61, i16 %mul_ln16_77" [matrix_mult.cpp:16]   --->   Operation 492 'add' 'add_ln16_62' <Predicate = true> <Delay = 1.78> <CoreInst = "DSP48">   --->   Core 116 'DSP48' <Latency = 3> <II = 1> <Delay = 1.82> <IPBlock> <Opcode : '' 'add' 'sub' 'mul' 'select'> <InPorts = 0> <OutPorts = 1> <Sync> <CReg>
ST_13 : Operation 493 [2/3] (1.09ns) (grouped into DSP with root node add_ln16_64)   --->   "%mul_ln16_80 = mul i16 %sext_ln16_40, i16 %sext_ln16_10" [matrix_mult.cpp:16]   --->   Operation 493 'mul' 'mul_ln16_80' <Predicate = true> <Delay = 1.09> <CoreInst = "DSP48">   --->   Core 116 'DSP48' <Latency = 3> <II = 1> <Delay = 1.82> <IPBlock> <Opcode : '' 'add' 'sub' 'mul' 'select'> <InPorts = 0> <OutPorts = 1> <Sync> <CReg>
ST_13 : Operation 494 [1/1] (3.29ns)   --->   "%mul_ln16_81 = mul i16 %sext_ln16_41, i16 %sext_ln16_11" [matrix_mult.cpp:16]   --->   Operation 494 'mul' 'mul_ln16_81' <Predicate = true> <Delay = 3.29> <CoreInst = "Multiplier">   --->   Core 3 'Multiplier' <Latency = 0> <II = 1> <Delay = 3.29> <FuncUnit> <Opcode : 'mul'> <InPorts = 2> <OutPorts = 1>
ST_13 : Operation 495 [2/3] (1.09ns) (grouped into DSP with root node add_ln16_66)   --->   "%mul_ln16_82 = mul i16 %sext_ln16_42, i16 %sext_ln16_12" [matrix_mult.cpp:16]   --->   Operation 495 'mul' 'mul_ln16_82' <Predicate = true> <Delay = 1.09> <CoreInst = "DSP48">   --->   Core 116 'DSP48' <Latency = 3> <II = 1> <Delay = 1.82> <IPBlock> <Opcode : '' 'add' 'sub' 'mul' 'select'> <InPorts = 0> <OutPorts = 1> <Sync> <CReg>
ST_13 : Operation 496 [2/3] (1.09ns) (grouped into DSP with root node add_ln16_68)   --->   "%mul_ln16_85 = mul i16 %sext_ln16_40, i16 %sext_ln16_15" [matrix_mult.cpp:16]   --->   Operation 496 'mul' 'mul_ln16_85' <Predicate = true> <Delay = 1.09> <CoreInst = "DSP48">   --->   Core 116 'DSP48' <Latency = 3> <II = 1> <Delay = 1.82> <IPBlock> <Opcode : '' 'add' 'sub' 'mul' 'select'> <InPorts = 0> <OutPorts = 1> <Sync> <CReg>
ST_13 : Operation 497 [1/1] (3.29ns)   --->   "%mul_ln16_86 = mul i16 %sext_ln16_41, i16 %sext_ln16_16" [matrix_mult.cpp:16]   --->   Operation 497 'mul' 'mul_ln16_86' <Predicate = true> <Delay = 3.29> <CoreInst = "Multiplier">   --->   Core 3 'Multiplier' <Latency = 0> <II = 1> <Delay = 3.29> <FuncUnit> <Opcode : 'mul'> <InPorts = 2> <OutPorts = 1>
ST_13 : Operation 498 [2/3] (1.09ns) (grouped into DSP with root node add_ln16_70)   --->   "%mul_ln16_87 = mul i16 %sext_ln16_42, i16 %sext_ln16_17" [matrix_mult.cpp:16]   --->   Operation 498 'mul' 'mul_ln16_87' <Predicate = true> <Delay = 1.09> <CoreInst = "DSP48">   --->   Core 116 'DSP48' <Latency = 3> <II = 1> <Delay = 1.82> <IPBlock> <Opcode : '' 'add' 'sub' 'mul' 'select'> <InPorts = 0> <OutPorts = 1> <Sync> <CReg>
ST_13 : Operation 499 [2/3] (1.09ns) (grouped into DSP with root node add_ln16_72)   --->   "%mul_ln16_90 = mul i16 %sext_ln16_40, i16 %sext_ln16_20" [matrix_mult.cpp:16]   --->   Operation 499 'mul' 'mul_ln16_90' <Predicate = true> <Delay = 1.09> <CoreInst = "DSP48">   --->   Core 116 'DSP48' <Latency = 3> <II = 1> <Delay = 1.82> <IPBlock> <Opcode : '' 'add' 'sub' 'mul' 'select'> <InPorts = 0> <OutPorts = 1> <Sync> <CReg>
ST_13 : Operation 500 [1/1] (3.29ns)   --->   "%mul_ln16_91 = mul i16 %sext_ln16_41, i16 %sext_ln16_21" [matrix_mult.cpp:16]   --->   Operation 500 'mul' 'mul_ln16_91' <Predicate = true> <Delay = 3.29> <CoreInst = "Multiplier">   --->   Core 3 'Multiplier' <Latency = 0> <II = 1> <Delay = 3.29> <FuncUnit> <Opcode : 'mul'> <InPorts = 2> <OutPorts = 1>
ST_13 : Operation 501 [3/3] (1.09ns) (grouped into DSP with root node add_ln16_74)   --->   "%mul_ln16_92 = mul i16 %sext_ln16_42, i16 %sext_ln16_22" [matrix_mult.cpp:16]   --->   Operation 501 'mul' 'mul_ln16_92' <Predicate = true> <Delay = 1.09> <CoreInst = "DSP48">   --->   Core 116 'DSP48' <Latency = 3> <II = 1> <Delay = 1.82> <IPBlock> <Opcode : '' 'add' 'sub' 'mul' 'select'> <InPorts = 0> <OutPorts = 1> <Sync> <CReg>
ST_13 : Operation 502 [3/3] (1.09ns) (grouped into DSP with root node add_ln16_76)   --->   "%mul_ln16_95 = mul i16 %sext_ln16_40, i16 %sext_ln16_25" [matrix_mult.cpp:16]   --->   Operation 502 'mul' 'mul_ln16_95' <Predicate = true> <Delay = 1.09> <CoreInst = "DSP48">   --->   Core 116 'DSP48' <Latency = 3> <II = 1> <Delay = 1.82> <IPBlock> <Opcode : '' 'add' 'sub' 'mul' 'select'> <InPorts = 0> <OutPorts = 1> <Sync> <CReg>
ST_13 : Operation 503 [3/3] (1.09ns) (grouped into DSP with root node add_ln16_78)   --->   "%mul_ln16_97 = mul i16 %sext_ln16_42, i16 %sext_ln16_27" [matrix_mult.cpp:16]   --->   Operation 503 'mul' 'mul_ln16_97' <Predicate = true> <Delay = 1.09> <CoreInst = "DSP48">   --->   Core 116 'DSP48' <Latency = 3> <II = 1> <Delay = 1.82> <IPBlock> <Opcode : '' 'add' 'sub' 'mul' 'select'> <InPorts = 0> <OutPorts = 1> <Sync> <CReg>
ST_13 : Operation 504 [1/1] (0.00ns)   --->   "%sext_ln16_45 = sext i8 %trunc_ln16_9" [matrix_mult.cpp:16]   --->   Operation 504 'sext' 'sext_ln16_45' <Predicate = true> <Delay = 0.00>
ST_13 : Operation 505 [3/3] (1.09ns) (grouped into DSP with root node add_ln16_80)   --->   "%mul_ln16_100 = mul i16 %sext_ln16_45, i16 %sext_ln16_1" [matrix_mult.cpp:16]   --->   Operation 505 'mul' 'mul_ln16_100' <Predicate = true> <Delay = 1.09> <CoreInst = "DSP48">   --->   Core 116 'DSP48' <Latency = 3> <II = 1> <Delay = 1.82> <IPBlock> <Opcode : '' 'add' 'sub' 'mul' 'select'> <InPorts = 0> <OutPorts = 1> <Sync> <CReg>
ST_13 : Operation 506 [3/3] (1.09ns) (grouped into DSP with root node add_ln16_84)   --->   "%mul_ln16_105 = mul i16 %sext_ln16_45, i16 %sext_ln16_10" [matrix_mult.cpp:16]   --->   Operation 506 'mul' 'mul_ln16_105' <Predicate = true> <Delay = 1.09> <CoreInst = "DSP48">   --->   Core 116 'DSP48' <Latency = 3> <II = 1> <Delay = 1.82> <IPBlock> <Opcode : '' 'add' 'sub' 'mul' 'select'> <InPorts = 0> <OutPorts = 1> <Sync> <CReg>
ST_13 : Operation 507 [3/3] (1.09ns) (grouped into DSP with root node add_ln16_88)   --->   "%mul_ln16_110 = mul i16 %sext_ln16_45, i16 %sext_ln16_15" [matrix_mult.cpp:16]   --->   Operation 507 'mul' 'mul_ln16_110' <Predicate = true> <Delay = 1.09> <CoreInst = "DSP48">   --->   Core 116 'DSP48' <Latency = 3> <II = 1> <Delay = 1.82> <IPBlock> <Opcode : '' 'add' 'sub' 'mul' 'select'> <InPorts = 0> <OutPorts = 1> <Sync> <CReg>

State 14 <SV = 13> <Delay = 3.29>
ST_14 : Operation 508 [1/1] (0.00ns)   --->   "%prod_addr_4 = getelementptr i16 %prod, i64 0, i64 4" [matrix_mult.cpp:16]   --->   Operation 508 'getelementptr' 'prod_addr_4' <Predicate = true> <Delay = 0.00>
ST_14 : Operation 509 [1/1] (0.00ns)   --->   "%prod_addr_5 = getelementptr i16 %prod, i64 0, i64 5" [matrix_mult.cpp:16]   --->   Operation 509 'getelementptr' 'prod_addr_5' <Predicate = true> <Delay = 0.00>
ST_14 : Operation 510 [1/1] (1.42ns)   --->   "%store_ln16 = store i16 %add_ln16_19, i5 %prod_addr_4" [matrix_mult.cpp:16]   --->   Operation 510 'store' 'store_ln16' <Predicate = true> <Delay = 1.42> <CoreInst = "RAM">   --->   Core 81 'RAM' <Latency = 1> <II = 1> <Delay = 1.42> <Storage> <Opcode : 'load' 'store'> <Ports = 2> <Width = 16> <Depth = 25> <RAM>
ST_14 : Operation 511 [1/1] (1.42ns)   --->   "%store_ln16 = store i16 %add_ln16_23, i5 %prod_addr_5" [matrix_mult.cpp:16]   --->   Operation 511 'store' 'store_ln16' <Predicate = true> <Delay = 1.42> <CoreInst = "RAM">   --->   Core 81 'RAM' <Latency = 1> <II = 1> <Delay = 1.42> <Storage> <Opcode : 'load' 'store'> <Ports = 2> <Width = 16> <Depth = 25> <RAM>
ST_14 : Operation 512 [1/2] (1.78ns) (root node of the DSP)   --->   "%add_ln16_44 = add i16 %mul_ln16_56, i16 %mul_ln16_55" [matrix_mult.cpp:16]   --->   Operation 512 'add' 'add_ln16_44' <Predicate = true> <Delay = 1.78> <CoreInst = "DSP48">   --->   Core 116 'DSP48' <Latency = 3> <II = 1> <Delay = 1.82> <IPBlock> <Opcode : '' 'add' 'sub' 'mul' 'select'> <InPorts = 0> <OutPorts = 1> <Sync> <CReg>
ST_14 : Operation 513 [1/1] (1.48ns)   --->   "%add_ln16_47 = add i16 %add_ln16_46, i16 %add_ln16_44" [matrix_mult.cpp:16]   --->   Operation 513 'add' 'add_ln16_47' <Predicate = true> <Delay = 1.48> <CoreInst = "Adder">   --->   Core 1 'Adder' <Latency = 0> <II = 1> <Delay = 1.48> <FuncUnit> <Opcode : 'add' 'sub'> <InPorts = 2> <OutPorts = 1>
ST_14 : Operation 514 [1/2] (1.78ns) (root node of the DSP)   --->   "%add_ln16_48 = add i16 %mul_ln16_61, i16 %mul_ln16_60" [matrix_mult.cpp:16]   --->   Operation 514 'add' 'add_ln16_48' <Predicate = true> <Delay = 1.78> <CoreInst = "DSP48">   --->   Core 116 'DSP48' <Latency = 3> <II = 1> <Delay = 1.82> <IPBlock> <Opcode : '' 'add' 'sub' 'mul' 'select'> <InPorts = 0> <OutPorts = 1> <Sync> <CReg>
ST_14 : Operation 515 [1/1] (1.48ns)   --->   "%add_ln16_51 = add i16 %add_ln16_50, i16 %add_ln16_48" [matrix_mult.cpp:16]   --->   Operation 515 'add' 'add_ln16_51' <Predicate = true> <Delay = 1.48> <CoreInst = "Adder">   --->   Core 1 'Adder' <Latency = 0> <II = 1> <Delay = 1.48> <FuncUnit> <Opcode : 'add' 'sub'> <InPorts = 2> <OutPorts = 1>
ST_14 : Operation 516 [1/2] (1.78ns) (root node of the DSP)   --->   "%add_ln16_52 = add i16 %mul_ln16_66, i16 %mul_ln16_65" [matrix_mult.cpp:16]   --->   Operation 516 'add' 'add_ln16_52' <Predicate = true> <Delay = 1.78> <CoreInst = "DSP48">   --->   Core 116 'DSP48' <Latency = 3> <II = 1> <Delay = 1.82> <IPBlock> <Opcode : '' 'add' 'sub' 'mul' 'select'> <InPorts = 0> <OutPorts = 1> <Sync> <CReg>
ST_14 : Operation 517 [1/1] (1.48ns)   --->   "%add_ln16_55 = add i16 %add_ln16_54, i16 %add_ln16_52" [matrix_mult.cpp:16]   --->   Operation 517 'add' 'add_ln16_55' <Predicate = true> <Delay = 1.48> <CoreInst = "Adder">   --->   Core 1 'Adder' <Latency = 0> <II = 1> <Delay = 1.48> <FuncUnit> <Opcode : 'add' 'sub'> <InPorts = 2> <OutPorts = 1>
ST_14 : Operation 518 [1/2] (1.78ns) (root node of the DSP)   --->   "%add_ln16_56 = add i16 %mul_ln16_71, i16 %mul_ln16_70" [matrix_mult.cpp:16]   --->   Operation 518 'add' 'add_ln16_56' <Predicate = true> <Delay = 1.78> <CoreInst = "DSP48">   --->   Core 116 'DSP48' <Latency = 3> <II = 1> <Delay = 1.82> <IPBlock> <Opcode : '' 'add' 'sub' 'mul' 'select'> <InPorts = 0> <OutPorts = 1> <Sync> <CReg>
ST_14 : Operation 519 [1/2] (1.78ns) (root node of the DSP)   --->   "%add_ln16_58 = add i16 %add_ln16_57, i16 %mul_ln16_72" [matrix_mult.cpp:16]   --->   Operation 519 'add' 'add_ln16_58' <Predicate = true> <Delay = 1.78> <CoreInst = "DSP48">   --->   Core 116 'DSP48' <Latency = 3> <II = 1> <Delay = 1.82> <IPBlock> <Opcode : '' 'add' 'sub' 'mul' 'select'> <InPorts = 0> <OutPorts = 1> <Sync> <CReg>
ST_14 : Operation 520 [1/1] (1.48ns)   --->   "%add_ln16_59 = add i16 %add_ln16_58, i16 %add_ln16_56" [matrix_mult.cpp:16]   --->   Operation 520 'add' 'add_ln16_59' <Predicate = true> <Delay = 1.48> <CoreInst = "Adder">   --->   Core 1 'Adder' <Latency = 0> <II = 1> <Delay = 1.48> <FuncUnit> <Opcode : 'add' 'sub'> <InPorts = 2> <OutPorts = 1>
ST_14 : Operation 521 [1/3] (0.00ns) (grouped into DSP with root node add_ln16_60)   --->   "%mul_ln16_75 = mul i16 %sext_ln16_40, i16 %sext_ln16_1" [matrix_mult.cpp:16]   --->   Operation 521 'mul' 'mul_ln16_75' <Predicate = true> <Delay = 0.00> <CoreInst = "DSP48">   --->   Core 116 'DSP48' <Latency = 3> <II = 1> <Delay = 1.82> <IPBlock> <Opcode : '' 'add' 'sub' 'mul' 'select'> <InPorts = 0> <OutPorts = 1> <Sync> <CReg>
ST_14 : Operation 522 [2/2] (1.78ns) (root node of the DSP)   --->   "%add_ln16_60 = add i16 %mul_ln16_76, i16 %mul_ln16_75" [matrix_mult.cpp:16]   --->   Operation 522 'add' 'add_ln16_60' <Predicate = true> <Delay = 1.78> <CoreInst = "DSP48">   --->   Core 116 'DSP48' <Latency = 3> <II = 1> <Delay = 1.82> <IPBlock> <Opcode : '' 'add' 'sub' 'mul' 'select'> <InPorts = 0> <OutPorts = 1> <Sync> <CReg>
ST_14 : Operation 523 [1/2] (1.78ns) (root node of the DSP)   --->   "%add_ln16_62 = add i16 %add_ln16_61, i16 %mul_ln16_77" [matrix_mult.cpp:16]   --->   Operation 523 'add' 'add_ln16_62' <Predicate = true> <Delay = 1.78> <CoreInst = "DSP48">   --->   Core 116 'DSP48' <Latency = 3> <II = 1> <Delay = 1.82> <IPBlock> <Opcode : '' 'add' 'sub' 'mul' 'select'> <InPorts = 0> <OutPorts = 1> <Sync> <CReg>
ST_14 : Operation 524 [1/3] (0.00ns) (grouped into DSP with root node add_ln16_64)   --->   "%mul_ln16_80 = mul i16 %sext_ln16_40, i16 %sext_ln16_10" [matrix_mult.cpp:16]   --->   Operation 524 'mul' 'mul_ln16_80' <Predicate = true> <Delay = 0.00> <CoreInst = "DSP48">   --->   Core 116 'DSP48' <Latency = 3> <II = 1> <Delay = 1.82> <IPBlock> <Opcode : '' 'add' 'sub' 'mul' 'select'> <InPorts = 0> <OutPorts = 1> <Sync> <CReg>
ST_14 : Operation 525 [1/3] (0.00ns) (grouped into DSP with root node add_ln16_66)   --->   "%mul_ln16_82 = mul i16 %sext_ln16_42, i16 %sext_ln16_12" [matrix_mult.cpp:16]   --->   Operation 525 'mul' 'mul_ln16_82' <Predicate = true> <Delay = 0.00> <CoreInst = "DSP48">   --->   Core 116 'DSP48' <Latency = 3> <II = 1> <Delay = 1.82> <IPBlock> <Opcode : '' 'add' 'sub' 'mul' 'select'> <InPorts = 0> <OutPorts = 1> <Sync> <CReg>
ST_14 : Operation 526 [2/2] (1.78ns) (root node of the DSP)   --->   "%add_ln16_64 = add i16 %mul_ln16_81, i16 %mul_ln16_80" [matrix_mult.cpp:16]   --->   Operation 526 'add' 'add_ln16_64' <Predicate = true> <Delay = 1.78> <CoreInst = "DSP48">   --->   Core 116 'DSP48' <Latency = 3> <II = 1> <Delay = 1.82> <IPBlock> <Opcode : '' 'add' 'sub' 'mul' 'select'> <InPorts = 0> <OutPorts = 1> <Sync> <CReg>
ST_14 : Operation 527 [2/2] (1.78ns) (root node of the DSP)   --->   "%add_ln16_66 = add i16 %add_ln16_65, i16 %mul_ln16_82" [matrix_mult.cpp:16]   --->   Operation 527 'add' 'add_ln16_66' <Predicate = true> <Delay = 1.78> <CoreInst = "DSP48">   --->   Core 116 'DSP48' <Latency = 3> <II = 1> <Delay = 1.82> <IPBlock> <Opcode : '' 'add' 'sub' 'mul' 'select'> <InPorts = 0> <OutPorts = 1> <Sync> <CReg>
ST_14 : Operation 528 [1/3] (0.00ns) (grouped into DSP with root node add_ln16_68)   --->   "%mul_ln16_85 = mul i16 %sext_ln16_40, i16 %sext_ln16_15" [matrix_mult.cpp:16]   --->   Operation 528 'mul' 'mul_ln16_85' <Predicate = true> <Delay = 0.00> <CoreInst = "DSP48">   --->   Core 116 'DSP48' <Latency = 3> <II = 1> <Delay = 1.82> <IPBlock> <Opcode : '' 'add' 'sub' 'mul' 'select'> <InPorts = 0> <OutPorts = 1> <Sync> <CReg>
ST_14 : Operation 529 [1/3] (0.00ns) (grouped into DSP with root node add_ln16_70)   --->   "%mul_ln16_87 = mul i16 %sext_ln16_42, i16 %sext_ln16_17" [matrix_mult.cpp:16]   --->   Operation 529 'mul' 'mul_ln16_87' <Predicate = true> <Delay = 0.00> <CoreInst = "DSP48">   --->   Core 116 'DSP48' <Latency = 3> <II = 1> <Delay = 1.82> <IPBlock> <Opcode : '' 'add' 'sub' 'mul' 'select'> <InPorts = 0> <OutPorts = 1> <Sync> <CReg>
ST_14 : Operation 530 [2/2] (1.78ns) (root node of the DSP)   --->   "%add_ln16_68 = add i16 %mul_ln16_86, i16 %mul_ln16_85" [matrix_mult.cpp:16]   --->   Operation 530 'add' 'add_ln16_68' <Predicate = true> <Delay = 1.78> <CoreInst = "DSP48">   --->   Core 116 'DSP48' <Latency = 3> <II = 1> <Delay = 1.82> <IPBlock> <Opcode : '' 'add' 'sub' 'mul' 'select'> <InPorts = 0> <OutPorts = 1> <Sync> <CReg>
ST_14 : Operation 531 [2/2] (1.78ns) (root node of the DSP)   --->   "%add_ln16_70 = add i16 %add_ln16_69, i16 %mul_ln16_87" [matrix_mult.cpp:16]   --->   Operation 531 'add' 'add_ln16_70' <Predicate = true> <Delay = 1.78> <CoreInst = "DSP48">   --->   Core 116 'DSP48' <Latency = 3> <II = 1> <Delay = 1.82> <IPBlock> <Opcode : '' 'add' 'sub' 'mul' 'select'> <InPorts = 0> <OutPorts = 1> <Sync> <CReg>
ST_14 : Operation 532 [1/3] (0.00ns) (grouped into DSP with root node add_ln16_72)   --->   "%mul_ln16_90 = mul i16 %sext_ln16_40, i16 %sext_ln16_20" [matrix_mult.cpp:16]   --->   Operation 532 'mul' 'mul_ln16_90' <Predicate = true> <Delay = 0.00> <CoreInst = "DSP48">   --->   Core 116 'DSP48' <Latency = 3> <II = 1> <Delay = 1.82> <IPBlock> <Opcode : '' 'add' 'sub' 'mul' 'select'> <InPorts = 0> <OutPorts = 1> <Sync> <CReg>
ST_14 : Operation 533 [2/3] (1.09ns) (grouped into DSP with root node add_ln16_74)   --->   "%mul_ln16_92 = mul i16 %sext_ln16_42, i16 %sext_ln16_22" [matrix_mult.cpp:16]   --->   Operation 533 'mul' 'mul_ln16_92' <Predicate = true> <Delay = 1.09> <CoreInst = "DSP48">   --->   Core 116 'DSP48' <Latency = 3> <II = 1> <Delay = 1.82> <IPBlock> <Opcode : '' 'add' 'sub' 'mul' 'select'> <InPorts = 0> <OutPorts = 1> <Sync> <CReg>
ST_14 : Operation 534 [2/2] (1.78ns) (root node of the DSP)   --->   "%add_ln16_72 = add i16 %mul_ln16_91, i16 %mul_ln16_90" [matrix_mult.cpp:16]   --->   Operation 534 'add' 'add_ln16_72' <Predicate = true> <Delay = 1.78> <CoreInst = "DSP48">   --->   Core 116 'DSP48' <Latency = 3> <II = 1> <Delay = 1.82> <IPBlock> <Opcode : '' 'add' 'sub' 'mul' 'select'> <InPorts = 0> <OutPorts = 1> <Sync> <CReg>
ST_14 : Operation 535 [2/3] (1.09ns) (grouped into DSP with root node add_ln16_76)   --->   "%mul_ln16_95 = mul i16 %sext_ln16_40, i16 %sext_ln16_25" [matrix_mult.cpp:16]   --->   Operation 535 'mul' 'mul_ln16_95' <Predicate = true> <Delay = 1.09> <CoreInst = "DSP48">   --->   Core 116 'DSP48' <Latency = 3> <II = 1> <Delay = 1.82> <IPBlock> <Opcode : '' 'add' 'sub' 'mul' 'select'> <InPorts = 0> <OutPorts = 1> <Sync> <CReg>
ST_14 : Operation 536 [1/1] (3.29ns)   --->   "%mul_ln16_96 = mul i16 %sext_ln16_41, i16 %sext_ln16_26" [matrix_mult.cpp:16]   --->   Operation 536 'mul' 'mul_ln16_96' <Predicate = true> <Delay = 3.29> <CoreInst = "Multiplier">   --->   Core 3 'Multiplier' <Latency = 0> <II = 1> <Delay = 3.29> <FuncUnit> <Opcode : 'mul'> <InPorts = 2> <OutPorts = 1>
ST_14 : Operation 537 [2/3] (1.09ns) (grouped into DSP with root node add_ln16_78)   --->   "%mul_ln16_97 = mul i16 %sext_ln16_42, i16 %sext_ln16_27" [matrix_mult.cpp:16]   --->   Operation 537 'mul' 'mul_ln16_97' <Predicate = true> <Delay = 1.09> <CoreInst = "DSP48">   --->   Core 116 'DSP48' <Latency = 3> <II = 1> <Delay = 1.82> <IPBlock> <Opcode : '' 'add' 'sub' 'mul' 'select'> <InPorts = 0> <OutPorts = 1> <Sync> <CReg>
ST_14 : Operation 538 [2/3] (1.09ns) (grouped into DSP with root node add_ln16_80)   --->   "%mul_ln16_100 = mul i16 %sext_ln16_45, i16 %sext_ln16_1" [matrix_mult.cpp:16]   --->   Operation 538 'mul' 'mul_ln16_100' <Predicate = true> <Delay = 1.09> <CoreInst = "DSP48">   --->   Core 116 'DSP48' <Latency = 3> <II = 1> <Delay = 1.82> <IPBlock> <Opcode : '' 'add' 'sub' 'mul' 'select'> <InPorts = 0> <OutPorts = 1> <Sync> <CReg>
ST_14 : Operation 539 [1/1] (0.00ns)   --->   "%sext_ln16_46 = sext i8 %tmp_35" [matrix_mult.cpp:16]   --->   Operation 539 'sext' 'sext_ln16_46' <Predicate = true> <Delay = 0.00>
ST_14 : Operation 540 [1/1] (3.29ns)   --->   "%mul_ln16_101 = mul i16 %sext_ln16_46, i16 %sext_ln16_3" [matrix_mult.cpp:16]   --->   Operation 540 'mul' 'mul_ln16_101' <Predicate = true> <Delay = 3.29> <CoreInst = "Multiplier">   --->   Core 3 'Multiplier' <Latency = 0> <II = 1> <Delay = 3.29> <FuncUnit> <Opcode : 'mul'> <InPorts = 2> <OutPorts = 1>
ST_14 : Operation 541 [1/1] (0.00ns)   --->   "%sext_ln16_47 = sext i8 %tmp_36" [matrix_mult.cpp:16]   --->   Operation 541 'sext' 'sext_ln16_47' <Predicate = true> <Delay = 0.00>
ST_14 : Operation 542 [3/3] (1.09ns) (grouped into DSP with root node add_ln16_82)   --->   "%mul_ln16_102 = mul i16 %sext_ln16_47, i16 %sext_ln16_5" [matrix_mult.cpp:16]   --->   Operation 542 'mul' 'mul_ln16_102' <Predicate = true> <Delay = 1.09> <CoreInst = "DSP48">   --->   Core 116 'DSP48' <Latency = 3> <II = 1> <Delay = 1.82> <IPBlock> <Opcode : '' 'add' 'sub' 'mul' 'select'> <InPorts = 0> <OutPorts = 1> <Sync> <CReg>
ST_14 : Operation 543 [2/3] (1.09ns) (grouped into DSP with root node add_ln16_84)   --->   "%mul_ln16_105 = mul i16 %sext_ln16_45, i16 %sext_ln16_10" [matrix_mult.cpp:16]   --->   Operation 543 'mul' 'mul_ln16_105' <Predicate = true> <Delay = 1.09> <CoreInst = "DSP48">   --->   Core 116 'DSP48' <Latency = 3> <II = 1> <Delay = 1.82> <IPBlock> <Opcode : '' 'add' 'sub' 'mul' 'select'> <InPorts = 0> <OutPorts = 1> <Sync> <CReg>
ST_14 : Operation 544 [1/1] (3.29ns)   --->   "%mul_ln16_106 = mul i16 %sext_ln16_46, i16 %sext_ln16_11" [matrix_mult.cpp:16]   --->   Operation 544 'mul' 'mul_ln16_106' <Predicate = true> <Delay = 3.29> <CoreInst = "Multiplier">   --->   Core 3 'Multiplier' <Latency = 0> <II = 1> <Delay = 3.29> <FuncUnit> <Opcode : 'mul'> <InPorts = 2> <OutPorts = 1>
ST_14 : Operation 545 [3/3] (1.09ns) (grouped into DSP with root node add_ln16_86)   --->   "%mul_ln16_107 = mul i16 %sext_ln16_47, i16 %sext_ln16_12" [matrix_mult.cpp:16]   --->   Operation 545 'mul' 'mul_ln16_107' <Predicate = true> <Delay = 1.09> <CoreInst = "DSP48">   --->   Core 116 'DSP48' <Latency = 3> <II = 1> <Delay = 1.82> <IPBlock> <Opcode : '' 'add' 'sub' 'mul' 'select'> <InPorts = 0> <OutPorts = 1> <Sync> <CReg>
ST_14 : Operation 546 [2/3] (1.09ns) (grouped into DSP with root node add_ln16_88)   --->   "%mul_ln16_110 = mul i16 %sext_ln16_45, i16 %sext_ln16_15" [matrix_mult.cpp:16]   --->   Operation 546 'mul' 'mul_ln16_110' <Predicate = true> <Delay = 1.09> <CoreInst = "DSP48">   --->   Core 116 'DSP48' <Latency = 3> <II = 1> <Delay = 1.82> <IPBlock> <Opcode : '' 'add' 'sub' 'mul' 'select'> <InPorts = 0> <OutPorts = 1> <Sync> <CReg>
ST_14 : Operation 547 [1/1] (3.29ns)   --->   "%mul_ln16_111 = mul i16 %sext_ln16_46, i16 %sext_ln16_16" [matrix_mult.cpp:16]   --->   Operation 547 'mul' 'mul_ln16_111' <Predicate = true> <Delay = 3.29> <CoreInst = "Multiplier">   --->   Core 3 'Multiplier' <Latency = 0> <II = 1> <Delay = 3.29> <FuncUnit> <Opcode : 'mul'> <InPorts = 2> <OutPorts = 1>
ST_14 : Operation 548 [3/3] (1.09ns) (grouped into DSP with root node add_ln16_90)   --->   "%mul_ln16_112 = mul i16 %sext_ln16_47, i16 %sext_ln16_17" [matrix_mult.cpp:16]   --->   Operation 548 'mul' 'mul_ln16_112' <Predicate = true> <Delay = 1.09> <CoreInst = "DSP48">   --->   Core 116 'DSP48' <Latency = 3> <II = 1> <Delay = 1.82> <IPBlock> <Opcode : '' 'add' 'sub' 'mul' 'select'> <InPorts = 0> <OutPorts = 1> <Sync> <CReg>
ST_14 : Operation 549 [3/3] (1.09ns) (grouped into DSP with root node add_ln16_92)   --->   "%mul_ln16_115 = mul i16 %sext_ln16_45, i16 %sext_ln16_20" [matrix_mult.cpp:16]   --->   Operation 549 'mul' 'mul_ln16_115' <Predicate = true> <Delay = 1.09> <CoreInst = "DSP48">   --->   Core 116 'DSP48' <Latency = 3> <II = 1> <Delay = 1.82> <IPBlock> <Opcode : '' 'add' 'sub' 'mul' 'select'> <InPorts = 0> <OutPorts = 1> <Sync> <CReg>
ST_14 : Operation 550 [3/3] (1.09ns) (grouped into DSP with root node add_ln16_94)   --->   "%mul_ln16_117 = mul i16 %sext_ln16_47, i16 %sext_ln16_22" [matrix_mult.cpp:16]   --->   Operation 550 'mul' 'mul_ln16_117' <Predicate = true> <Delay = 1.09> <CoreInst = "DSP48">   --->   Core 116 'DSP48' <Latency = 3> <II = 1> <Delay = 1.82> <IPBlock> <Opcode : '' 'add' 'sub' 'mul' 'select'> <InPorts = 0> <OutPorts = 1> <Sync> <CReg>
ST_14 : Operation 551 [3/3] (1.09ns) (grouped into DSP with root node add_ln16_96)   --->   "%mul_ln16_120 = mul i16 %sext_ln16_45, i16 %sext_ln16_25" [matrix_mult.cpp:16]   --->   Operation 551 'mul' 'mul_ln16_120' <Predicate = true> <Delay = 1.09> <CoreInst = "DSP48">   --->   Core 116 'DSP48' <Latency = 3> <II = 1> <Delay = 1.82> <IPBlock> <Opcode : '' 'add' 'sub' 'mul' 'select'> <InPorts = 0> <OutPorts = 1> <Sync> <CReg>

State 15 <SV = 14> <Delay = 3.29>
ST_15 : Operation 552 [1/1] (0.00ns)   --->   "%prod_addr_6 = getelementptr i16 %prod, i64 0, i64 6" [matrix_mult.cpp:16]   --->   Operation 552 'getelementptr' 'prod_addr_6' <Predicate = true> <Delay = 0.00>
ST_15 : Operation 553 [1/1] (0.00ns)   --->   "%prod_addr_7 = getelementptr i16 %prod, i64 0, i64 7" [matrix_mult.cpp:16]   --->   Operation 553 'getelementptr' 'prod_addr_7' <Predicate = true> <Delay = 0.00>
ST_15 : Operation 554 [1/1] (1.42ns)   --->   "%store_ln16 = store i16 %add_ln16_27, i5 %prod_addr_6" [matrix_mult.cpp:16]   --->   Operation 554 'store' 'store_ln16' <Predicate = true> <Delay = 1.42> <CoreInst = "RAM">   --->   Core 81 'RAM' <Latency = 1> <II = 1> <Delay = 1.42> <Storage> <Opcode : 'load' 'store'> <Ports = 2> <Width = 16> <Depth = 25> <RAM>
ST_15 : Operation 555 [1/1] (1.42ns)   --->   "%store_ln16 = store i16 %add_ln16_31, i5 %prod_addr_7" [matrix_mult.cpp:16]   --->   Operation 555 'store' 'store_ln16' <Predicate = true> <Delay = 1.42> <CoreInst = "RAM">   --->   Core 81 'RAM' <Latency = 1> <II = 1> <Delay = 1.42> <Storage> <Opcode : 'load' 'store'> <Ports = 2> <Width = 16> <Depth = 25> <RAM>
ST_15 : Operation 556 [1/2] (1.78ns) (root node of the DSP)   --->   "%add_ln16_60 = add i16 %mul_ln16_76, i16 %mul_ln16_75" [matrix_mult.cpp:16]   --->   Operation 556 'add' 'add_ln16_60' <Predicate = true> <Delay = 1.78> <CoreInst = "DSP48">   --->   Core 116 'DSP48' <Latency = 3> <II = 1> <Delay = 1.82> <IPBlock> <Opcode : '' 'add' 'sub' 'mul' 'select'> <InPorts = 0> <OutPorts = 1> <Sync> <CReg>
ST_15 : Operation 557 [1/1] (1.48ns)   --->   "%add_ln16_63 = add i16 %add_ln16_62, i16 %add_ln16_60" [matrix_mult.cpp:16]   --->   Operation 557 'add' 'add_ln16_63' <Predicate = true> <Delay = 1.48> <CoreInst = "Adder">   --->   Core 1 'Adder' <Latency = 0> <II = 1> <Delay = 1.48> <FuncUnit> <Opcode : 'add' 'sub'> <InPorts = 2> <OutPorts = 1>
ST_15 : Operation 558 [1/2] (1.78ns) (root node of the DSP)   --->   "%add_ln16_64 = add i16 %mul_ln16_81, i16 %mul_ln16_80" [matrix_mult.cpp:16]   --->   Operation 558 'add' 'add_ln16_64' <Predicate = true> <Delay = 1.78> <CoreInst = "DSP48">   --->   Core 116 'DSP48' <Latency = 3> <II = 1> <Delay = 1.82> <IPBlock> <Opcode : '' 'add' 'sub' 'mul' 'select'> <InPorts = 0> <OutPorts = 1> <Sync> <CReg>
ST_15 : Operation 559 [1/2] (1.78ns) (root node of the DSP)   --->   "%add_ln16_66 = add i16 %add_ln16_65, i16 %mul_ln16_82" [matrix_mult.cpp:16]   --->   Operation 559 'add' 'add_ln16_66' <Predicate = true> <Delay = 1.78> <CoreInst = "DSP48">   --->   Core 116 'DSP48' <Latency = 3> <II = 1> <Delay = 1.82> <IPBlock> <Opcode : '' 'add' 'sub' 'mul' 'select'> <InPorts = 0> <OutPorts = 1> <Sync> <CReg>
ST_15 : Operation 560 [1/1] (1.48ns)   --->   "%add_ln16_67 = add i16 %add_ln16_66, i16 %add_ln16_64" [matrix_mult.cpp:16]   --->   Operation 560 'add' 'add_ln16_67' <Predicate = true> <Delay = 1.48> <CoreInst = "Adder">   --->   Core 1 'Adder' <Latency = 0> <II = 1> <Delay = 1.48> <FuncUnit> <Opcode : 'add' 'sub'> <InPorts = 2> <OutPorts = 1>
ST_15 : Operation 561 [1/2] (1.78ns) (root node of the DSP)   --->   "%add_ln16_68 = add i16 %mul_ln16_86, i16 %mul_ln16_85" [matrix_mult.cpp:16]   --->   Operation 561 'add' 'add_ln16_68' <Predicate = true> <Delay = 1.78> <CoreInst = "DSP48">   --->   Core 116 'DSP48' <Latency = 3> <II = 1> <Delay = 1.82> <IPBlock> <Opcode : '' 'add' 'sub' 'mul' 'select'> <InPorts = 0> <OutPorts = 1> <Sync> <CReg>
ST_15 : Operation 562 [1/2] (1.78ns) (root node of the DSP)   --->   "%add_ln16_70 = add i16 %add_ln16_69, i16 %mul_ln16_87" [matrix_mult.cpp:16]   --->   Operation 562 'add' 'add_ln16_70' <Predicate = true> <Delay = 1.78> <CoreInst = "DSP48">   --->   Core 116 'DSP48' <Latency = 3> <II = 1> <Delay = 1.82> <IPBlock> <Opcode : '' 'add' 'sub' 'mul' 'select'> <InPorts = 0> <OutPorts = 1> <Sync> <CReg>
ST_15 : Operation 563 [1/1] (1.48ns)   --->   "%add_ln16_71 = add i16 %add_ln16_70, i16 %add_ln16_68" [matrix_mult.cpp:16]   --->   Operation 563 'add' 'add_ln16_71' <Predicate = true> <Delay = 1.48> <CoreInst = "Adder">   --->   Core 1 'Adder' <Latency = 0> <II = 1> <Delay = 1.48> <FuncUnit> <Opcode : 'add' 'sub'> <InPorts = 2> <OutPorts = 1>
ST_15 : Operation 564 [1/3] (0.00ns) (grouped into DSP with root node add_ln16_74)   --->   "%mul_ln16_92 = mul i16 %sext_ln16_42, i16 %sext_ln16_22" [matrix_mult.cpp:16]   --->   Operation 564 'mul' 'mul_ln16_92' <Predicate = true> <Delay = 0.00> <CoreInst = "DSP48">   --->   Core 116 'DSP48' <Latency = 3> <II = 1> <Delay = 1.82> <IPBlock> <Opcode : '' 'add' 'sub' 'mul' 'select'> <InPorts = 0> <OutPorts = 1> <Sync> <CReg>
ST_15 : Operation 565 [1/2] (1.78ns) (root node of the DSP)   --->   "%add_ln16_72 = add i16 %mul_ln16_91, i16 %mul_ln16_90" [matrix_mult.cpp:16]   --->   Operation 565 'add' 'add_ln16_72' <Predicate = true> <Delay = 1.78> <CoreInst = "DSP48">   --->   Core 116 'DSP48' <Latency = 3> <II = 1> <Delay = 1.82> <IPBlock> <Opcode : '' 'add' 'sub' 'mul' 'select'> <InPorts = 0> <OutPorts = 1> <Sync> <CReg>
ST_15 : Operation 566 [2/2] (1.78ns) (root node of the DSP)   --->   "%add_ln16_74 = add i16 %add_ln16_73, i16 %mul_ln16_92" [matrix_mult.cpp:16]   --->   Operation 566 'add' 'add_ln16_74' <Predicate = true> <Delay = 1.78> <CoreInst = "DSP48">   --->   Core 116 'DSP48' <Latency = 3> <II = 1> <Delay = 1.82> <IPBlock> <Opcode : '' 'add' 'sub' 'mul' 'select'> <InPorts = 0> <OutPorts = 1> <Sync> <CReg>
ST_15 : Operation 567 [1/3] (0.00ns) (grouped into DSP with root node add_ln16_76)   --->   "%mul_ln16_95 = mul i16 %sext_ln16_40, i16 %sext_ln16_25" [matrix_mult.cpp:16]   --->   Operation 567 'mul' 'mul_ln16_95' <Predicate = true> <Delay = 0.00> <CoreInst = "DSP48">   --->   Core 116 'DSP48' <Latency = 3> <II = 1> <Delay = 1.82> <IPBlock> <Opcode : '' 'add' 'sub' 'mul' 'select'> <InPorts = 0> <OutPorts = 1> <Sync> <CReg>
ST_15 : Operation 568 [1/3] (0.00ns) (grouped into DSP with root node add_ln16_78)   --->   "%mul_ln16_97 = mul i16 %sext_ln16_42, i16 %sext_ln16_27" [matrix_mult.cpp:16]   --->   Operation 568 'mul' 'mul_ln16_97' <Predicate = true> <Delay = 0.00> <CoreInst = "DSP48">   --->   Core 116 'DSP48' <Latency = 3> <II = 1> <Delay = 1.82> <IPBlock> <Opcode : '' 'add' 'sub' 'mul' 'select'> <InPorts = 0> <OutPorts = 1> <Sync> <CReg>
ST_15 : Operation 569 [2/2] (1.78ns) (root node of the DSP)   --->   "%add_ln16_76 = add i16 %mul_ln16_96, i16 %mul_ln16_95" [matrix_mult.cpp:16]   --->   Operation 569 'add' 'add_ln16_76' <Predicate = true> <Delay = 1.78> <CoreInst = "DSP48">   --->   Core 116 'DSP48' <Latency = 3> <II = 1> <Delay = 1.82> <IPBlock> <Opcode : '' 'add' 'sub' 'mul' 'select'> <InPorts = 0> <OutPorts = 1> <Sync> <CReg>
ST_15 : Operation 570 [2/2] (1.78ns) (root node of the DSP)   --->   "%add_ln16_78 = add i16 %add_ln16_77, i16 %mul_ln16_97" [matrix_mult.cpp:16]   --->   Operation 570 'add' 'add_ln16_78' <Predicate = true> <Delay = 1.78> <CoreInst = "DSP48">   --->   Core 116 'DSP48' <Latency = 3> <II = 1> <Delay = 1.82> <IPBlock> <Opcode : '' 'add' 'sub' 'mul' 'select'> <InPorts = 0> <OutPorts = 1> <Sync> <CReg>
ST_15 : Operation 571 [1/3] (0.00ns) (grouped into DSP with root node add_ln16_80)   --->   "%mul_ln16_100 = mul i16 %sext_ln16_45, i16 %sext_ln16_1" [matrix_mult.cpp:16]   --->   Operation 571 'mul' 'mul_ln16_100' <Predicate = true> <Delay = 0.00> <CoreInst = "DSP48">   --->   Core 116 'DSP48' <Latency = 3> <II = 1> <Delay = 1.82> <IPBlock> <Opcode : '' 'add' 'sub' 'mul' 'select'> <InPorts = 0> <OutPorts = 1> <Sync> <CReg>
ST_15 : Operation 572 [2/3] (1.09ns) (grouped into DSP with root node add_ln16_82)   --->   "%mul_ln16_102 = mul i16 %sext_ln16_47, i16 %sext_ln16_5" [matrix_mult.cpp:16]   --->   Operation 572 'mul' 'mul_ln16_102' <Predicate = true> <Delay = 1.09> <CoreInst = "DSP48">   --->   Core 116 'DSP48' <Latency = 3> <II = 1> <Delay = 1.82> <IPBlock> <Opcode : '' 'add' 'sub' 'mul' 'select'> <InPorts = 0> <OutPorts = 1> <Sync> <CReg>
ST_15 : Operation 573 [2/2] (1.78ns) (root node of the DSP)   --->   "%add_ln16_80 = add i16 %mul_ln16_101, i16 %mul_ln16_100" [matrix_mult.cpp:16]   --->   Operation 573 'add' 'add_ln16_80' <Predicate = true> <Delay = 1.78> <CoreInst = "DSP48">   --->   Core 116 'DSP48' <Latency = 3> <II = 1> <Delay = 1.82> <IPBlock> <Opcode : '' 'add' 'sub' 'mul' 'select'> <InPorts = 0> <OutPorts = 1> <Sync> <CReg>
ST_15 : Operation 574 [1/3] (0.00ns) (grouped into DSP with root node add_ln16_84)   --->   "%mul_ln16_105 = mul i16 %sext_ln16_45, i16 %sext_ln16_10" [matrix_mult.cpp:16]   --->   Operation 574 'mul' 'mul_ln16_105' <Predicate = true> <Delay = 0.00> <CoreInst = "DSP48">   --->   Core 116 'DSP48' <Latency = 3> <II = 1> <Delay = 1.82> <IPBlock> <Opcode : '' 'add' 'sub' 'mul' 'select'> <InPorts = 0> <OutPorts = 1> <Sync> <CReg>
ST_15 : Operation 575 [2/3] (1.09ns) (grouped into DSP with root node add_ln16_86)   --->   "%mul_ln16_107 = mul i16 %sext_ln16_47, i16 %sext_ln16_12" [matrix_mult.cpp:16]   --->   Operation 575 'mul' 'mul_ln16_107' <Predicate = true> <Delay = 1.09> <CoreInst = "DSP48">   --->   Core 116 'DSP48' <Latency = 3> <II = 1> <Delay = 1.82> <IPBlock> <Opcode : '' 'add' 'sub' 'mul' 'select'> <InPorts = 0> <OutPorts = 1> <Sync> <CReg>
ST_15 : Operation 576 [2/2] (1.78ns) (root node of the DSP)   --->   "%add_ln16_84 = add i16 %mul_ln16_106, i16 %mul_ln16_105" [matrix_mult.cpp:16]   --->   Operation 576 'add' 'add_ln16_84' <Predicate = true> <Delay = 1.78> <CoreInst = "DSP48">   --->   Core 116 'DSP48' <Latency = 3> <II = 1> <Delay = 1.82> <IPBlock> <Opcode : '' 'add' 'sub' 'mul' 'select'> <InPorts = 0> <OutPorts = 1> <Sync> <CReg>
ST_15 : Operation 577 [1/3] (0.00ns) (grouped into DSP with root node add_ln16_88)   --->   "%mul_ln16_110 = mul i16 %sext_ln16_45, i16 %sext_ln16_15" [matrix_mult.cpp:16]   --->   Operation 577 'mul' 'mul_ln16_110' <Predicate = true> <Delay = 0.00> <CoreInst = "DSP48">   --->   Core 116 'DSP48' <Latency = 3> <II = 1> <Delay = 1.82> <IPBlock> <Opcode : '' 'add' 'sub' 'mul' 'select'> <InPorts = 0> <OutPorts = 1> <Sync> <CReg>
ST_15 : Operation 578 [2/3] (1.09ns) (grouped into DSP with root node add_ln16_90)   --->   "%mul_ln16_112 = mul i16 %sext_ln16_47, i16 %sext_ln16_17" [matrix_mult.cpp:16]   --->   Operation 578 'mul' 'mul_ln16_112' <Predicate = true> <Delay = 1.09> <CoreInst = "DSP48">   --->   Core 116 'DSP48' <Latency = 3> <II = 1> <Delay = 1.82> <IPBlock> <Opcode : '' 'add' 'sub' 'mul' 'select'> <InPorts = 0> <OutPorts = 1> <Sync> <CReg>
ST_15 : Operation 579 [2/2] (1.78ns) (root node of the DSP)   --->   "%add_ln16_88 = add i16 %mul_ln16_111, i16 %mul_ln16_110" [matrix_mult.cpp:16]   --->   Operation 579 'add' 'add_ln16_88' <Predicate = true> <Delay = 1.78> <CoreInst = "DSP48">   --->   Core 116 'DSP48' <Latency = 3> <II = 1> <Delay = 1.82> <IPBlock> <Opcode : '' 'add' 'sub' 'mul' 'select'> <InPorts = 0> <OutPorts = 1> <Sync> <CReg>
ST_15 : Operation 580 [2/3] (1.09ns) (grouped into DSP with root node add_ln16_92)   --->   "%mul_ln16_115 = mul i16 %sext_ln16_45, i16 %sext_ln16_20" [matrix_mult.cpp:16]   --->   Operation 580 'mul' 'mul_ln16_115' <Predicate = true> <Delay = 1.09> <CoreInst = "DSP48">   --->   Core 116 'DSP48' <Latency = 3> <II = 1> <Delay = 1.82> <IPBlock> <Opcode : '' 'add' 'sub' 'mul' 'select'> <InPorts = 0> <OutPorts = 1> <Sync> <CReg>
ST_15 : Operation 581 [1/1] (3.29ns)   --->   "%mul_ln16_116 = mul i16 %sext_ln16_46, i16 %sext_ln16_21" [matrix_mult.cpp:16]   --->   Operation 581 'mul' 'mul_ln16_116' <Predicate = true> <Delay = 3.29> <CoreInst = "Multiplier">   --->   Core 3 'Multiplier' <Latency = 0> <II = 1> <Delay = 3.29> <FuncUnit> <Opcode : 'mul'> <InPorts = 2> <OutPorts = 1>
ST_15 : Operation 582 [2/3] (1.09ns) (grouped into DSP with root node add_ln16_94)   --->   "%mul_ln16_117 = mul i16 %sext_ln16_47, i16 %sext_ln16_22" [matrix_mult.cpp:16]   --->   Operation 582 'mul' 'mul_ln16_117' <Predicate = true> <Delay = 1.09> <CoreInst = "DSP48">   --->   Core 116 'DSP48' <Latency = 3> <II = 1> <Delay = 1.82> <IPBlock> <Opcode : '' 'add' 'sub' 'mul' 'select'> <InPorts = 0> <OutPorts = 1> <Sync> <CReg>
ST_15 : Operation 583 [2/3] (1.09ns) (grouped into DSP with root node add_ln16_96)   --->   "%mul_ln16_120 = mul i16 %sext_ln16_45, i16 %sext_ln16_25" [matrix_mult.cpp:16]   --->   Operation 583 'mul' 'mul_ln16_120' <Predicate = true> <Delay = 1.09> <CoreInst = "DSP48">   --->   Core 116 'DSP48' <Latency = 3> <II = 1> <Delay = 1.82> <IPBlock> <Opcode : '' 'add' 'sub' 'mul' 'select'> <InPorts = 0> <OutPorts = 1> <Sync> <CReg>
ST_15 : Operation 584 [1/1] (3.29ns)   --->   "%mul_ln16_121 = mul i16 %sext_ln16_46, i16 %sext_ln16_26" [matrix_mult.cpp:16]   --->   Operation 584 'mul' 'mul_ln16_121' <Predicate = true> <Delay = 3.29> <CoreInst = "Multiplier">   --->   Core 3 'Multiplier' <Latency = 0> <II = 1> <Delay = 3.29> <FuncUnit> <Opcode : 'mul'> <InPorts = 2> <OutPorts = 1>
ST_15 : Operation 585 [3/3] (1.09ns) (grouped into DSP with root node add_ln16_98)   --->   "%mul_ln16_122 = mul i16 %sext_ln16_47, i16 %sext_ln16_27" [matrix_mult.cpp:16]   --->   Operation 585 'mul' 'mul_ln16_122' <Predicate = true> <Delay = 1.09> <CoreInst = "DSP48">   --->   Core 116 'DSP48' <Latency = 3> <II = 1> <Delay = 1.82> <IPBlock> <Opcode : '' 'add' 'sub' 'mul' 'select'> <InPorts = 0> <OutPorts = 1> <Sync> <CReg>

State 16 <SV = 15> <Delay = 3.26>
ST_16 : Operation 586 [1/1] (0.00ns)   --->   "%prod_addr_8 = getelementptr i16 %prod, i64 0, i64 8" [matrix_mult.cpp:16]   --->   Operation 586 'getelementptr' 'prod_addr_8' <Predicate = true> <Delay = 0.00>
ST_16 : Operation 587 [1/1] (0.00ns)   --->   "%prod_addr_9 = getelementptr i16 %prod, i64 0, i64 9" [matrix_mult.cpp:16]   --->   Operation 587 'getelementptr' 'prod_addr_9' <Predicate = true> <Delay = 0.00>
ST_16 : Operation 588 [1/1] (1.42ns)   --->   "%store_ln16 = store i16 %add_ln16_35, i5 %prod_addr_8" [matrix_mult.cpp:16]   --->   Operation 588 'store' 'store_ln16' <Predicate = true> <Delay = 1.42> <CoreInst = "RAM">   --->   Core 81 'RAM' <Latency = 1> <II = 1> <Delay = 1.42> <Storage> <Opcode : 'load' 'store'> <Ports = 2> <Width = 16> <Depth = 25> <RAM>
ST_16 : Operation 589 [1/1] (1.42ns)   --->   "%store_ln16 = store i16 %add_ln16_39, i5 %prod_addr_9" [matrix_mult.cpp:16]   --->   Operation 589 'store' 'store_ln16' <Predicate = true> <Delay = 1.42> <CoreInst = "RAM">   --->   Core 81 'RAM' <Latency = 1> <II = 1> <Delay = 1.42> <Storage> <Opcode : 'load' 'store'> <Ports = 2> <Width = 16> <Depth = 25> <RAM>
ST_16 : Operation 590 [1/2] (1.78ns) (root node of the DSP)   --->   "%add_ln16_74 = add i16 %add_ln16_73, i16 %mul_ln16_92" [matrix_mult.cpp:16]   --->   Operation 590 'add' 'add_ln16_74' <Predicate = true> <Delay = 1.78> <CoreInst = "DSP48">   --->   Core 116 'DSP48' <Latency = 3> <II = 1> <Delay = 1.82> <IPBlock> <Opcode : '' 'add' 'sub' 'mul' 'select'> <InPorts = 0> <OutPorts = 1> <Sync> <CReg>
ST_16 : Operation 591 [1/1] (1.48ns)   --->   "%add_ln16_75 = add i16 %add_ln16_74, i16 %add_ln16_72" [matrix_mult.cpp:16]   --->   Operation 591 'add' 'add_ln16_75' <Predicate = true> <Delay = 1.48> <CoreInst = "Adder">   --->   Core 1 'Adder' <Latency = 0> <II = 1> <Delay = 1.48> <FuncUnit> <Opcode : 'add' 'sub'> <InPorts = 2> <OutPorts = 1>
ST_16 : Operation 592 [1/2] (1.78ns) (root node of the DSP)   --->   "%add_ln16_76 = add i16 %mul_ln16_96, i16 %mul_ln16_95" [matrix_mult.cpp:16]   --->   Operation 592 'add' 'add_ln16_76' <Predicate = true> <Delay = 1.78> <CoreInst = "DSP48">   --->   Core 116 'DSP48' <Latency = 3> <II = 1> <Delay = 1.82> <IPBlock> <Opcode : '' 'add' 'sub' 'mul' 'select'> <InPorts = 0> <OutPorts = 1> <Sync> <CReg>
ST_16 : Operation 593 [1/2] (1.78ns) (root node of the DSP)   --->   "%add_ln16_78 = add i16 %add_ln16_77, i16 %mul_ln16_97" [matrix_mult.cpp:16]   --->   Operation 593 'add' 'add_ln16_78' <Predicate = true> <Delay = 1.78> <CoreInst = "DSP48">   --->   Core 116 'DSP48' <Latency = 3> <II = 1> <Delay = 1.82> <IPBlock> <Opcode : '' 'add' 'sub' 'mul' 'select'> <InPorts = 0> <OutPorts = 1> <Sync> <CReg>
ST_16 : Operation 594 [1/1] (1.48ns)   --->   "%add_ln16_79 = add i16 %add_ln16_78, i16 %add_ln16_76" [matrix_mult.cpp:16]   --->   Operation 594 'add' 'add_ln16_79' <Predicate = true> <Delay = 1.48> <CoreInst = "Adder">   --->   Core 1 'Adder' <Latency = 0> <II = 1> <Delay = 1.48> <FuncUnit> <Opcode : 'add' 'sub'> <InPorts = 2> <OutPorts = 1>
ST_16 : Operation 595 [1/3] (0.00ns) (grouped into DSP with root node add_ln16_82)   --->   "%mul_ln16_102 = mul i16 %sext_ln16_47, i16 %sext_ln16_5" [matrix_mult.cpp:16]   --->   Operation 595 'mul' 'mul_ln16_102' <Predicate = true> <Delay = 0.00> <CoreInst = "DSP48">   --->   Core 116 'DSP48' <Latency = 3> <II = 1> <Delay = 1.82> <IPBlock> <Opcode : '' 'add' 'sub' 'mul' 'select'> <InPorts = 0> <OutPorts = 1> <Sync> <CReg>
ST_16 : Operation 596 [1/2] (1.78ns) (root node of the DSP)   --->   "%add_ln16_80 = add i16 %mul_ln16_101, i16 %mul_ln16_100" [matrix_mult.cpp:16]   --->   Operation 596 'add' 'add_ln16_80' <Predicate = true> <Delay = 1.78> <CoreInst = "DSP48">   --->   Core 116 'DSP48' <Latency = 3> <II = 1> <Delay = 1.82> <IPBlock> <Opcode : '' 'add' 'sub' 'mul' 'select'> <InPorts = 0> <OutPorts = 1> <Sync> <CReg>
ST_16 : Operation 597 [2/2] (1.78ns) (root node of the DSP)   --->   "%add_ln16_82 = add i16 %add_ln16_81, i16 %mul_ln16_102" [matrix_mult.cpp:16]   --->   Operation 597 'add' 'add_ln16_82' <Predicate = true> <Delay = 1.78> <CoreInst = "DSP48">   --->   Core 116 'DSP48' <Latency = 3> <II = 1> <Delay = 1.82> <IPBlock> <Opcode : '' 'add' 'sub' 'mul' 'select'> <InPorts = 0> <OutPorts = 1> <Sync> <CReg>
ST_16 : Operation 598 [1/3] (0.00ns) (grouped into DSP with root node add_ln16_86)   --->   "%mul_ln16_107 = mul i16 %sext_ln16_47, i16 %sext_ln16_12" [matrix_mult.cpp:16]   --->   Operation 598 'mul' 'mul_ln16_107' <Predicate = true> <Delay = 0.00> <CoreInst = "DSP48">   --->   Core 116 'DSP48' <Latency = 3> <II = 1> <Delay = 1.82> <IPBlock> <Opcode : '' 'add' 'sub' 'mul' 'select'> <InPorts = 0> <OutPorts = 1> <Sync> <CReg>
ST_16 : Operation 599 [1/2] (1.78ns) (root node of the DSP)   --->   "%add_ln16_84 = add i16 %mul_ln16_106, i16 %mul_ln16_105" [matrix_mult.cpp:16]   --->   Operation 599 'add' 'add_ln16_84' <Predicate = true> <Delay = 1.78> <CoreInst = "DSP48">   --->   Core 116 'DSP48' <Latency = 3> <II = 1> <Delay = 1.82> <IPBlock> <Opcode : '' 'add' 'sub' 'mul' 'select'> <InPorts = 0> <OutPorts = 1> <Sync> <CReg>
ST_16 : Operation 600 [2/2] (1.78ns) (root node of the DSP)   --->   "%add_ln16_86 = add i16 %add_ln16_85, i16 %mul_ln16_107" [matrix_mult.cpp:16]   --->   Operation 600 'add' 'add_ln16_86' <Predicate = true> <Delay = 1.78> <CoreInst = "DSP48">   --->   Core 116 'DSP48' <Latency = 3> <II = 1> <Delay = 1.82> <IPBlock> <Opcode : '' 'add' 'sub' 'mul' 'select'> <InPorts = 0> <OutPorts = 1> <Sync> <CReg>
ST_16 : Operation 601 [1/3] (0.00ns) (grouped into DSP with root node add_ln16_90)   --->   "%mul_ln16_112 = mul i16 %sext_ln16_47, i16 %sext_ln16_17" [matrix_mult.cpp:16]   --->   Operation 601 'mul' 'mul_ln16_112' <Predicate = true> <Delay = 0.00> <CoreInst = "DSP48">   --->   Core 116 'DSP48' <Latency = 3> <II = 1> <Delay = 1.82> <IPBlock> <Opcode : '' 'add' 'sub' 'mul' 'select'> <InPorts = 0> <OutPorts = 1> <Sync> <CReg>
ST_16 : Operation 602 [1/2] (1.78ns) (root node of the DSP)   --->   "%add_ln16_88 = add i16 %mul_ln16_111, i16 %mul_ln16_110" [matrix_mult.cpp:16]   --->   Operation 602 'add' 'add_ln16_88' <Predicate = true> <Delay = 1.78> <CoreInst = "DSP48">   --->   Core 116 'DSP48' <Latency = 3> <II = 1> <Delay = 1.82> <IPBlock> <Opcode : '' 'add' 'sub' 'mul' 'select'> <InPorts = 0> <OutPorts = 1> <Sync> <CReg>
ST_16 : Operation 603 [2/2] (1.78ns) (root node of the DSP)   --->   "%add_ln16_90 = add i16 %add_ln16_89, i16 %mul_ln16_112" [matrix_mult.cpp:16]   --->   Operation 603 'add' 'add_ln16_90' <Predicate = true> <Delay = 1.78> <CoreInst = "DSP48">   --->   Core 116 'DSP48' <Latency = 3> <II = 1> <Delay = 1.82> <IPBlock> <Opcode : '' 'add' 'sub' 'mul' 'select'> <InPorts = 0> <OutPorts = 1> <Sync> <CReg>
ST_16 : Operation 604 [1/3] (0.00ns) (grouped into DSP with root node add_ln16_92)   --->   "%mul_ln16_115 = mul i16 %sext_ln16_45, i16 %sext_ln16_20" [matrix_mult.cpp:16]   --->   Operation 604 'mul' 'mul_ln16_115' <Predicate = true> <Delay = 0.00> <CoreInst = "DSP48">   --->   Core 116 'DSP48' <Latency = 3> <II = 1> <Delay = 1.82> <IPBlock> <Opcode : '' 'add' 'sub' 'mul' 'select'> <InPorts = 0> <OutPorts = 1> <Sync> <CReg>
ST_16 : Operation 605 [1/3] (0.00ns) (grouped into DSP with root node add_ln16_94)   --->   "%mul_ln16_117 = mul i16 %sext_ln16_47, i16 %sext_ln16_22" [matrix_mult.cpp:16]   --->   Operation 605 'mul' 'mul_ln16_117' <Predicate = true> <Delay = 0.00> <CoreInst = "DSP48">   --->   Core 116 'DSP48' <Latency = 3> <II = 1> <Delay = 1.82> <IPBlock> <Opcode : '' 'add' 'sub' 'mul' 'select'> <InPorts = 0> <OutPorts = 1> <Sync> <CReg>
ST_16 : Operation 606 [2/2] (1.78ns) (root node of the DSP)   --->   "%add_ln16_92 = add i16 %mul_ln16_116, i16 %mul_ln16_115" [matrix_mult.cpp:16]   --->   Operation 606 'add' 'add_ln16_92' <Predicate = true> <Delay = 1.78> <CoreInst = "DSP48">   --->   Core 116 'DSP48' <Latency = 3> <II = 1> <Delay = 1.82> <IPBlock> <Opcode : '' 'add' 'sub' 'mul' 'select'> <InPorts = 0> <OutPorts = 1> <Sync> <CReg>
ST_16 : Operation 607 [2/2] (1.78ns) (root node of the DSP)   --->   "%add_ln16_94 = add i16 %add_ln16_93, i16 %mul_ln16_117" [matrix_mult.cpp:16]   --->   Operation 607 'add' 'add_ln16_94' <Predicate = true> <Delay = 1.78> <CoreInst = "DSP48">   --->   Core 116 'DSP48' <Latency = 3> <II = 1> <Delay = 1.82> <IPBlock> <Opcode : '' 'add' 'sub' 'mul' 'select'> <InPorts = 0> <OutPorts = 1> <Sync> <CReg>
ST_16 : Operation 608 [1/3] (0.00ns) (grouped into DSP with root node add_ln16_96)   --->   "%mul_ln16_120 = mul i16 %sext_ln16_45, i16 %sext_ln16_25" [matrix_mult.cpp:16]   --->   Operation 608 'mul' 'mul_ln16_120' <Predicate = true> <Delay = 0.00> <CoreInst = "DSP48">   --->   Core 116 'DSP48' <Latency = 3> <II = 1> <Delay = 1.82> <IPBlock> <Opcode : '' 'add' 'sub' 'mul' 'select'> <InPorts = 0> <OutPorts = 1> <Sync> <CReg>
ST_16 : Operation 609 [2/3] (1.09ns) (grouped into DSP with root node add_ln16_98)   --->   "%mul_ln16_122 = mul i16 %sext_ln16_47, i16 %sext_ln16_27" [matrix_mult.cpp:16]   --->   Operation 609 'mul' 'mul_ln16_122' <Predicate = true> <Delay = 1.09> <CoreInst = "DSP48">   --->   Core 116 'DSP48' <Latency = 3> <II = 1> <Delay = 1.82> <IPBlock> <Opcode : '' 'add' 'sub' 'mul' 'select'> <InPorts = 0> <OutPorts = 1> <Sync> <CReg>
ST_16 : Operation 610 [2/2] (1.78ns) (root node of the DSP)   --->   "%add_ln16_96 = add i16 %mul_ln16_121, i16 %mul_ln16_120" [matrix_mult.cpp:16]   --->   Operation 610 'add' 'add_ln16_96' <Predicate = true> <Delay = 1.78> <CoreInst = "DSP48">   --->   Core 116 'DSP48' <Latency = 3> <II = 1> <Delay = 1.82> <IPBlock> <Opcode : '' 'add' 'sub' 'mul' 'select'> <InPorts = 0> <OutPorts = 1> <Sync> <CReg>

State 17 <SV = 16> <Delay = 3.26>
ST_17 : Operation 611 [1/1] (0.00ns)   --->   "%prod_addr_10 = getelementptr i16 %prod, i64 0, i64 10" [matrix_mult.cpp:16]   --->   Operation 611 'getelementptr' 'prod_addr_10' <Predicate = true> <Delay = 0.00>
ST_17 : Operation 612 [1/1] (0.00ns)   --->   "%prod_addr_11 = getelementptr i16 %prod, i64 0, i64 11" [matrix_mult.cpp:16]   --->   Operation 612 'getelementptr' 'prod_addr_11' <Predicate = true> <Delay = 0.00>
ST_17 : Operation 613 [1/1] (1.42ns)   --->   "%store_ln16 = store i16 %add_ln16_43, i5 %prod_addr_10" [matrix_mult.cpp:16]   --->   Operation 613 'store' 'store_ln16' <Predicate = true> <Delay = 1.42> <CoreInst = "RAM">   --->   Core 81 'RAM' <Latency = 1> <II = 1> <Delay = 1.42> <Storage> <Opcode : 'load' 'store'> <Ports = 2> <Width = 16> <Depth = 25> <RAM>
ST_17 : Operation 614 [1/1] (1.42ns)   --->   "%store_ln16 = store i16 %add_ln16_47, i5 %prod_addr_11" [matrix_mult.cpp:16]   --->   Operation 614 'store' 'store_ln16' <Predicate = true> <Delay = 1.42> <CoreInst = "RAM">   --->   Core 81 'RAM' <Latency = 1> <II = 1> <Delay = 1.42> <Storage> <Opcode : 'load' 'store'> <Ports = 2> <Width = 16> <Depth = 25> <RAM>
ST_17 : Operation 615 [1/2] (1.78ns) (root node of the DSP)   --->   "%add_ln16_82 = add i16 %add_ln16_81, i16 %mul_ln16_102" [matrix_mult.cpp:16]   --->   Operation 615 'add' 'add_ln16_82' <Predicate = true> <Delay = 1.78> <CoreInst = "DSP48">   --->   Core 116 'DSP48' <Latency = 3> <II = 1> <Delay = 1.82> <IPBlock> <Opcode : '' 'add' 'sub' 'mul' 'select'> <InPorts = 0> <OutPorts = 1> <Sync> <CReg>
ST_17 : Operation 616 [1/1] (1.48ns)   --->   "%add_ln16_83 = add i16 %add_ln16_82, i16 %add_ln16_80" [matrix_mult.cpp:16]   --->   Operation 616 'add' 'add_ln16_83' <Predicate = true> <Delay = 1.48> <CoreInst = "Adder">   --->   Core 1 'Adder' <Latency = 0> <II = 1> <Delay = 1.48> <FuncUnit> <Opcode : 'add' 'sub'> <InPorts = 2> <OutPorts = 1>
ST_17 : Operation 617 [1/2] (1.78ns) (root node of the DSP)   --->   "%add_ln16_86 = add i16 %add_ln16_85, i16 %mul_ln16_107" [matrix_mult.cpp:16]   --->   Operation 617 'add' 'add_ln16_86' <Predicate = true> <Delay = 1.78> <CoreInst = "DSP48">   --->   Core 116 'DSP48' <Latency = 3> <II = 1> <Delay = 1.82> <IPBlock> <Opcode : '' 'add' 'sub' 'mul' 'select'> <InPorts = 0> <OutPorts = 1> <Sync> <CReg>
ST_17 : Operation 618 [1/1] (1.48ns)   --->   "%add_ln16_87 = add i16 %add_ln16_86, i16 %add_ln16_84" [matrix_mult.cpp:16]   --->   Operation 618 'add' 'add_ln16_87' <Predicate = true> <Delay = 1.48> <CoreInst = "Adder">   --->   Core 1 'Adder' <Latency = 0> <II = 1> <Delay = 1.48> <FuncUnit> <Opcode : 'add' 'sub'> <InPorts = 2> <OutPorts = 1>
ST_17 : Operation 619 [1/2] (1.78ns) (root node of the DSP)   --->   "%add_ln16_90 = add i16 %add_ln16_89, i16 %mul_ln16_112" [matrix_mult.cpp:16]   --->   Operation 619 'add' 'add_ln16_90' <Predicate = true> <Delay = 1.78> <CoreInst = "DSP48">   --->   Core 116 'DSP48' <Latency = 3> <II = 1> <Delay = 1.82> <IPBlock> <Opcode : '' 'add' 'sub' 'mul' 'select'> <InPorts = 0> <OutPorts = 1> <Sync> <CReg>
ST_17 : Operation 620 [1/1] (1.48ns)   --->   "%add_ln16_91 = add i16 %add_ln16_90, i16 %add_ln16_88" [matrix_mult.cpp:16]   --->   Operation 620 'add' 'add_ln16_91' <Predicate = true> <Delay = 1.48> <CoreInst = "Adder">   --->   Core 1 'Adder' <Latency = 0> <II = 1> <Delay = 1.48> <FuncUnit> <Opcode : 'add' 'sub'> <InPorts = 2> <OutPorts = 1>
ST_17 : Operation 621 [1/2] (1.78ns) (root node of the DSP)   --->   "%add_ln16_92 = add i16 %mul_ln16_116, i16 %mul_ln16_115" [matrix_mult.cpp:16]   --->   Operation 621 'add' 'add_ln16_92' <Predicate = true> <Delay = 1.78> <CoreInst = "DSP48">   --->   Core 116 'DSP48' <Latency = 3> <II = 1> <Delay = 1.82> <IPBlock> <Opcode : '' 'add' 'sub' 'mul' 'select'> <InPorts = 0> <OutPorts = 1> <Sync> <CReg>
ST_17 : Operation 622 [1/2] (1.78ns) (root node of the DSP)   --->   "%add_ln16_94 = add i16 %add_ln16_93, i16 %mul_ln16_117" [matrix_mult.cpp:16]   --->   Operation 622 'add' 'add_ln16_94' <Predicate = true> <Delay = 1.78> <CoreInst = "DSP48">   --->   Core 116 'DSP48' <Latency = 3> <II = 1> <Delay = 1.82> <IPBlock> <Opcode : '' 'add' 'sub' 'mul' 'select'> <InPorts = 0> <OutPorts = 1> <Sync> <CReg>
ST_17 : Operation 623 [1/1] (1.48ns)   --->   "%add_ln16_95 = add i16 %add_ln16_94, i16 %add_ln16_92" [matrix_mult.cpp:16]   --->   Operation 623 'add' 'add_ln16_95' <Predicate = true> <Delay = 1.48> <CoreInst = "Adder">   --->   Core 1 'Adder' <Latency = 0> <II = 1> <Delay = 1.48> <FuncUnit> <Opcode : 'add' 'sub'> <InPorts = 2> <OutPorts = 1>
ST_17 : Operation 624 [1/3] (0.00ns) (grouped into DSP with root node add_ln16_98)   --->   "%mul_ln16_122 = mul i16 %sext_ln16_47, i16 %sext_ln16_27" [matrix_mult.cpp:16]   --->   Operation 624 'mul' 'mul_ln16_122' <Predicate = true> <Delay = 0.00> <CoreInst = "DSP48">   --->   Core 116 'DSP48' <Latency = 3> <II = 1> <Delay = 1.82> <IPBlock> <Opcode : '' 'add' 'sub' 'mul' 'select'> <InPorts = 0> <OutPorts = 1> <Sync> <CReg>
ST_17 : Operation 625 [1/2] (1.78ns) (root node of the DSP)   --->   "%add_ln16_96 = add i16 %mul_ln16_121, i16 %mul_ln16_120" [matrix_mult.cpp:16]   --->   Operation 625 'add' 'add_ln16_96' <Predicate = true> <Delay = 1.78> <CoreInst = "DSP48">   --->   Core 116 'DSP48' <Latency = 3> <II = 1> <Delay = 1.82> <IPBlock> <Opcode : '' 'add' 'sub' 'mul' 'select'> <InPorts = 0> <OutPorts = 1> <Sync> <CReg>
ST_17 : Operation 626 [2/2] (1.78ns) (root node of the DSP)   --->   "%add_ln16_98 = add i16 %add_ln16_97, i16 %mul_ln16_122" [matrix_mult.cpp:16]   --->   Operation 626 'add' 'add_ln16_98' <Predicate = true> <Delay = 1.78> <CoreInst = "DSP48">   --->   Core 116 'DSP48' <Latency = 3> <II = 1> <Delay = 1.82> <IPBlock> <Opcode : '' 'add' 'sub' 'mul' 'select'> <InPorts = 0> <OutPorts = 1> <Sync> <CReg>

State 18 <SV = 17> <Delay = 3.26>
ST_18 : Operation 627 [1/1] (0.00ns)   --->   "%prod_addr_12 = getelementptr i16 %prod, i64 0, i64 12" [matrix_mult.cpp:16]   --->   Operation 627 'getelementptr' 'prod_addr_12' <Predicate = true> <Delay = 0.00>
ST_18 : Operation 628 [1/1] (0.00ns)   --->   "%prod_addr_13 = getelementptr i16 %prod, i64 0, i64 13" [matrix_mult.cpp:16]   --->   Operation 628 'getelementptr' 'prod_addr_13' <Predicate = true> <Delay = 0.00>
ST_18 : Operation 629 [1/1] (1.42ns)   --->   "%store_ln16 = store i16 %add_ln16_51, i5 %prod_addr_12" [matrix_mult.cpp:16]   --->   Operation 629 'store' 'store_ln16' <Predicate = true> <Delay = 1.42> <CoreInst = "RAM">   --->   Core 81 'RAM' <Latency = 1> <II = 1> <Delay = 1.42> <Storage> <Opcode : 'load' 'store'> <Ports = 2> <Width = 16> <Depth = 25> <RAM>
ST_18 : Operation 630 [1/1] (1.42ns)   --->   "%store_ln16 = store i16 %add_ln16_55, i5 %prod_addr_13" [matrix_mult.cpp:16]   --->   Operation 630 'store' 'store_ln16' <Predicate = true> <Delay = 1.42> <CoreInst = "RAM">   --->   Core 81 'RAM' <Latency = 1> <II = 1> <Delay = 1.42> <Storage> <Opcode : 'load' 'store'> <Ports = 2> <Width = 16> <Depth = 25> <RAM>
ST_18 : Operation 631 [1/2] (1.78ns) (root node of the DSP)   --->   "%add_ln16_98 = add i16 %add_ln16_97, i16 %mul_ln16_122" [matrix_mult.cpp:16]   --->   Operation 631 'add' 'add_ln16_98' <Predicate = true> <Delay = 1.78> <CoreInst = "DSP48">   --->   Core 116 'DSP48' <Latency = 3> <II = 1> <Delay = 1.82> <IPBlock> <Opcode : '' 'add' 'sub' 'mul' 'select'> <InPorts = 0> <OutPorts = 1> <Sync> <CReg>
ST_18 : Operation 632 [1/1] (1.48ns)   --->   "%add_ln16_99 = add i16 %add_ln16_98, i16 %add_ln16_96" [matrix_mult.cpp:16]   --->   Operation 632 'add' 'add_ln16_99' <Predicate = true> <Delay = 1.48> <CoreInst = "Adder">   --->   Core 1 'Adder' <Latency = 0> <II = 1> <Delay = 1.48> <FuncUnit> <Opcode : 'add' 'sub'> <InPorts = 2> <OutPorts = 1>

State 19 <SV = 18> <Delay = 1.42>
ST_19 : Operation 633 [1/1] (0.00ns)   --->   "%prod_addr_14 = getelementptr i16 %prod, i64 0, i64 14" [matrix_mult.cpp:16]   --->   Operation 633 'getelementptr' 'prod_addr_14' <Predicate = true> <Delay = 0.00>
ST_19 : Operation 634 [1/1] (0.00ns)   --->   "%prod_addr_15 = getelementptr i16 %prod, i64 0, i64 15" [matrix_mult.cpp:16]   --->   Operation 634 'getelementptr' 'prod_addr_15' <Predicate = true> <Delay = 0.00>
ST_19 : Operation 635 [1/1] (1.42ns)   --->   "%store_ln16 = store i16 %add_ln16_59, i5 %prod_addr_14" [matrix_mult.cpp:16]   --->   Operation 635 'store' 'store_ln16' <Predicate = true> <Delay = 1.42> <CoreInst = "RAM">   --->   Core 81 'RAM' <Latency = 1> <II = 1> <Delay = 1.42> <Storage> <Opcode : 'load' 'store'> <Ports = 2> <Width = 16> <Depth = 25> <RAM>
ST_19 : Operation 636 [1/1] (1.42ns)   --->   "%store_ln16 = store i16 %add_ln16_63, i5 %prod_addr_15" [matrix_mult.cpp:16]   --->   Operation 636 'store' 'store_ln16' <Predicate = true> <Delay = 1.42> <CoreInst = "RAM">   --->   Core 81 'RAM' <Latency = 1> <II = 1> <Delay = 1.42> <Storage> <Opcode : 'load' 'store'> <Ports = 2> <Width = 16> <Depth = 25> <RAM>

State 20 <SV = 19> <Delay = 1.42>
ST_20 : Operation 637 [1/1] (0.00ns)   --->   "%prod_addr_16 = getelementptr i16 %prod, i64 0, i64 16" [matrix_mult.cpp:16]   --->   Operation 637 'getelementptr' 'prod_addr_16' <Predicate = true> <Delay = 0.00>
ST_20 : Operation 638 [1/1] (0.00ns)   --->   "%prod_addr_17 = getelementptr i16 %prod, i64 0, i64 17" [matrix_mult.cpp:16]   --->   Operation 638 'getelementptr' 'prod_addr_17' <Predicate = true> <Delay = 0.00>
ST_20 : Operation 639 [1/1] (1.42ns)   --->   "%store_ln16 = store i16 %add_ln16_67, i5 %prod_addr_16" [matrix_mult.cpp:16]   --->   Operation 639 'store' 'store_ln16' <Predicate = true> <Delay = 1.42> <CoreInst = "RAM">   --->   Core 81 'RAM' <Latency = 1> <II = 1> <Delay = 1.42> <Storage> <Opcode : 'load' 'store'> <Ports = 2> <Width = 16> <Depth = 25> <RAM>
ST_20 : Operation 640 [1/1] (1.42ns)   --->   "%store_ln16 = store i16 %add_ln16_71, i5 %prod_addr_17" [matrix_mult.cpp:16]   --->   Operation 640 'store' 'store_ln16' <Predicate = true> <Delay = 1.42> <CoreInst = "RAM">   --->   Core 81 'RAM' <Latency = 1> <II = 1> <Delay = 1.42> <Storage> <Opcode : 'load' 'store'> <Ports = 2> <Width = 16> <Depth = 25> <RAM>

State 21 <SV = 20> <Delay = 1.42>
ST_21 : Operation 641 [1/1] (0.00ns)   --->   "%prod_addr_18 = getelementptr i16 %prod, i64 0, i64 18" [matrix_mult.cpp:16]   --->   Operation 641 'getelementptr' 'prod_addr_18' <Predicate = true> <Delay = 0.00>
ST_21 : Operation 642 [1/1] (0.00ns)   --->   "%prod_addr_19 = getelementptr i16 %prod, i64 0, i64 19" [matrix_mult.cpp:16]   --->   Operation 642 'getelementptr' 'prod_addr_19' <Predicate = true> <Delay = 0.00>
ST_21 : Operation 643 [1/1] (1.42ns)   --->   "%store_ln16 = store i16 %add_ln16_75, i5 %prod_addr_18" [matrix_mult.cpp:16]   --->   Operation 643 'store' 'store_ln16' <Predicate = true> <Delay = 1.42> <CoreInst = "RAM">   --->   Core 81 'RAM' <Latency = 1> <II = 1> <Delay = 1.42> <Storage> <Opcode : 'load' 'store'> <Ports = 2> <Width = 16> <Depth = 25> <RAM>
ST_21 : Operation 644 [1/1] (1.42ns)   --->   "%store_ln16 = store i16 %add_ln16_79, i5 %prod_addr_19" [matrix_mult.cpp:16]   --->   Operation 644 'store' 'store_ln16' <Predicate = true> <Delay = 1.42> <CoreInst = "RAM">   --->   Core 81 'RAM' <Latency = 1> <II = 1> <Delay = 1.42> <Storage> <Opcode : 'load' 'store'> <Ports = 2> <Width = 16> <Depth = 25> <RAM>

State 22 <SV = 21> <Delay = 1.42>
ST_22 : Operation 645 [1/1] (0.00ns)   --->   "%prod_addr_20 = getelementptr i16 %prod, i64 0, i64 20" [matrix_mult.cpp:16]   --->   Operation 645 'getelementptr' 'prod_addr_20' <Predicate = true> <Delay = 0.00>
ST_22 : Operation 646 [1/1] (0.00ns)   --->   "%prod_addr_21 = getelementptr i16 %prod, i64 0, i64 21" [matrix_mult.cpp:16]   --->   Operation 646 'getelementptr' 'prod_addr_21' <Predicate = true> <Delay = 0.00>
ST_22 : Operation 647 [1/1] (1.42ns)   --->   "%store_ln16 = store i16 %add_ln16_83, i5 %prod_addr_20" [matrix_mult.cpp:16]   --->   Operation 647 'store' 'store_ln16' <Predicate = true> <Delay = 1.42> <CoreInst = "RAM">   --->   Core 81 'RAM' <Latency = 1> <II = 1> <Delay = 1.42> <Storage> <Opcode : 'load' 'store'> <Ports = 2> <Width = 16> <Depth = 25> <RAM>
ST_22 : Operation 648 [1/1] (1.42ns)   --->   "%store_ln16 = store i16 %add_ln16_87, i5 %prod_addr_21" [matrix_mult.cpp:16]   --->   Operation 648 'store' 'store_ln16' <Predicate = true> <Delay = 1.42> <CoreInst = "RAM">   --->   Core 81 'RAM' <Latency = 1> <II = 1> <Delay = 1.42> <Storage> <Opcode : 'load' 'store'> <Ports = 2> <Width = 16> <Depth = 25> <RAM>

State 23 <SV = 22> <Delay = 1.42>
ST_23 : Operation 649 [1/1] (0.00ns)   --->   "%prod_addr_22 = getelementptr i16 %prod, i64 0, i64 22" [matrix_mult.cpp:16]   --->   Operation 649 'getelementptr' 'prod_addr_22' <Predicate = true> <Delay = 0.00>
ST_23 : Operation 650 [1/1] (0.00ns)   --->   "%prod_addr_23 = getelementptr i16 %prod, i64 0, i64 23" [matrix_mult.cpp:16]   --->   Operation 650 'getelementptr' 'prod_addr_23' <Predicate = true> <Delay = 0.00>
ST_23 : Operation 651 [1/1] (1.42ns)   --->   "%store_ln16 = store i16 %add_ln16_91, i5 %prod_addr_22" [matrix_mult.cpp:16]   --->   Operation 651 'store' 'store_ln16' <Predicate = true> <Delay = 1.42> <CoreInst = "RAM">   --->   Core 81 'RAM' <Latency = 1> <II = 1> <Delay = 1.42> <Storage> <Opcode : 'load' 'store'> <Ports = 2> <Width = 16> <Depth = 25> <RAM>
ST_23 : Operation 652 [1/1] (1.42ns)   --->   "%store_ln16 = store i16 %add_ln16_95, i5 %prod_addr_23" [matrix_mult.cpp:16]   --->   Operation 652 'store' 'store_ln16' <Predicate = true> <Delay = 1.42> <CoreInst = "RAM">   --->   Core 81 'RAM' <Latency = 1> <II = 1> <Delay = 1.42> <Storage> <Opcode : 'load' 'store'> <Ports = 2> <Width = 16> <Depth = 25> <RAM>

State 24 <SV = 23> <Delay = 1.42>
ST_24 : Operation 653 [1/1] (0.00ns)   --->   "%prod_addr_24 = getelementptr i16 %prod, i64 0, i64 24" [matrix_mult.cpp:16]   --->   Operation 653 'getelementptr' 'prod_addr_24' <Predicate = true> <Delay = 0.00>
ST_24 : Operation 654 [1/1] (0.00ns)   --->   "%specpipeline_ln0 = specpipeline void @_ssdm_op_SpecPipeline, i32 4294967295, i32 0, i32 0, i32 0, void @empty_0"   --->   Operation 654 'specpipeline' 'specpipeline_ln0' <Predicate = true> <Delay = 0.00>
ST_24 : Operation 655 [1/1] (0.00ns)   --->   "%spectopmodule_ln0 = spectopmodule void @_ssdm_op_SpecTopModule, void @empty_1"   --->   Operation 655 'spectopmodule' 'spectopmodule_ln0' <Predicate = true> <Delay = 0.00>
ST_24 : Operation 656 [1/1] (0.00ns)   --->   "%specinterface_ln0 = specinterface void @_ssdm_op_SpecInterface, i40 %a, void @empty, i32 0, i32 0, void @empty_0, i32 4294967295, i32 0, void @empty_0, void @empty_0, void @empty_0, i32 0, i32 0, i32 0, i32 0, void @empty_0, void @empty_0, i32 4294967295, i32 0, i32 0"   --->   Operation 656 'specinterface' 'specinterface_ln0' <Predicate = true> <Delay = 0.00>
ST_24 : Operation 657 [1/1] (0.00ns)   --->   "%specbitsmap_ln0 = specbitsmap void @_ssdm_op_SpecBitsMap, i40 %a"   --->   Operation 657 'specbitsmap' 'specbitsmap_ln0' <Predicate = true> <Delay = 0.00>
ST_24 : Operation 658 [1/1] (0.00ns)   --->   "%specinterface_ln0 = specinterface void @_ssdm_op_SpecInterface, i40 %b, void @empty, i32 0, i32 0, void @empty_0, i32 4294967295, i32 0, void @empty_0, void @empty_0, void @empty_0, i32 0, i32 0, i32 0, i32 0, void @empty_0, void @empty_0, i32 4294967295, i32 0, i32 0"   --->   Operation 658 'specinterface' 'specinterface_ln0' <Predicate = true> <Delay = 0.00>
ST_24 : Operation 659 [1/1] (0.00ns)   --->   "%specbitsmap_ln0 = specbitsmap void @_ssdm_op_SpecBitsMap, i40 %b"   --->   Operation 659 'specbitsmap' 'specbitsmap_ln0' <Predicate = true> <Delay = 0.00>
ST_24 : Operation 660 [1/1] (0.00ns)   --->   "%specinterface_ln0 = specinterface void @_ssdm_op_SpecInterface, i16 %prod, void @empty, i32 0, i32 0, void @empty_0, i32 4294967295, i32 0, void @empty_0, void @empty_0, void @empty_0, i32 0, i32 0, i32 0, i32 0, void @empty_0, void @empty_0, i32 4294967295, i32 0, i32 0"   --->   Operation 660 'specinterface' 'specinterface_ln0' <Predicate = true> <Delay = 0.00>
ST_24 : Operation 661 [1/1] (0.00ns)   --->   "%specbitsmap_ln0 = specbitsmap void @_ssdm_op_SpecBitsMap, i16 %prod"   --->   Operation 661 'specbitsmap' 'specbitsmap_ln0' <Predicate = true> <Delay = 0.00>
ST_24 : Operation 662 [1/1] (1.42ns)   --->   "%store_ln16 = store i16 %add_ln16_99, i5 %prod_addr_24" [matrix_mult.cpp:16]   --->   Operation 662 'store' 'store_ln16' <Predicate = true> <Delay = 1.42> <CoreInst = "RAM">   --->   Core 81 'RAM' <Latency = 1> <II = 1> <Delay = 1.42> <Storage> <Opcode : 'load' 'store'> <Ports = 2> <Width = 16> <Depth = 25> <RAM>
ST_24 : Operation 663 [1/1] (0.00ns)   --->   "%ret_ln21 = ret" [matrix_mult.cpp:21]   --->   Operation 663 'ret' 'ret_ln21' <Predicate = true> <Delay = 0.00>


============================================================
+ Verbose Summary: Timing violations
============================================================
Target clock period: 5.000ns, clock uncertainty: 1.350ns.

 <State 1>: 1.425ns
The critical path consists of the following:
	'getelementptr' operation 3 bit ('a_addr', matrix_mult.cpp:16) [37]  (0.000 ns)
	'load' operation 40 bit ('a_load', matrix_mult.cpp:16) on array 'a' [38]  (1.425 ns)

 <State 2>: 2.515ns
The critical path consists of the following:
	'load' operation 40 bit ('a_load', matrix_mult.cpp:16) on array 'a' [38]  (1.425 ns)
	'mul' operation 16 bit of DSP[67] ('mul_ln16_4', matrix_mult.cpp:16) [65]  (1.090 ns)

 <State 3>: 3.290ns
The critical path consists of the following:
	'mul' operation 16 bit ('mul_ln16_3', matrix_mult.cpp:16) [60]  (3.290 ns)

 <State 4>: 3.290ns
The critical path consists of the following:
	'mul' operation 16 bit ('mul_ln16_13', matrix_mult.cpp:16) [106]  (3.290 ns)

 <State 5>: 3.290ns
The critical path consists of the following:
	'mul' operation 16 bit ('mul_ln16_23', matrix_mult.cpp:16) [150]  (3.290 ns)

 <State 6>: 3.290ns
The critical path consists of the following:
	'mul' operation 16 bit ('mul_ln16_63', matrix_mult.cpp:16) [256]  (3.290 ns)

 <State 7>: 3.290ns
The critical path consists of the following:
	'mul' operation 16 bit ('mul_ln16_83', matrix_mult.cpp:16) [308]  (3.290 ns)

 <State 8>: 3.290ns
The critical path consists of the following:
	'mul' operation 16 bit ('mul_ln16_103', matrix_mult.cpp:16) [358]  (3.290 ns)

 <State 9>: 3.290ns
The critical path consists of the following:
	'mul' operation 16 bit ('mul_ln16_1', matrix_mult.cpp:16) [50]  (3.290 ns)

 <State 10>: 3.290ns
The critical path consists of the following:
	'mul' operation 16 bit ('mul_ln16_16', matrix_mult.cpp:16) [122]  (3.290 ns)

 <State 11>: 3.290ns
The critical path consists of the following:
	'mul' operation 16 bit ('mul_ln16_36', matrix_mult.cpp:16) [192]  (3.290 ns)

 <State 12>: 3.290ns
The critical path consists of the following:
	'mul' operation 16 bit ('mul_ln16_56', matrix_mult.cpp:16) [244]  (3.290 ns)

 <State 13>: 3.290ns
The critical path consists of the following:
	'mul' operation 16 bit ('mul_ln16_76', matrix_mult.cpp:16) [290]  (3.290 ns)

 <State 14>: 3.290ns
The critical path consists of the following:
	'mul' operation 16 bit ('mul_ln16_96', matrix_mult.cpp:16) [336]  (3.290 ns)

 <State 15>: 3.290ns
The critical path consists of the following:
	'mul' operation 16 bit ('mul_ln16_116', matrix_mult.cpp:16) [388]  (3.290 ns)

 <State 16>: 3.268ns
The critical path consists of the following:
	'add' operation 16 bit of DSP[332] ('add_ln16_74', matrix_mult.cpp:16) [332]  (1.780 ns)
	'add' operation 16 bit ('add_ln16_75', matrix_mult.cpp:16) [333]  (1.488 ns)

 <State 17>: 3.268ns
The critical path consists of the following:
	'add' operation 16 bit of DSP[364] ('add_ln16_82', matrix_mult.cpp:16) [364]  (1.780 ns)
	'add' operation 16 bit ('add_ln16_83', matrix_mult.cpp:16) [365]  (1.488 ns)

 <State 18>: 3.268ns
The critical path consists of the following:
	'add' operation 16 bit of DSP[404] ('add_ln16_98', matrix_mult.cpp:16) [404]  (1.780 ns)
	'add' operation 16 bit ('add_ln16_99', matrix_mult.cpp:16) [405]  (1.488 ns)

 <State 19>: 1.425ns
The critical path consists of the following:
	'getelementptr' operation 5 bit ('prod_addr_14', matrix_mult.cpp:16) [18]  (0.000 ns)
	'store' operation 0 bit ('store_ln16', matrix_mult.cpp:16) of variable 'add_ln16_59', matrix_mult.cpp:16 on array 'prod' [282]  (1.425 ns)

 <State 20>: 1.425ns
The critical path consists of the following:
	'getelementptr' operation 5 bit ('prod_addr_16', matrix_mult.cpp:16) [20]  (0.000 ns)
	'store' operation 0 bit ('store_ln16', matrix_mult.cpp:16) of variable 'add_ln16_67', matrix_mult.cpp:16 on array 'prod' [314]  (1.425 ns)

 <State 21>: 1.425ns
The critical path consists of the following:
	'getelementptr' operation 5 bit ('prod_addr_18', matrix_mult.cpp:16) [22]  (0.000 ns)
	'store' operation 0 bit ('store_ln16', matrix_mult.cpp:16) of variable 'add_ln16_75', matrix_mult.cpp:16 on array 'prod' [334]  (1.425 ns)

 <State 22>: 1.425ns
The critical path consists of the following:
	'getelementptr' operation 5 bit ('prod_addr_20', matrix_mult.cpp:16) [24]  (0.000 ns)
	'store' operation 0 bit ('store_ln16', matrix_mult.cpp:16) of variable 'add_ln16_83', matrix_mult.cpp:16 on array 'prod' [366]  (1.425 ns)

 <State 23>: 1.425ns
The critical path consists of the following:
	'getelementptr' operation 5 bit ('prod_addr_22', matrix_mult.cpp:16) [26]  (0.000 ns)
	'store' operation 0 bit ('store_ln16', matrix_mult.cpp:16) of variable 'add_ln16_91', matrix_mult.cpp:16 on array 'prod' [386]  (1.425 ns)

 <State 24>: 1.425ns
The critical path consists of the following:
	'getelementptr' operation 5 bit ('prod_addr_24', matrix_mult.cpp:16) [28]  (0.000 ns)
	'store' operation 0 bit ('store_ln16', matrix_mult.cpp:16) of variable 'add_ln16_99', matrix_mult.cpp:16 on array 'prod' [406]  (1.425 ns)


============================================================
+ Verbose Summary: Binding
============================================================
N/A
* FSMD analyzer results:
  - Output states:
 - Input state : 
  - Chain level:
	State 1
	State 2
	State 3
	State 4
	State 5
	State 6
	State 7
	State 8
	State 9
	State 10
	State 11
	State 12
	State 13
	State 14
	State 15
	State 16
	State 17
	State 18
	State 19
	State 20
	State 21
	State 22
	State 23
	State 24


============================================================
+ Verbose Summary: Datapath Resource usage 
============================================================
N/A
