

================================================================
== Vitis HLS Report for 'matrix_mult'
================================================================
* Date:           Mon May 25 11:03:41 2026

* Version:        2024.1 (Build 5069499 on May 21 2024)
* Project:        tutor3
* Solution:       solution1 (Vivado IP Flow Target)
* Product family: kintex7
* Target device:  xc7k70t-fbv676-1


================================================================
== Performance Estimates
================================================================
+ Timing: 
    * Summary: 
    +--------+---------+----------+------------+
    |  Clock |  Target | Estimated| Uncertainty|
    +--------+---------+----------+------------+
    |ap_clk  |  5.00 ns|  3.417 ns|     1.35 ns|
    +--------+---------+----------+------------+

+ Latency: 
    * Summary: 
    +---------+---------+----------+----------+-----+-----+-----------------------------------------------+
    |  Latency (cycles) |  Latency (absolute) |  Interval |                    Pipeline                   |
    |   min   |   max   |    min   |    max   | min | max |                      Type                     |
    +---------+---------+----------+----------+-----+-----+-----------------------------------------------+
    |       83|       83|  0.415 us|  0.415 us|   75|   75|  loop auto-rewind stp(delay=0 clock cycles(s))|
    +---------+---------+----------+----------+-----+-----+-----------------------------------------------+

    + Detail: 
        * Instance: 
        N/A

        * Loop: 
        +-----------+---------+---------+----------+-----------+-----------+------+----------+
        |           |  Latency (cycles) | Iteration|  Initiation Interval  | Trip |          |
        | Loop Name |   min   |   max   |  Latency |  achieved |   target  | Count| Pipelined|
        +-----------+---------+---------+----------+-----------+-----------+------+----------+
        |- Row_Col  |       81|       81|        10|          3|          1|    25|       yes|
        +-----------+---------+---------+----------+-----------+-----------+------+----------+

============================================================
+ Verbose Summary: Synthesis Manager
============================================================
InlineROM: 1
ExposeGlobal: 0
============================================================
+ Verbose Summary: CDFG Model
============================================================
IsTopModel: 1
ResetActiveHigh: 1
IsCombinational: 0
IsDatapathOnly: 0
HasWiredReturn: 1
HasMFsm: 2
HasVarLatency: 1
IsPipeline: 0
IsRtlPipelined: 0
IsInstanceOverlapped: 0
IsDontTouch: 0
HasImplIP: 0
IsGatedGlobalClock: 0

+ Individual pipeline summary: 
  * Pipeline-0: initiation interval (II) = 3, depth = 10


============================================================
+ Verbose Summary: Schedule
============================================================
* Number of FSM states : 10
* Pipeline : 1
  Pipeline-0 : II = 3, D = 10, States = { 1 2 3 4 5 6 7 8 9 10 }
* Dataflow Pipeline: 0

* FSM state transitions: 
1 --> 2 
2 --> 3 
3 --> 4 
4 --> 5 
5 --> 6 
6 --> 7 
7 --> 8 
8 --> 9 
9 --> 10 
10 --> 

* FSM state operations: 

State 1 <SV = 0> <Delay = 2.19>
ST_1 : Operation 13 [1/1] (0.00ns)   --->   "%indvar_flatten1 = alloca i32 1"   --->   Operation 13 'alloca' 'indvar_flatten1' <Predicate = true> <Delay = 0.00>
ST_1 : Operation 14 [1/1] (0.00ns)   --->   "%i2 = alloca i32 1"   --->   Operation 14 'alloca' 'i2' <Predicate = true> <Delay = 0.00>
ST_1 : Operation 15 [1/1] (0.00ns)   --->   "%j3 = alloca i32 1"   --->   Operation 15 'alloca' 'j3' <Predicate = true> <Delay = 0.00>
ST_1 : Operation 16 [1/1] (0.00ns)   --->   "%spectopmodule_ln4 = spectopmodule void @_ssdm_op_SpecTopModule, void @empty_1" [matrix_mult.cpp:4]   --->   Operation 16 'spectopmodule' 'spectopmodule_ln4' <Predicate = true> <Delay = 0.00>
ST_1 : Operation 17 [1/1] (0.00ns)   --->   "%specinterface_ln0 = specinterface void @_ssdm_op_SpecInterface, i8 %a, void @empty, i32 0, i32 0, void @empty_0, i32 4294967295, i32 0, void @empty_0, void @empty_0, void @empty_0, i32 0, i32 0, i32 0, i32 0, void @empty_0, void @empty_0, i32 4294967295, i32 0, i32 0"   --->   Operation 17 'specinterface' 'specinterface_ln0' <Predicate = true> <Delay = 0.00>
ST_1 : Operation 18 [1/1] (0.00ns)   --->   "%specbitsmap_ln0 = specbitsmap void @_ssdm_op_SpecBitsMap, i8 %a"   --->   Operation 18 'specbitsmap' 'specbitsmap_ln0' <Predicate = true> <Delay = 0.00>
ST_1 : Operation 19 [1/1] (0.00ns)   --->   "%specinterface_ln0 = specinterface void @_ssdm_op_SpecInterface, i8 %b, void @empty, i32 0, i32 0, void @empty_0, i32 4294967295, i32 0, void @empty_0, void @empty_0, void @empty_0, i32 0, i32 0, i32 0, i32 0, void @empty_0, void @empty_0, i32 4294967295, i32 0, i32 0"   --->   Operation 19 'specinterface' 'specinterface_ln0' <Predicate = true> <Delay = 0.00>
ST_1 : Operation 20 [1/1] (0.00ns)   --->   "%specbitsmap_ln0 = specbitsmap void @_ssdm_op_SpecBitsMap, i8 %b"   --->   Operation 20 'specbitsmap' 'specbitsmap_ln0' <Predicate = true> <Delay = 0.00>
ST_1 : Operation 21 [1/1] (0.00ns)   --->   "%specinterface_ln0 = specinterface void @_ssdm_op_SpecInterface, i16 %prod, void @empty, i32 0, i32 0, void @empty_0, i32 4294967295, i32 0, void @empty_0, void @empty_0, void @empty_0, i32 0, i32 0, i32 0, i32 0, void @empty_0, void @empty_0, i32 4294967295, i32 0, i32 0"   --->   Operation 21 'specinterface' 'specinterface_ln0' <Predicate = true> <Delay = 0.00>
ST_1 : Operation 22 [1/1] (0.00ns)   --->   "%specbitsmap_ln0 = specbitsmap void @_ssdm_op_SpecBitsMap, i16 %prod"   --->   Operation 22 'specbitsmap' 'specbitsmap_ln0' <Predicate = true> <Delay = 0.00>
ST_1 : Operation 23 [1/1] (1.02ns)   --->   "%store_ln0 = store i3 0, i3 %j3"   --->   Operation 23 'store' 'store_ln0' <Predicate = true> <Delay = 1.02>
ST_1 : Operation 24 [1/1] (1.02ns)   --->   "%store_ln0 = store i3 0, i3 %i2"   --->   Operation 24 'store' 'store_ln0' <Predicate = true> <Delay = 1.02>
ST_1 : Operation 25 [1/1] (1.02ns)   --->   "%store_ln0 = store i5 0, i5 %indvar_flatten1"   --->   Operation 25 'store' 'store_ln0' <Predicate = true> <Delay = 1.02>
ST_1 : Operation 26 [1/1] (1.02ns)   --->   "%br_ln0 = br void %for.inc29"   --->   Operation 26 'br' 'br_ln0' <Predicate = true> <Delay = 1.02>
ST_1 : Operation 27 [1/1] (0.00ns)   --->   "%icmp_ln124 = phi i1 0, void %entry, i1 %icmp_ln12, void %for.inc29" [matrix_mult.cpp:12]   --->   Operation 27 'phi' 'icmp_ln124' <Predicate = true> <Delay = 0.00>
ST_1 : Operation 28 [1/1] (0.00ns)   --->   "%i2_load = load i3 %i2" [matrix_mult.cpp:10]   --->   Operation 28 'load' 'i2_load' <Predicate = true> <Delay = 0.00>
ST_1 : Operation 29 [1/1] (1.16ns)   --->   "%add_ln10 = add i3 %i2_load, i3 1" [matrix_mult.cpp:10]   --->   Operation 29 'add' 'add_ln10' <Predicate = true> <Delay = 1.16> <CoreInst = "Adder">   --->   Core 1 'Adder' <Latency = 0> <II = 1> <Delay = 1.16> <FuncUnit> <Opcode : 'add' 'sub'> <InPorts = 2> <OutPorts = 1>

State 2 <SV = 1> <Delay = 3.41>
ST_2 : Operation 30 [1/1] (0.00ns)   --->   "%j3_load = load i3 %j3" [matrix_mult.cpp:10]   --->   Operation 30 'load' 'j3_load' <Predicate = true> <Delay = 0.00>
ST_2 : Operation 31 [1/1] (0.65ns)   --->   "%select_ln10 = select i1 %icmp_ln124, i3 0, i3 %j3_load" [matrix_mult.cpp:10]   --->   Operation 31 'select' 'select_ln10' <Predicate = true> <Delay = 0.65> <CoreInst = "Sel">   --->   Core 73 'Sel' <Latency = 0> <II = 1> <Delay = 0.65> <FuncUnit> <Opcode : 'select'> <InPorts = 3> <OutPorts = 1>
ST_2 : Operation 32 [1/1] (0.65ns)   --->   "%i = select i1 %icmp_ln124, i3 %add_ln10, i3 %i2_load" [matrix_mult.cpp:10]   --->   Operation 32 'select' 'i' <Predicate = true> <Delay = 0.65> <CoreInst = "Sel">   --->   Core 73 'Sel' <Latency = 0> <II = 1> <Delay = 0.65> <FuncUnit> <Opcode : 'select'> <InPorts = 3> <OutPorts = 1>
ST_2 : Operation 33 [1/1] (0.00ns)   --->   "%select_ln10_1_cast = zext i3 %i" [matrix_mult.cpp:10]   --->   Operation 33 'zext' 'select_ln10_1_cast' <Predicate = true> <Delay = 0.00>
ST_2 : Operation 34 [1/1] (0.00ns)   --->   "%tmp = bitconcatenate i5 @_ssdm_op_BitConcatenate.i5.i3.i2, i3 %i, i2 0" [matrix_mult.cpp:10]   --->   Operation 34 'bitconcatenate' 'tmp' <Predicate = true> <Delay = 0.00>
ST_2 : Operation 35 [1/1] (0.00ns)   --->   "%p_shl = zext i5 %tmp" [matrix_mult.cpp:10]   --->   Operation 35 'zext' 'p_shl' <Predicate = true> <Delay = 0.00>
ST_2 : Operation 36 [1/1] (1.33ns)   --->   "%empty = add i6 %p_shl, i6 %select_ln10_1_cast" [matrix_mult.cpp:10]   --->   Operation 36 'add' 'empty' <Predicate = true> <Delay = 1.33> <CoreInst = "Adder">   --->   Core 1 'Adder' <Latency = 0> <II = 1> <Delay = 1.33> <FuncUnit> <Opcode : 'add' 'sub'> <InPorts = 2> <OutPorts = 1>
ST_2 : Operation 37 [1/1] (0.00ns)   --->   "%p_cast6 = zext i6 %empty" [matrix_mult.cpp:10]   --->   Operation 37 'zext' 'p_cast6' <Predicate = true> <Delay = 0.00>
ST_2 : Operation 38 [1/1] (0.00ns)   --->   "%empty_4 = trunc i6 %empty" [matrix_mult.cpp:10]   --->   Operation 38 'trunc' 'empty_4' <Predicate = true> <Delay = 0.00>
ST_2 : Operation 39 [1/1] (0.00ns)   --->   "%a_addr = getelementptr i8 %a, i64 0, i64 %p_cast6" [matrix_mult.cpp:10]   --->   Operation 39 'getelementptr' 'a_addr' <Predicate = true> <Delay = 0.00>
ST_2 : Operation 40 [2/2] (1.42ns)   --->   "%a_load = load i5 %a_addr" [matrix_mult.cpp:10]   --->   Operation 40 'load' 'a_load' <Predicate = true> <Delay = 1.42> <CoreInst = "RAM">   --->   Core 81 'RAM' <Latency = 1> <II = 1> <Delay = 1.42> <Storage> <Opcode : 'load' 'store'> <Ports = 2> <Width = 8> <Depth = 25> <RAM>
ST_2 : Operation 41 [1/1] (0.00ns)   --->   "%zext_ln16 = zext i3 %select_ln10" [matrix_mult.cpp:16]   --->   Operation 41 'zext' 'zext_ln16' <Predicate = true> <Delay = 0.00>
ST_2 : Operation 42 [1/1] (1.33ns)   --->   "%add_ln16_6 = add i5 %zext_ln16, i5 15" [matrix_mult.cpp:16]   --->   Operation 42 'add' 'add_ln16_6' <Predicate = true> <Delay = 1.33> <CoreInst = "Adder">   --->   Core 1 'Adder' <Latency = 0> <II = 1> <Delay = 1.33> <FuncUnit> <Opcode : 'add' 'sub'> <InPorts = 2> <OutPorts = 1>
ST_2 : Operation 43 [1/1] (0.00ns)   --->   "%zext_ln16_4 = zext i5 %add_ln16_6" [matrix_mult.cpp:16]   --->   Operation 43 'zext' 'zext_ln16_4' <Predicate = true> <Delay = 0.00>
ST_2 : Operation 44 [1/1] (0.00ns)   --->   "%b_addr_3 = getelementptr i8 %b, i64 0, i64 %zext_ln16_4" [matrix_mult.cpp:16]   --->   Operation 44 'getelementptr' 'b_addr_3' <Predicate = true> <Delay = 0.00>
ST_2 : Operation 45 [1/1] (1.33ns)   --->   "%add_ln16_7 = add i5 %zext_ln16, i5 20" [matrix_mult.cpp:16]   --->   Operation 45 'add' 'add_ln16_7' <Predicate = true> <Delay = 1.33> <CoreInst = "Adder">   --->   Core 1 'Adder' <Latency = 0> <II = 1> <Delay = 1.33> <FuncUnit> <Opcode : 'add' 'sub'> <InPorts = 2> <OutPorts = 1>
ST_2 : Operation 46 [1/1] (0.00ns)   --->   "%zext_ln16_5 = zext i5 %add_ln16_7" [matrix_mult.cpp:16]   --->   Operation 46 'zext' 'zext_ln16_5' <Predicate = true> <Delay = 0.00>
ST_2 : Operation 47 [1/1] (0.00ns)   --->   "%b_addr_4 = getelementptr i8 %b, i64 0, i64 %zext_ln16_5" [matrix_mult.cpp:16]   --->   Operation 47 'getelementptr' 'b_addr_4' <Predicate = true> <Delay = 0.00>
ST_2 : Operation 48 [2/2] (1.42ns)   --->   "%b_load_3 = load i5 %b_addr_3" [matrix_mult.cpp:16]   --->   Operation 48 'load' 'b_load_3' <Predicate = true> <Delay = 1.42> <CoreInst = "RAM">   --->   Core 81 'RAM' <Latency = 1> <II = 1> <Delay = 1.42> <Storage> <Opcode : 'load' 'store'> <Ports = 2> <Width = 8> <Depth = 25> <RAM>
ST_2 : Operation 49 [2/2] (1.42ns)   --->   "%b_load_4 = load i5 %b_addr_4" [matrix_mult.cpp:16]   --->   Operation 49 'load' 'b_load_4' <Predicate = true> <Delay = 1.42> <CoreInst = "RAM">   --->   Core 81 'RAM' <Latency = 1> <II = 1> <Delay = 1.42> <Storage> <Opcode : 'load' 'store'> <Ports = 2> <Width = 8> <Depth = 25> <RAM>
ST_2 : Operation 50 [1/1] (1.02ns)   --->   "%store_ln10 = store i3 %i, i3 %i2" [matrix_mult.cpp:10]   --->   Operation 50 'store' 'store_ln10' <Predicate = true> <Delay = 1.02>

State 3 <SV = 2> <Delay = 2.76>
ST_3 : Operation 51 [1/1] (0.00ns)   --->   "%indvar_flatten1_load = load i5 %indvar_flatten1" [matrix_mult.cpp:10]   --->   Operation 51 'load' 'indvar_flatten1_load' <Predicate = true> <Delay = 0.00>
ST_3 : Operation 52 [1/1] (1.33ns)   --->   "%empty_5 = add i5 %empty_4, i5 1" [matrix_mult.cpp:10]   --->   Operation 52 'add' 'empty_5' <Predicate = true> <Delay = 1.33> <CoreInst = "Adder">   --->   Core 1 'Adder' <Latency = 0> <II = 1> <Delay = 1.33> <FuncUnit> <Opcode : 'add' 'sub'> <InPorts = 2> <OutPorts = 1>
ST_3 : Operation 53 [1/1] (1.33ns)   --->   "%empty_6 = add i5 %empty_4, i5 2" [matrix_mult.cpp:10]   --->   Operation 53 'add' 'empty_6' <Predicate = true> <Delay = 1.33> <CoreInst = "Adder">   --->   Core 1 'Adder' <Latency = 0> <II = 1> <Delay = 1.33> <FuncUnit> <Opcode : 'add' 'sub'> <InPorts = 2> <OutPorts = 1>
ST_3 : Operation 54 [1/1] (1.33ns)   --->   "%empty_7 = add i5 %empty_4, i5 3" [matrix_mult.cpp:10]   --->   Operation 54 'add' 'empty_7' <Predicate = true> <Delay = 1.33> <CoreInst = "Adder">   --->   Core 1 'Adder' <Latency = 0> <II = 1> <Delay = 1.33> <FuncUnit> <Opcode : 'add' 'sub'> <InPorts = 2> <OutPorts = 1>
ST_3 : Operation 55 [1/1] (0.00ns)   --->   "%p_cast9 = zext i5 %empty_7" [matrix_mult.cpp:10]   --->   Operation 55 'zext' 'p_cast9' <Predicate = true> <Delay = 0.00>
ST_3 : Operation 56 [1/1] (0.00ns)   --->   "%a_addr_3 = getelementptr i8 %a, i64 0, i64 %p_cast9" [matrix_mult.cpp:10]   --->   Operation 56 'getelementptr' 'a_addr_3' <Predicate = true> <Delay = 0.00>
ST_3 : Operation 57 [1/1] (1.33ns)   --->   "%empty_8 = add i5 %empty_4, i5 4" [matrix_mult.cpp:10]   --->   Operation 57 'add' 'empty_8' <Predicate = true> <Delay = 1.33> <CoreInst = "Adder">   --->   Core 1 'Adder' <Latency = 0> <II = 1> <Delay = 1.33> <FuncUnit> <Opcode : 'add' 'sub'> <InPorts = 2> <OutPorts = 1>
ST_3 : Operation 58 [1/1] (0.00ns)   --->   "%p_cast10 = zext i5 %empty_8" [matrix_mult.cpp:10]   --->   Operation 58 'zext' 'p_cast10' <Predicate = true> <Delay = 0.00>
ST_3 : Operation 59 [1/1] (0.00ns)   --->   "%a_addr_4 = getelementptr i8 %a, i64 0, i64 %p_cast10" [matrix_mult.cpp:10]   --->   Operation 59 'getelementptr' 'a_addr_4' <Predicate = true> <Delay = 0.00>
ST_3 : Operation 60 [1/2] (1.42ns)   --->   "%a_load = load i5 %a_addr" [matrix_mult.cpp:10]   --->   Operation 60 'load' 'a_load' <Predicate = true> <Delay = 1.42> <CoreInst = "RAM">   --->   Core 81 'RAM' <Latency = 1> <II = 1> <Delay = 1.42> <Storage> <Opcode : 'load' 'store'> <Ports = 2> <Width = 8> <Depth = 25> <RAM>
ST_3 : Operation 61 [2/2] (1.42ns)   --->   "%a_load_3 = load i5 %a_addr_3" [matrix_mult.cpp:10]   --->   Operation 61 'load' 'a_load_3' <Predicate = true> <Delay = 1.42> <CoreInst = "RAM">   --->   Core 81 'RAM' <Latency = 1> <II = 1> <Delay = 1.42> <Storage> <Opcode : 'load' 'store'> <Ports = 2> <Width = 8> <Depth = 25> <RAM>
ST_3 : Operation 62 [2/2] (1.42ns)   --->   "%a_load_4 = load i5 %a_addr_4" [matrix_mult.cpp:10]   --->   Operation 62 'load' 'a_load_4' <Predicate = true> <Delay = 1.42> <CoreInst = "RAM">   --->   Core 81 'RAM' <Latency = 1> <II = 1> <Delay = 1.42> <Storage> <Opcode : 'load' 'store'> <Ports = 2> <Width = 8> <Depth = 25> <RAM>
ST_3 : Operation 63 [1/1] (0.00ns)   --->   "%zext_ln16_1 = zext i3 %select_ln10" [matrix_mult.cpp:16]   --->   Operation 63 'zext' 'zext_ln16_1' <Predicate = true> <Delay = 0.00>
ST_3 : Operation 64 [1/1] (1.32ns)   --->   "%add_ln16_4 = add i4 %zext_ln16_1, i4 5" [matrix_mult.cpp:16]   --->   Operation 64 'add' 'add_ln16_4' <Predicate = true> <Delay = 1.32> <CoreInst = "Adder">   --->   Core 1 'Adder' <Latency = 0> <II = 1> <Delay = 1.32> <FuncUnit> <Opcode : 'add' 'sub'> <InPorts = 2> <OutPorts = 1>
ST_3 : Operation 65 [1/1] (0.00ns)   --->   "%zext_ln16_2 = zext i4 %add_ln16_4" [matrix_mult.cpp:16]   --->   Operation 65 'zext' 'zext_ln16_2' <Predicate = true> <Delay = 0.00>
ST_3 : Operation 66 [1/1] (0.00ns)   --->   "%b_addr_1 = getelementptr i8 %b, i64 0, i64 %zext_ln16_2" [matrix_mult.cpp:16]   --->   Operation 66 'getelementptr' 'b_addr_1' <Predicate = true> <Delay = 0.00>
ST_3 : Operation 67 [1/1] (1.33ns)   --->   "%add_ln16_5 = add i5 %zext_ln16, i5 10" [matrix_mult.cpp:16]   --->   Operation 67 'add' 'add_ln16_5' <Predicate = true> <Delay = 1.33> <CoreInst = "Adder">   --->   Core 1 'Adder' <Latency = 0> <II = 1> <Delay = 1.33> <FuncUnit> <Opcode : 'add' 'sub'> <InPorts = 2> <OutPorts = 1>
ST_3 : Operation 68 [1/1] (0.00ns)   --->   "%zext_ln16_3 = zext i5 %add_ln16_5" [matrix_mult.cpp:16]   --->   Operation 68 'zext' 'zext_ln16_3' <Predicate = true> <Delay = 0.00>
ST_3 : Operation 69 [1/1] (0.00ns)   --->   "%b_addr_2 = getelementptr i8 %b, i64 0, i64 %zext_ln16_3" [matrix_mult.cpp:16]   --->   Operation 69 'getelementptr' 'b_addr_2' <Predicate = true> <Delay = 0.00>
ST_3 : Operation 70 [1/1] (1.33ns)   --->   "%add_ln16_8 = add i5 %empty_4, i5 %zext_ln16" [matrix_mult.cpp:16]   --->   Operation 70 'add' 'add_ln16_8' <Predicate = true> <Delay = 1.33> <CoreInst = "Adder">   --->   Core 1 'Adder' <Latency = 0> <II = 1> <Delay = 1.33> <FuncUnit> <Opcode : 'add' 'sub'> <InPorts = 2> <OutPorts = 1>
ST_3 : Operation 71 [2/2] (1.42ns)   --->   "%b_load_1 = load i5 %b_addr_1" [matrix_mult.cpp:16]   --->   Operation 71 'load' 'b_load_1' <Predicate = true> <Delay = 1.42> <CoreInst = "RAM">   --->   Core 81 'RAM' <Latency = 1> <II = 1> <Delay = 1.42> <Storage> <Opcode : 'load' 'store'> <Ports = 2> <Width = 8> <Depth = 25> <RAM>
ST_3 : Operation 72 [2/2] (1.42ns)   --->   "%b_load_2 = load i5 %b_addr_2" [matrix_mult.cpp:16]   --->   Operation 72 'load' 'b_load_2' <Predicate = true> <Delay = 1.42> <CoreInst = "RAM">   --->   Core 81 'RAM' <Latency = 1> <II = 1> <Delay = 1.42> <Storage> <Opcode : 'load' 'store'> <Ports = 2> <Width = 8> <Depth = 25> <RAM>
ST_3 : Operation 73 [1/2] (1.42ns)   --->   "%b_load_3 = load i5 %b_addr_3" [matrix_mult.cpp:16]   --->   Operation 73 'load' 'b_load_3' <Predicate = true> <Delay = 1.42> <CoreInst = "RAM">   --->   Core 81 'RAM' <Latency = 1> <II = 1> <Delay = 1.42> <Storage> <Opcode : 'load' 'store'> <Ports = 2> <Width = 8> <Depth = 25> <RAM>
ST_3 : Operation 74 [1/2] (1.42ns)   --->   "%b_load_4 = load i5 %b_addr_4" [matrix_mult.cpp:16]   --->   Operation 74 'load' 'b_load_4' <Predicate = true> <Delay = 1.42> <CoreInst = "RAM">   --->   Core 81 'RAM' <Latency = 1> <II = 1> <Delay = 1.42> <Storage> <Opcode : 'load' 'store'> <Ports = 2> <Width = 8> <Depth = 25> <RAM>
ST_3 : Operation 75 [1/1] (1.33ns)   --->   "%icmp_ln10 = icmp_eq  i5 %indvar_flatten1_load, i5 24" [matrix_mult.cpp:10]   --->   Operation 75 'icmp' 'icmp_ln10' <Predicate = true> <Delay = 1.33> <CoreInst = "Cmp">   --->   Core 9 'Cmp' <Latency = 0> <II = 1> <Delay = 1.33> <FuncUnit> <Opcode : 'seteq' 'setne' 'setle' 'setge' 'setlt' 'setgt'> <InPorts = 2> <OutPorts = 1>
ST_3 : Operation 76 [1/1] (0.00ns)   --->   "%br_ln10 = br i1 %icmp_ln10, void %for.inc29, void %for.end31" [matrix_mult.cpp:10]   --->   Operation 76 'br' 'br_ln10' <Predicate = true> <Delay = 0.00>

State 4 <SV = 3> <Delay = 2.51>
ST_4 : Operation 77 [1/1] (0.00ns)   --->   "%p_cast7 = zext i5 %empty_5" [matrix_mult.cpp:10]   --->   Operation 77 'zext' 'p_cast7' <Predicate = true> <Delay = 0.00>
ST_4 : Operation 78 [1/1] (0.00ns)   --->   "%a_addr_1 = getelementptr i8 %a, i64 0, i64 %p_cast7" [matrix_mult.cpp:10]   --->   Operation 78 'getelementptr' 'a_addr_1' <Predicate = true> <Delay = 0.00>
ST_4 : Operation 79 [1/1] (0.00ns)   --->   "%p_cast8 = zext i5 %empty_6" [matrix_mult.cpp:10]   --->   Operation 79 'zext' 'p_cast8' <Predicate = true> <Delay = 0.00>
ST_4 : Operation 80 [1/1] (0.00ns)   --->   "%a_addr_2 = getelementptr i8 %a, i64 0, i64 %p_cast8" [matrix_mult.cpp:10]   --->   Operation 80 'getelementptr' 'a_addr_2' <Predicate = true> <Delay = 0.00>
ST_4 : Operation 81 [2/2] (1.42ns)   --->   "%a_load_1 = load i5 %a_addr_1" [matrix_mult.cpp:10]   --->   Operation 81 'load' 'a_load_1' <Predicate = true> <Delay = 1.42> <CoreInst = "RAM">   --->   Core 81 'RAM' <Latency = 1> <II = 1> <Delay = 1.42> <Storage> <Opcode : 'load' 'store'> <Ports = 2> <Width = 8> <Depth = 25> <RAM>
ST_4 : Operation 82 [2/2] (1.42ns)   --->   "%a_load_2 = load i5 %a_addr_2" [matrix_mult.cpp:10]   --->   Operation 82 'load' 'a_load_2' <Predicate = true> <Delay = 1.42> <CoreInst = "RAM">   --->   Core 81 'RAM' <Latency = 1> <II = 1> <Delay = 1.42> <Storage> <Opcode : 'load' 'store'> <Ports = 2> <Width = 8> <Depth = 25> <RAM>
ST_4 : Operation 83 [1/2] (1.42ns)   --->   "%a_load_3 = load i5 %a_addr_3" [matrix_mult.cpp:10]   --->   Operation 83 'load' 'a_load_3' <Predicate = true> <Delay = 1.42> <CoreInst = "RAM">   --->   Core 81 'RAM' <Latency = 1> <II = 1> <Delay = 1.42> <Storage> <Opcode : 'load' 'store'> <Ports = 2> <Width = 8> <Depth = 25> <RAM>
ST_4 : Operation 84 [1/2] (1.42ns)   --->   "%a_load_4 = load i5 %a_addr_4" [matrix_mult.cpp:10]   --->   Operation 84 'load' 'a_load_4' <Predicate = true> <Delay = 1.42> <CoreInst = "RAM">   --->   Core 81 'RAM' <Latency = 1> <II = 1> <Delay = 1.42> <Storage> <Opcode : 'load' 'store'> <Ports = 2> <Width = 8> <Depth = 25> <RAM>
ST_4 : Operation 85 [1/1] (0.00ns)   --->   "%conv_4 = sext i8 %a_load_4" [matrix_mult.cpp:10]   --->   Operation 85 'sext' 'conv_4' <Predicate = true> <Delay = 0.00>
ST_4 : Operation 86 [1/1] (0.00ns)   --->   "%zext_ln12 = zext i3 %select_ln10" [matrix_mult.cpp:12]   --->   Operation 86 'zext' 'zext_ln12' <Predicate = true> <Delay = 0.00>
ST_4 : Operation 87 [1/1] (0.00ns)   --->   "%b_addr = getelementptr i8 %b, i64 0, i64 %zext_ln12" [matrix_mult.cpp:16]   --->   Operation 87 'getelementptr' 'b_addr' <Predicate = true> <Delay = 0.00>
ST_4 : Operation 88 [2/2] (1.42ns)   --->   "%b_load = load i5 %b_addr" [matrix_mult.cpp:16]   --->   Operation 88 'load' 'b_load' <Predicate = true> <Delay = 1.42> <CoreInst = "RAM">   --->   Core 81 'RAM' <Latency = 1> <II = 1> <Delay = 1.42> <Storage> <Opcode : 'load' 'store'> <Ports = 2> <Width = 8> <Depth = 25> <RAM>
ST_4 : Operation 89 [1/2] (1.42ns)   --->   "%b_load_1 = load i5 %b_addr_1" [matrix_mult.cpp:16]   --->   Operation 89 'load' 'b_load_1' <Predicate = true> <Delay = 1.42> <CoreInst = "RAM">   --->   Core 81 'RAM' <Latency = 1> <II = 1> <Delay = 1.42> <Storage> <Opcode : 'load' 'store'> <Ports = 2> <Width = 8> <Depth = 25> <RAM>
ST_4 : Operation 90 [1/2] (1.42ns)   --->   "%b_load_2 = load i5 %b_addr_2" [matrix_mult.cpp:16]   --->   Operation 90 'load' 'b_load_2' <Predicate = true> <Delay = 1.42> <CoreInst = "RAM">   --->   Core 81 'RAM' <Latency = 1> <II = 1> <Delay = 1.42> <Storage> <Opcode : 'load' 'store'> <Ports = 2> <Width = 8> <Depth = 25> <RAM>
ST_4 : Operation 91 [1/1] (0.00ns)   --->   "%sext_ln16_4 = sext i8 %b_load_4" [matrix_mult.cpp:16]   --->   Operation 91 'sext' 'sext_ln16_4' <Predicate = true> <Delay = 0.00>
ST_4 : Operation 92 [3/3] (1.09ns) (grouped into DSP with root node add_ln16_1)   --->   "%mul_ln16_1 = mul i16 %sext_ln16_4, i16 %conv_4" [matrix_mult.cpp:16]   --->   Operation 92 'mul' 'mul_ln16_1' <Predicate = true> <Delay = 1.09> <CoreInst = "DSP48">   --->   Core 116 'DSP48' <Latency = 3> <II = 1> <Delay = 1.82> <IPBlock> <Opcode : '' 'add' 'sub' 'mul' 'select'> <InPorts = 0> <OutPorts = 1> <Sync> <CReg>
ST_4 : Operation 93 [1/1] (1.16ns)   --->   "%j = add i3 %select_ln10, i3 1" [matrix_mult.cpp:12]   --->   Operation 93 'add' 'j' <Predicate = true> <Delay = 1.16> <CoreInst = "Adder">   --->   Core 1 'Adder' <Latency = 0> <II = 1> <Delay = 1.16> <FuncUnit> <Opcode : 'add' 'sub'> <InPorts = 2> <OutPorts = 1>
ST_4 : Operation 94 [1/1] (1.16ns)   --->   "%icmp_ln12 = icmp_eq  i3 %j, i3 5" [matrix_mult.cpp:12]   --->   Operation 94 'icmp' 'icmp_ln12' <Predicate = true> <Delay = 1.16> <CoreInst = "Cmp">   --->   Core 9 'Cmp' <Latency = 0> <II = 1> <Delay = 1.16> <FuncUnit> <Opcode : 'seteq' 'setne' 'setle' 'setge' 'setlt' 'setgt'> <InPorts = 2> <OutPorts = 1>
ST_4 : Operation 95 [1/1] (1.02ns)   --->   "%store_ln12 = store i3 %j, i3 %j3" [matrix_mult.cpp:12]   --->   Operation 95 'store' 'store_ln12' <Predicate = true> <Delay = 1.02>

State 5 <SV = 4> <Delay = 3.29>
ST_5 : Operation 96 [1/1] (0.00ns)   --->   "%conv = sext i8 %a_load" [matrix_mult.cpp:10]   --->   Operation 96 'sext' 'conv' <Predicate = true> <Delay = 0.00>
ST_5 : Operation 97 [1/2] (1.42ns)   --->   "%a_load_1 = load i5 %a_addr_1" [matrix_mult.cpp:10]   --->   Operation 97 'load' 'a_load_1' <Predicate = true> <Delay = 1.42> <CoreInst = "RAM">   --->   Core 81 'RAM' <Latency = 1> <II = 1> <Delay = 1.42> <Storage> <Opcode : 'load' 'store'> <Ports = 2> <Width = 8> <Depth = 25> <RAM>
ST_5 : Operation 98 [1/2] (1.42ns)   --->   "%a_load_2 = load i5 %a_addr_2" [matrix_mult.cpp:10]   --->   Operation 98 'load' 'a_load_2' <Predicate = true> <Delay = 1.42> <CoreInst = "RAM">   --->   Core 81 'RAM' <Latency = 1> <II = 1> <Delay = 1.42> <Storage> <Opcode : 'load' 'store'> <Ports = 2> <Width = 8> <Depth = 25> <RAM>
ST_5 : Operation 99 [1/1] (0.00ns)   --->   "%conv_3 = sext i8 %a_load_3" [matrix_mult.cpp:10]   --->   Operation 99 'sext' 'conv_3' <Predicate = true> <Delay = 0.00>
ST_5 : Operation 100 [1/2] (1.42ns)   --->   "%b_load = load i5 %b_addr" [matrix_mult.cpp:16]   --->   Operation 100 'load' 'b_load' <Predicate = true> <Delay = 1.42> <CoreInst = "RAM">   --->   Core 81 'RAM' <Latency = 1> <II = 1> <Delay = 1.42> <Storage> <Opcode : 'load' 'store'> <Ports = 2> <Width = 8> <Depth = 25> <RAM>
ST_5 : Operation 101 [1/1] (0.00ns)   --->   "%sext_ln16 = sext i8 %b_load" [matrix_mult.cpp:16]   --->   Operation 101 'sext' 'sext_ln16' <Predicate = true> <Delay = 0.00>
ST_5 : Operation 102 [1/1] (0.00ns)   --->   "%sext_ln16_3 = sext i8 %b_load_3" [matrix_mult.cpp:16]   --->   Operation 102 'sext' 'sext_ln16_3' <Predicate = true> <Delay = 0.00>
ST_5 : Operation 103 [1/1] (3.29ns)   --->   "%mul_ln16 = mul i16 %sext_ln16_3, i16 %conv_3" [matrix_mult.cpp:16]   --->   Operation 103 'mul' 'mul_ln16' <Predicate = true> <Delay = 3.29> <CoreInst = "Multiplier">   --->   Core 3 'Multiplier' <Latency = 0> <II = 1> <Delay = 3.29> <FuncUnit> <Opcode : 'mul'> <InPorts = 2> <OutPorts = 1>
ST_5 : Operation 104 [2/3] (1.09ns) (grouped into DSP with root node add_ln16_1)   --->   "%mul_ln16_1 = mul i16 %sext_ln16_4, i16 %conv_4" [matrix_mult.cpp:16]   --->   Operation 104 'mul' 'mul_ln16_1' <Predicate = true> <Delay = 1.09> <CoreInst = "DSP48">   --->   Core 116 'DSP48' <Latency = 3> <II = 1> <Delay = 1.82> <IPBlock> <Opcode : '' 'add' 'sub' 'mul' 'select'> <InPorts = 0> <OutPorts = 1> <Sync> <CReg>
ST_5 : Operation 105 [3/3] (1.09ns) (grouped into DSP with root node add_ln16)   --->   "%mul_ln16_2 = mul i16 %sext_ln16, i16 %conv" [matrix_mult.cpp:16]   --->   Operation 105 'mul' 'mul_ln16_2' <Predicate = true> <Delay = 1.09> <CoreInst = "DSP48">   --->   Core 116 'DSP48' <Latency = 3> <II = 1> <Delay = 1.82> <IPBlock> <Opcode : '' 'add' 'sub' 'mul' 'select'> <InPorts = 0> <OutPorts = 1> <Sync> <CReg>
ST_5 : Operation 106 [1/1] (1.33ns)   --->   "%add_ln10_1 = add i5 %indvar_flatten1_load, i5 1" [matrix_mult.cpp:10]   --->   Operation 106 'add' 'add_ln10_1' <Predicate = true> <Delay = 1.33> <CoreInst = "Adder">   --->   Core 1 'Adder' <Latency = 0> <II = 1> <Delay = 1.33> <FuncUnit> <Opcode : 'add' 'sub'> <InPorts = 2> <OutPorts = 1>
ST_5 : Operation 107 [1/1] (1.02ns)   --->   "%store_ln10 = store i5 %add_ln10_1, i5 %indvar_flatten1" [matrix_mult.cpp:10]   --->   Operation 107 'store' 'store_ln10' <Predicate = true> <Delay = 1.02>

State 6 <SV = 5> <Delay = 3.29>
ST_6 : Operation 108 [1/1] (0.00ns)   --->   "%conv_1 = sext i8 %a_load_1" [matrix_mult.cpp:10]   --->   Operation 108 'sext' 'conv_1' <Predicate = true> <Delay = 0.00>
ST_6 : Operation 109 [1/1] (0.00ns)   --->   "%conv_2 = sext i8 %a_load_2" [matrix_mult.cpp:10]   --->   Operation 109 'sext' 'conv_2' <Predicate = true> <Delay = 0.00>
ST_6 : Operation 110 [1/1] (0.00ns)   --->   "%sext_ln16_1 = sext i8 %b_load_1" [matrix_mult.cpp:16]   --->   Operation 110 'sext' 'sext_ln16_1' <Predicate = true> <Delay = 0.00>
ST_6 : Operation 111 [1/1] (0.00ns)   --->   "%sext_ln16_2 = sext i8 %b_load_2" [matrix_mult.cpp:16]   --->   Operation 111 'sext' 'sext_ln16_2' <Predicate = true> <Delay = 0.00>
ST_6 : Operation 112 [1/3] (0.00ns) (grouped into DSP with root node add_ln16_1)   --->   "%mul_ln16_1 = mul i16 %sext_ln16_4, i16 %conv_4" [matrix_mult.cpp:16]   --->   Operation 112 'mul' 'mul_ln16_1' <Predicate = true> <Delay = 0.00> <CoreInst = "DSP48">   --->   Core 116 'DSP48' <Latency = 3> <II = 1> <Delay = 1.82> <IPBlock> <Opcode : '' 'add' 'sub' 'mul' 'select'> <InPorts = 0> <OutPorts = 1> <Sync> <CReg>
ST_6 : Operation 113 [2/3] (1.09ns) (grouped into DSP with root node add_ln16)   --->   "%mul_ln16_2 = mul i16 %sext_ln16, i16 %conv" [matrix_mult.cpp:16]   --->   Operation 113 'mul' 'mul_ln16_2' <Predicate = true> <Delay = 1.09> <CoreInst = "DSP48">   --->   Core 116 'DSP48' <Latency = 3> <II = 1> <Delay = 1.82> <IPBlock> <Opcode : '' 'add' 'sub' 'mul' 'select'> <InPorts = 0> <OutPorts = 1> <Sync> <CReg>
ST_6 : Operation 114 [3/3] (1.09ns) (grouped into DSP with root node add_ln16_2)   --->   "%mul_ln16_3 = mul i16 %sext_ln16_2, i16 %conv_2" [matrix_mult.cpp:16]   --->   Operation 114 'mul' 'mul_ln16_3' <Predicate = true> <Delay = 1.09> <CoreInst = "DSP48">   --->   Core 116 'DSP48' <Latency = 3> <II = 1> <Delay = 1.82> <IPBlock> <Opcode : '' 'add' 'sub' 'mul' 'select'> <InPorts = 0> <OutPorts = 1> <Sync> <CReg>
ST_6 : Operation 115 [1/1] (3.29ns)   --->   "%mul_ln16_4 = mul i16 %sext_ln16_1, i16 %conv_1" [matrix_mult.cpp:16]   --->   Operation 115 'mul' 'mul_ln16_4' <Predicate = true> <Delay = 3.29> <CoreInst = "Multiplier">   --->   Core 3 'Multiplier' <Latency = 0> <II = 1> <Delay = 3.29> <FuncUnit> <Opcode : 'mul'> <InPorts = 2> <OutPorts = 1>
ST_6 : Operation 116 [2/2] (1.78ns) (root node of the DSP)   --->   "%add_ln16_1 = add i16 %mul_ln16, i16 %mul_ln16_1" [matrix_mult.cpp:16]   --->   Operation 116 'add' 'add_ln16_1' <Predicate = true> <Delay = 1.78> <CoreInst = "DSP48">   --->   Core 116 'DSP48' <Latency = 3> <II = 1> <Delay = 1.82> <IPBlock> <Opcode : '' 'add' 'sub' 'mul' 'select'> <InPorts = 0> <OutPorts = 1> <Sync> <CReg>

State 7 <SV = 6> <Delay = 1.78>
ST_7 : Operation 117 [1/3] (0.00ns) (grouped into DSP with root node add_ln16)   --->   "%mul_ln16_2 = mul i16 %sext_ln16, i16 %conv" [matrix_mult.cpp:16]   --->   Operation 117 'mul' 'mul_ln16_2' <Predicate = true> <Delay = 0.00> <CoreInst = "DSP48">   --->   Core 116 'DSP48' <Latency = 3> <II = 1> <Delay = 1.82> <IPBlock> <Opcode : '' 'add' 'sub' 'mul' 'select'> <InPorts = 0> <OutPorts = 1> <Sync> <CReg>
ST_7 : Operation 118 [2/3] (1.09ns) (grouped into DSP with root node add_ln16_2)   --->   "%mul_ln16_3 = mul i16 %sext_ln16_2, i16 %conv_2" [matrix_mult.cpp:16]   --->   Operation 118 'mul' 'mul_ln16_3' <Predicate = true> <Delay = 1.09> <CoreInst = "DSP48">   --->   Core 116 'DSP48' <Latency = 3> <II = 1> <Delay = 1.82> <IPBlock> <Opcode : '' 'add' 'sub' 'mul' 'select'> <InPorts = 0> <OutPorts = 1> <Sync> <CReg>
ST_7 : Operation 119 [2/2] (1.78ns) (root node of the DSP)   --->   "%add_ln16 = add i16 %mul_ln16_4, i16 %mul_ln16_2" [matrix_mult.cpp:16]   --->   Operation 119 'add' 'add_ln16' <Predicate = true> <Delay = 1.78> <CoreInst = "DSP48">   --->   Core 116 'DSP48' <Latency = 3> <II = 1> <Delay = 1.82> <IPBlock> <Opcode : '' 'add' 'sub' 'mul' 'select'> <InPorts = 0> <OutPorts = 1> <Sync> <CReg>
ST_7 : Operation 120 [1/2] (1.78ns) (root node of the DSP)   --->   "%add_ln16_1 = add i16 %mul_ln16, i16 %mul_ln16_1" [matrix_mult.cpp:16]   --->   Operation 120 'add' 'add_ln16_1' <Predicate = true> <Delay = 1.78> <CoreInst = "DSP48">   --->   Core 116 'DSP48' <Latency = 3> <II = 1> <Delay = 1.82> <IPBlock> <Opcode : '' 'add' 'sub' 'mul' 'select'> <InPorts = 0> <OutPorts = 1> <Sync> <CReg>

State 8 <SV = 7> <Delay = 1.78>
ST_8 : Operation 121 [1/3] (0.00ns) (grouped into DSP with root node add_ln16_2)   --->   "%mul_ln16_3 = mul i16 %sext_ln16_2, i16 %conv_2" [matrix_mult.cpp:16]   --->   Operation 121 'mul' 'mul_ln16_3' <Predicate = true> <Delay = 0.00> <CoreInst = "DSP48">   --->   Core 116 'DSP48' <Latency = 3> <II = 1> <Delay = 1.82> <IPBlock> <Opcode : '' 'add' 'sub' 'mul' 'select'> <InPorts = 0> <OutPorts = 1> <Sync> <CReg>
ST_8 : Operation 122 [1/2] (1.78ns) (root node of the DSP)   --->   "%add_ln16 = add i16 %mul_ln16_4, i16 %mul_ln16_2" [matrix_mult.cpp:16]   --->   Operation 122 'add' 'add_ln16' <Predicate = true> <Delay = 1.78> <CoreInst = "DSP48">   --->   Core 116 'DSP48' <Latency = 3> <II = 1> <Delay = 1.82> <IPBlock> <Opcode : '' 'add' 'sub' 'mul' 'select'> <InPorts = 0> <OutPorts = 1> <Sync> <CReg>
ST_8 : Operation 123 [2/2] (1.78ns) (root node of the DSP)   --->   "%add_ln16_2 = add i16 %add_ln16_1, i16 %mul_ln16_3" [matrix_mult.cpp:16]   --->   Operation 123 'add' 'add_ln16_2' <Predicate = true> <Delay = 1.78> <CoreInst = "DSP48">   --->   Core 116 'DSP48' <Latency = 3> <II = 1> <Delay = 1.82> <IPBlock> <Opcode : '' 'add' 'sub' 'mul' 'select'> <InPorts = 0> <OutPorts = 1> <Sync> <CReg>

State 9 <SV = 8> <Delay = 3.26>
ST_9 : Operation 124 [1/2] (1.78ns) (root node of the DSP)   --->   "%add_ln16_2 = add i16 %add_ln16_1, i16 %mul_ln16_3" [matrix_mult.cpp:16]   --->   Operation 124 'add' 'add_ln16_2' <Predicate = true> <Delay = 1.78> <CoreInst = "DSP48">   --->   Core 116 'DSP48' <Latency = 3> <II = 1> <Delay = 1.82> <IPBlock> <Opcode : '' 'add' 'sub' 'mul' 'select'> <InPorts = 0> <OutPorts = 1> <Sync> <CReg>
ST_9 : Operation 125 [1/1] (1.48ns)   --->   "%add_ln16_3 = add i16 %add_ln16_2, i16 %add_ln16" [matrix_mult.cpp:16]   --->   Operation 125 'add' 'add_ln16_3' <Predicate = true> <Delay = 1.48> <CoreInst = "Adder">   --->   Core 1 'Adder' <Latency = 0> <II = 1> <Delay = 1.48> <FuncUnit> <Opcode : 'add' 'sub'> <InPorts = 2> <OutPorts = 1>

State 10 <SV = 9> <Delay = 1.42>
ST_10 : Operation 126 [1/1] (0.00ns)   --->   "%specloopname_ln0 = specloopname void @_ssdm_op_SpecLoopName, void @Row_Col_str"   --->   Operation 126 'specloopname' 'specloopname_ln0' <Predicate = true> <Delay = 0.00>
ST_10 : Operation 127 [1/1] (0.00ns)   --->   "%speclooptripcount_ln0 = speclooptripcount void @_ssdm_op_SpecLoopTripCount, i64 25, i64 25, i64 25"   --->   Operation 127 'speclooptripcount' 'speclooptripcount_ln0' <Predicate = true> <Delay = 0.00>
ST_10 : Operation 128 [1/1] (0.00ns)   --->   "%zext_ln16_6 = zext i5 %add_ln16_8" [matrix_mult.cpp:16]   --->   Operation 128 'zext' 'zext_ln16_6' <Predicate = true> <Delay = 0.00>
ST_10 : Operation 129 [1/1] (0.00ns)   --->   "%prod_addr = getelementptr i16 %prod, i64 0, i64 %zext_ln16_6" [matrix_mult.cpp:16]   --->   Operation 129 'getelementptr' 'prod_addr' <Predicate = true> <Delay = 0.00>
ST_10 : Operation 130 [1/1] (0.00ns)   --->   "%specpipeline_ln12 = specpipeline void @_ssdm_op_SpecPipeline, i32 4294967295, i32 0, i32 0, i32 0, void @empty_0" [matrix_mult.cpp:12]   --->   Operation 130 'specpipeline' 'specpipeline_ln12' <Predicate = true> <Delay = 0.00>
ST_10 : Operation 131 [1/1] (1.42ns)   --->   "%store_ln16 = store i16 %add_ln16_3, i5 %prod_addr" [matrix_mult.cpp:16]   --->   Operation 131 'store' 'store_ln16' <Predicate = true> <Delay = 1.42> <CoreInst = "RAM">   --->   Core 81 'RAM' <Latency = 1> <II = 1> <Delay = 1.42> <Storage> <Opcode : 'load' 'store'> <Ports = 2> <Width = 16> <Depth = 25> <RAM>
ST_10 : Operation 132 [1/1] (1.02ns)   --->   "%ret_ln21 = ret" [matrix_mult.cpp:21]   --->   Operation 132 'ret' 'ret_ln21' <Predicate = (icmp_ln10)> <Delay = 1.02>


============================================================
+ Verbose Summary: Binding
============================================================
STG Binding: 
---------------- STG Properties BEGIN ----------------
- Is combinational: 0
- Is one-state seq: 0
- Is datapath-only: 0
- Is pipelined: 0
- Is top level: 1
Port [ Return ] is wired: 1; IO mode=ap_ctrl_hs:ce=0
Port [ a]:  wired=1; compound=1; hidden=0; nouse=0; global=0; static=0; extern=0; dir=0; type=1; pingpong=0; private_global=0; MemPort=[11]; IO mode=ap_memory:ce=0
Port [ b]:  wired=1; compound=1; hidden=0; nouse=0; global=0; static=0; extern=0; dir=0; type=1; pingpong=0; private_global=0; MemPort=[11]; IO mode=ap_memory:ce=0
Port [ prod]:  wired=1; compound=1; hidden=0; nouse=0; global=0; static=0; extern=0; dir=1; type=1; pingpong=0; private_global=0; MemPort=[03]; IO mode=ap_memory:ce=0
---------------- STG Properties END ------------------

---------------- Datapath Model BEGIN ----------------

<LifeTime>
<method=bitvector/>
indvar_flatten1       (alloca           ) [ 01111100000]
i2                    (alloca           ) [ 01100000000]
j3                    (alloca           ) [ 01111000000]
spectopmodule_ln4     (spectopmodule    ) [ 00000000000]
specinterface_ln0     (specinterface    ) [ 00000000000]
specbitsmap_ln0       (specbitsmap      ) [ 00000000000]
specinterface_ln0     (specinterface    ) [ 00000000000]
specbitsmap_ln0       (specbitsmap      ) [ 00000000000]
specinterface_ln0     (specinterface    ) [ 00000000000]
specbitsmap_ln0       (specbitsmap      ) [ 00000000000]
store_ln0             (store            ) [ 00000000000]
store_ln0             (store            ) [ 00000000000]
store_ln0             (store            ) [ 00000000000]
br_ln0                (br               ) [ 00000000000]
icmp_ln124            (phi              ) [ 01100000000]
i2_load               (load             ) [ 00100000000]
add_ln10              (add              ) [ 00100000000]
j3_load               (load             ) [ 00000000000]
select_ln10           (select           ) [ 01011000000]
i                     (select           ) [ 00000000000]
select_ln10_1_cast    (zext             ) [ 00000000000]
tmp                   (bitconcatenate   ) [ 00000000000]
p_shl                 (zext             ) [ 00000000000]
empty                 (add              ) [ 00000000000]
p_cast6               (zext             ) [ 00000000000]
empty_4               (trunc            ) [ 00010000000]
a_addr                (getelementptr    ) [ 00010000000]
zext_ln16             (zext             ) [ 00010000000]
add_ln16_6            (add              ) [ 00000000000]
zext_ln16_4           (zext             ) [ 00000000000]
b_addr_3              (getelementptr    ) [ 00010000000]
add_ln16_7            (add              ) [ 00000000000]
zext_ln16_5           (zext             ) [ 00000000000]
b_addr_4              (getelementptr    ) [ 00010000000]
store_ln10            (store            ) [ 00000000000]
indvar_flatten1_load  (load             ) [ 01101100000]
empty_5               (add              ) [ 01001000000]
empty_6               (add              ) [ 01001000000]
empty_7               (add              ) [ 00000000000]
p_cast9               (zext             ) [ 00000000000]
a_addr_3              (getelementptr    ) [ 01001000000]
empty_8               (add              ) [ 00000000000]
p_cast10              (zext             ) [ 00000000000]
a_addr_4              (getelementptr    ) [ 01001000000]
a_load                (load             ) [ 01101100000]
zext_ln16_1           (zext             ) [ 00000000000]
add_ln16_4            (add              ) [ 00000000000]
zext_ln16_2           (zext             ) [ 00000000000]
b_addr_1              (getelementptr    ) [ 01001000000]
add_ln16_5            (add              ) [ 00000000000]
zext_ln16_3           (zext             ) [ 00000000000]
b_addr_2              (getelementptr    ) [ 01001000000]
add_ln16_8            (add              ) [ 01111111111]
b_load_3              (load             ) [ 01101100000]
b_load_4              (load             ) [ 01001000000]
icmp_ln10             (icmp             ) [ 01111111111]
br_ln10               (br               ) [ 01010000000]
p_cast7               (zext             ) [ 00000000000]
a_addr_1              (getelementptr    ) [ 00100100000]
p_cast8               (zext             ) [ 00000000000]
a_addr_2              (getelementptr    ) [ 00100100000]
a_load_3              (load             ) [ 00100100000]
a_load_4              (load             ) [ 00000000000]
conv_4                (sext             ) [ 00110110000]
zext_ln12             (zext             ) [ 00000000000]
b_addr                (getelementptr    ) [ 00100100000]
b_load_1              (load             ) [ 00110110000]
b_load_2              (load             ) [ 00110110000]
sext_ln16_4           (sext             ) [ 00110110000]
j                     (add              ) [ 00000000000]
icmp_ln12             (icmp             ) [ 01010000000]
store_ln12            (store            ) [ 00000000000]
conv                  (sext             ) [ 01010011000]
a_load_1              (load             ) [ 00010010000]
a_load_2              (load             ) [ 00010010000]
conv_3                (sext             ) [ 00000000000]
b_load                (load             ) [ 00000000000]
sext_ln16             (sext             ) [ 01010011000]
sext_ln16_3           (sext             ) [ 00000000000]
mul_ln16              (mul              ) [ 01010011000]
add_ln10_1            (add              ) [ 00000000000]
store_ln10            (store            ) [ 00000000000]
conv_1                (sext             ) [ 00000000000]
conv_2                (sext             ) [ 01100001100]
sext_ln16_1           (sext             ) [ 00000000000]
sext_ln16_2           (sext             ) [ 01100001100]
mul_ln16_1            (mul              ) [ 01000001000]
mul_ln16_4            (mul              ) [ 01100001100]
mul_ln16_2            (mul              ) [ 00100000100]
add_ln16_1            (add              ) [ 00110000110]
mul_ln16_3            (mul              ) [ 00010000010]
add_ln16              (add              ) [ 00010000010]
add_ln16_2            (add              ) [ 00000000000]
add_ln16_3            (add              ) [ 01000000001]
specloopname_ln0      (specloopname     ) [ 00000000000]
speclooptripcount_ln0 (speclooptripcount) [ 00000000000]
zext_ln16_6           (zext             ) [ 00000000000]
prod_addr             (getelementptr    ) [ 00000000000]
specpipeline_ln12     (specpipeline     ) [ 00000000000]
store_ln16            (store            ) [ 00000000000]
ret_ln21              (ret              ) [ 00000000000]
</LifeTime>

<model>

<comp_list>
<comp id="0" class="1000" name="a">
<pin_list>
<pin id="1" dir="1" index="0" bw="1" slack="0"/>
</pin_list>
<bind>
<StgValue><ssdm name="a"/><MemPortTyVec>1 1 </MemPortTyVec>
</StgValue>
</bind>
</comp>

<comp id="2" class="1000" name="b">
<pin_list>
<pin id="3" dir="1" index="0" bw="1" slack="0"/>
</pin_list>
<bind>
<StgValue><ssdm name="b"/><MemPortTyVec>1 1 </MemPortTyVec>
</StgValue>
</bind>
</comp>

<comp id="4" class="1000" name="prod">
<pin_list>
<pin id="5" dir="1" index="0" bw="1" slack="0"/>
</pin_list>
<bind>
<StgValue><ssdm name="prod"/><MemPortTyVec>0 3 </MemPortTyVec>
</StgValue>
</bind>
</comp>

<comp id="6" class="1001" name="const_6">
<pin_list>
<pin id="7" dir="1" index="0" bw="1" slack="0"/>
</pin_list>
<bind>
<StgValue><ssdm name=""/></StgValue>
</bind>
</comp>

<comp id="8" class="1001" name="const_8">
<pin_list>
<pin id="9" dir="1" index="0" bw="1" slack="2147483647"/>
</pin_list>
<bind>
<StgValue><ssdm name="_ssdm_op_SpecTopModule"/></StgValue>
</bind>
</comp>

<comp id="10" class="1001" name="const_10">
<pin_list>
<pin id="11" dir="1" index="0" bw="1" slack="2147483647"/>
</pin_list>
<bind>
<StgValue><ssdm name="empty_1"/></StgValue>
</bind>
</comp>

<comp id="12" class="1001" name="const_12">
<pin_list>
<pin id="13" dir="1" index="0" bw="1" slack="2147483647"/>
</pin_list>
<bind>
<StgValue><ssdm name="_ssdm_op_SpecInterface"/></StgValue>
</bind>
</comp>

<comp id="14" class="1001" name="const_14">
<pin_list>
<pin id="15" dir="1" index="0" bw="1" slack="2147483647"/>
</pin_list>
<bind>
<StgValue><ssdm name="empty"/></StgValue>
</bind>
</comp>

<comp id="16" class="1001" name="const_16">
<pin_list>
<pin id="17" dir="1" index="0" bw="1" slack="2147483647"/>
</pin_list>
<bind>
<StgValue><ssdm name=""/></StgValue>
</bind>
</comp>

<comp id="18" class="1001" name="const_18">
<pin_list>
<pin id="19" dir="1" index="0" bw="1" slack="2147483647"/>
</pin_list>
<bind>
<StgValue><ssdm name="empty_0"/></StgValue>
</bind>
</comp>

<comp id="20" class="1001" name="const_20">
<pin_list>
<pin id="21" dir="1" index="0" bw="1" slack="2147483647"/>
</pin_list>
<bind>
<StgValue><ssdm name=""/></StgValue>
</bind>
</comp>

<comp id="22" class="1001" name="const_22">
<pin_list>
<pin id="23" dir="1" index="0" bw="1" slack="2147483647"/>
</pin_list>
<bind>
<StgValue><ssdm name="_ssdm_op_SpecBitsMap"/></StgValue>
</bind>
</comp>

<comp id="24" class="1001" name="const_24">
<pin_list>
<pin id="25" dir="1" index="0" bw="1" slack="0"/>
</pin_list>
<bind>
<StgValue><ssdm name=""/></StgValue>
</bind>
</comp>

<comp id="26" class="1001" name="const_26">
<pin_list>
<pin id="27" dir="1" index="0" bw="1" slack="0"/>
</pin_list>
<bind>
<StgValue><ssdm name=""/></StgValue>
</bind>
</comp>

<comp id="28" class="1001" name="const_28">
<pin_list>
<pin id="29" dir="1" index="0" bw="1" slack="0"/>
</pin_list>
<bind>
<StgValue><ssdm name=""/></StgValue>
</bind>
</comp>

<comp id="30" class="1001" name="const_30">
<pin_list>
<pin id="31" dir="1" index="0" bw="1" slack="0"/>
</pin_list>
<bind>
<StgValue><ssdm name=""/></StgValue>
</bind>
</comp>

<comp id="32" class="1001" name="const_32">
<pin_list>
<pin id="33" dir="1" index="0" bw="1" slack="0"/>
</pin_list>
<bind>
<StgValue><ssdm name="_ssdm_op_BitConcatenate.i5.i3.i2"/></StgValue>
</bind>
</comp>

<comp id="34" class="1001" name="const_34">
<pin_list>
<pin id="35" dir="1" index="0" bw="1" slack="0"/>
</pin_list>
<bind>
<StgValue><ssdm name=""/></StgValue>
</bind>
</comp>

<comp id="36" class="1001" name="const_36">
<pin_list>
<pin id="37" dir="1" index="0" bw="1" slack="0"/>
</pin_list>
<bind>
<StgValue><ssdm name=""/></StgValue>
</bind>
</comp>

<comp id="38" class="1001" name="const_38">
<pin_list>
<pin id="39" dir="1" index="0" bw="1" slack="0"/>
</pin_list>
<bind>
<StgValue><ssdm name=""/></StgValue>
</bind>
</comp>

<comp id="40" class="1001" name="const_40">
<pin_list>
<pin id="41" dir="1" index="0" bw="1" slack="0"/>
</pin_list>
<bind>
<StgValue><ssdm name=""/></StgValue>
</bind>
</comp>

<comp id="42" class="1001" name="const_42">
<pin_list>
<pin id="43" dir="1" index="0" bw="1" slack="0"/>
</pin_list>
<bind>
<StgValue><ssdm name=""/></StgValue>
</bind>
</comp>

<comp id="44" class="1001" name="const_44">
<pin_list>
<pin id="45" dir="1" index="0" bw="1" slack="0"/>
</pin_list>
<bind>
<StgValue><ssdm name=""/></StgValue>
</bind>
</comp>

<comp id="46" class="1001" name="const_46">
<pin_list>
<pin id="47" dir="1" index="0" bw="1" slack="0"/>
</pin_list>
<bind>
<StgValue><ssdm name=""/></StgValue>
</bind>
</comp>

<comp id="48" class="1001" name="const_48">
<pin_list>
<pin id="49" dir="1" index="0" bw="1" slack="0"/>
</pin_list>
<bind>
<StgValue><ssdm name=""/></StgValue>
</bind>
</comp>

<comp id="50" class="1001" name="const_50">
<pin_list>
<pin id="51" dir="1" index="0" bw="1" slack="0"/>
</pin_list>
<bind>
<StgValue><ssdm name=""/></StgValue>
</bind>
</comp>

<comp id="52" class="1001" name="const_52">
<pin_list>
<pin id="53" dir="1" index="0" bw="1" slack="0"/>
</pin_list>
<bind>
<StgValue><ssdm name=""/></StgValue>
</bind>
</comp>

<comp id="54" class="1001" name="const_54">
<pin_list>
<pin id="55" dir="1" index="0" bw="1" slack="0"/>
</pin_list>
<bind>
<StgValue><ssdm name=""/></StgValue>
</bind>
</comp>

<comp id="56" class="1001" name="const_56">
<pin_list>
<pin id="57" dir="1" index="0" bw="1" slack="0"/>
</pin_list>
<bind>
<StgValue><ssdm name=""/></StgValue>
</bind>
</comp>

<comp id="58" class="1001" name="const_58">
<pin_list>
<pin id="59" dir="1" index="0" bw="1" slack="2147483647"/>
</pin_list>
<bind>
<StgValue><ssdm name="_ssdm_op_SpecLoopName"/></StgValue>
</bind>
</comp>

<comp id="60" class="1001" name="const_60">
<pin_list>
<pin id="61" dir="1" index="0" bw="1" slack="2147483647"/>
</pin_list>
<bind>
<StgValue><ssdm name="Row_Col_str"/></StgValue>
</bind>
</comp>

<comp id="62" class="1001" name="const_62">
<pin_list>
<pin id="63" dir="1" index="0" bw="1" slack="2147483647"/>
</pin_list>
<bind>
<StgValue><ssdm name="_ssdm_op_SpecLoopTripCount"/></StgValue>
</bind>
</comp>

<comp id="64" class="1001" name="const_64">
<pin_list>
<pin id="65" dir="1" index="0" bw="1" slack="2147483647"/>
</pin_list>
<bind>
<StgValue><ssdm name=""/></StgValue>
</bind>
</comp>

<comp id="66" class="1001" name="const_66">
<pin_list>
<pin id="67" dir="1" index="0" bw="1" slack="2147483647"/>
</pin_list>
<bind>
<StgValue><ssdm name="_ssdm_op_SpecPipeline"/></StgValue>
</bind>
</comp>

<comp id="68" class="1004" name="indvar_flatten1_fu_68">
<pin_list>
<pin id="69" dir="0" index="0" bw="1" slack="0"/>
<pin id="70" dir="1" index="1" bw="5" slack="0"/>
</pin_list>
<bind>
<opcode="alloca(26) " fcode="alloca"/>
<opset="indvar_flatten1/1 "/>
</bind>
</comp>

<comp id="72" class="1004" name="i2_fu_72">
<pin_list>
<pin id="73" dir="0" index="0" bw="1" slack="0"/>
<pin id="74" dir="1" index="1" bw="3" slack="0"/>
</pin_list>
<bind>
<opcode="alloca(26) " fcode="alloca"/>
<opset="i2/1 "/>
</bind>
</comp>

<comp id="76" class="1004" name="j3_fu_76">
<pin_list>
<pin id="77" dir="0" index="0" bw="1" slack="0"/>
<pin id="78" dir="1" index="1" bw="3" slack="0"/>
</pin_list>
<bind>
<opcode="alloca(26) " fcode="alloca"/>
<opset="j3/1 "/>
</bind>
</comp>

<comp id="80" class="1004" name="a_addr_gep_fu_80">
<pin_list>
<pin id="81" dir="0" index="0" bw="8" slack="0"/>
<pin id="82" dir="0" index="1" bw="1" slack="0"/>
<pin id="83" dir="0" index="2" bw="6" slack="0"/>
<pin id="84" dir="1" index="3" bw="5" slack="0"/>
</pin_list>
<bind>
<opcode="getelementptr(29) " fcode="getelementptr"/>
<opset="a_addr/2 "/>
</bind>
</comp>

<comp id="87" class="1004" name="grp_access_fu_87">
<pin_list>
<pin id="88" dir="0" index="0" bw="5" slack="0"/>
<pin id="89" dir="0" index="1" bw="8" slack="2147483647"/>
<pin id="90" dir="0" index="2" bw="0" slack="0"/>
<pin id="133" dir="0" index="4" bw="5" slack="2147483647"/>
<pin id="134" dir="0" index="5" bw="8" slack="2147483647"/>
<pin id="135" dir="0" index="6" bw="0" slack="2147483647"/>
<pin id="91" dir="1" index="3" bw="8" slack="1"/>
<pin id="136" dir="1" index="7" bw="8" slack="0"/>
</pin_list>
<bind>
<opcode="load(27) " fcode="load"/>
<opset="a_load/2 a_load_3/3 a_load_4/3 a_load_1/4 a_load_2/4 "/>
</bind>
</comp>

<comp id="93" class="1004" name="b_addr_3_gep_fu_93">
<pin_list>
<pin id="94" dir="0" index="0" bw="8" slack="0"/>
<pin id="95" dir="0" index="1" bw="1" slack="0"/>
<pin id="96" dir="0" index="2" bw="5" slack="0"/>
<pin id="97" dir="1" index="3" bw="5" slack="0"/>
</pin_list>
<bind>
<opcode="getelementptr(29) " fcode="getelementptr"/>
<opset="b_addr_3/2 "/>
</bind>
</comp>

<comp id="100" class="1004" name="b_addr_4_gep_fu_100">
<pin_list>
<pin id="101" dir="0" index="0" bw="8" slack="0"/>
<pin id="102" dir="0" index="1" bw="1" slack="0"/>
<pin id="103" dir="0" index="2" bw="5" slack="0"/>
<pin id="104" dir="1" index="3" bw="5" slack="0"/>
</pin_list>
<bind>
<opcode="getelementptr(29) " fcode="getelementptr"/>
<opset="b_addr_4/2 "/>
</bind>
</comp>

<comp id="107" class="1004" name="grp_access_fu_107">
<pin_list>
<pin id="108" dir="0" index="0" bw="5" slack="0"/>
<pin id="109" dir="0" index="1" bw="8" slack="2147483647"/>
<pin id="110" dir="0" index="2" bw="0" slack="0"/>
<pin id="112" dir="0" index="4" bw="5" slack="2147483647"/>
<pin id="113" dir="0" index="5" bw="8" slack="2147483647"/>
<pin id="114" dir="0" index="6" bw="0" slack="2147483647"/>
<pin id="111" dir="1" index="3" bw="8" slack="0"/>
<pin id="115" dir="1" index="7" bw="8" slack="2"/>
</pin_list>
<bind>
<opcode="load(27) " fcode="load"/>
<opset="b_load_3/2 b_load_4/2 b_load_1/3 b_load_2/3 b_load/4 "/>
</bind>
</comp>

<comp id="118" class="1004" name="a_addr_3_gep_fu_118">
<pin_list>
<pin id="119" dir="0" index="0" bw="8" slack="0"/>
<pin id="120" dir="0" index="1" bw="1" slack="0"/>
<pin id="121" dir="0" index="2" bw="5" slack="0"/>
<pin id="122" dir="1" index="3" bw="5" slack="0"/>
</pin_list>
<bind>
<opcode="getelementptr(29) " fcode="getelementptr"/>
<opset="a_addr_3/3 "/>
</bind>
</comp>

<comp id="125" class="1004" name="a_addr_4_gep_fu_125">
<pin_list>
<pin id="126" dir="0" index="0" bw="8" slack="0"/>
<pin id="127" dir="0" index="1" bw="1" slack="0"/>
<pin id="128" dir="0" index="2" bw="5" slack="0"/>
<pin id="129" dir="1" index="3" bw="5" slack="0"/>
</pin_list>
<bind>
<opcode="getelementptr(29) " fcode="getelementptr"/>
<opset="a_addr_4/3 "/>
</bind>
</comp>

<comp id="138" class="1004" name="b_addr_1_gep_fu_138">
<pin_list>
<pin id="139" dir="0" index="0" bw="8" slack="0"/>
<pin id="140" dir="0" index="1" bw="1" slack="0"/>
<pin id="141" dir="0" index="2" bw="4" slack="0"/>
<pin id="142" dir="1" index="3" bw="5" slack="0"/>
</pin_list>
<bind>
<opcode="getelementptr(29) " fcode="getelementptr"/>
<opset="b_addr_1/3 "/>
</bind>
</comp>

<comp id="145" class="1004" name="b_addr_2_gep_fu_145">
<pin_list>
<pin id="146" dir="0" index="0" bw="8" slack="0"/>
<pin id="147" dir="0" index="1" bw="1" slack="0"/>
<pin id="148" dir="0" index="2" bw="5" slack="0"/>
<pin id="149" dir="1" index="3" bw="5" slack="0"/>
</pin_list>
<bind>
<opcode="getelementptr(29) " fcode="getelementptr"/>
<opset="b_addr_2/3 "/>
</bind>
</comp>

<comp id="154" class="1004" name="a_addr_1_gep_fu_154">
<pin_list>
<pin id="155" dir="0" index="0" bw="8" slack="0"/>
<pin id="156" dir="0" index="1" bw="1" slack="0"/>
<pin id="157" dir="0" index="2" bw="5" slack="0"/>
<pin id="158" dir="1" index="3" bw="5" slack="0"/>
</pin_list>
<bind>
<opcode="getelementptr(29) " fcode="getelementptr"/>
<opset="a_addr_1/4 "/>
</bind>
</comp>

<comp id="161" class="1004" name="a_addr_2_gep_fu_161">
<pin_list>
<pin id="162" dir="0" index="0" bw="8" slack="0"/>
<pin id="163" dir="0" index="1" bw="1" slack="0"/>
<pin id="164" dir="0" index="2" bw="5" slack="0"/>
<pin id="165" dir="1" index="3" bw="5" slack="0"/>
</pin_list>
<bind>
<opcode="getelementptr(29) " fcode="getelementptr"/>
<opset="a_addr_2/4 "/>
</bind>
</comp>

<comp id="170" class="1004" name="b_addr_gep_fu_170">
<pin_list>
<pin id="171" dir="0" index="0" bw="8" slack="0"/>
<pin id="172" dir="0" index="1" bw="1" slack="0"/>
<pin id="173" dir="0" index="2" bw="3" slack="0"/>
<pin id="174" dir="1" index="3" bw="5" slack="0"/>
</pin_list>
<bind>
<opcode="getelementptr(29) " fcode="getelementptr"/>
<opset="b_addr/4 "/>
</bind>
</comp>

<comp id="178" class="1004" name="prod_addr_gep_fu_178">
<pin_list>
<pin id="179" dir="0" index="0" bw="16" slack="0"/>
<pin id="180" dir="0" index="1" bw="1" slack="0"/>
<pin id="181" dir="0" index="2" bw="5" slack="0"/>
<pin id="182" dir="1" index="3" bw="5" slack="0"/>
</pin_list>
<bind>
<opcode="getelementptr(29) " fcode="getelementptr"/>
<opset="prod_addr/10 "/>
</bind>
</comp>

<comp id="185" class="1004" name="store_ln16_access_fu_185">
<pin_list>
<pin id="186" dir="0" index="0" bw="5" slack="0"/>
<pin id="187" dir="0" index="1" bw="16" slack="1"/>
<pin id="188" dir="0" index="2" bw="0" slack="2147483647"/>
<pin id="189" dir="1" index="3" bw="16" slack="2147483647"/>
</pin_list>
<bind>
<opcode="store(28) " fcode="store"/>
<opset="store_ln16/10 "/>
</bind>
</comp>

<comp id="191" class="1005" name="icmp_ln124_reg_191">
<pin_list>
<pin id="192" dir="0" index="0" bw="1" slack="1"/>
<pin id="193" dir="1" index="1" bw="1" slack="1"/>
</pin_list>
<bind>
<opset="icmp_ln124 (phireg) "/>
</bind>
</comp>

<comp id="194" class="1004" name="icmp_ln124_phi_fu_194">
<pin_list>
<pin id="195" dir="0" index="0" bw="1" slack="0"/>
<pin id="196" dir="0" index="1" bw="0" slack="2147483647"/>
<pin id="197" dir="0" index="2" bw="1" slack="1"/>
<pin id="198" dir="0" index="3" bw="0" slack="2147483647"/>
<pin id="199" dir="1" index="4" bw="1" slack="1"/>
</pin_list>
<bind>
<opcode="phi(47) " fcode="phi"/>
<opset="icmp_ln124/1 "/>
</bind>
</comp>

<comp id="202" class="1005" name="reg_202">
<pin_list>
<pin id="203" dir="0" index="0" bw="8" slack="1"/>
<pin id="204" dir="1" index="1" bw="8" slack="1"/>
</pin_list>
<bind>
<opset="a_load a_load_1 "/>
</bind>
</comp>

<comp id="207" class="1005" name="reg_207">
<pin_list>
<pin id="208" dir="0" index="0" bw="8" slack="1"/>
<pin id="209" dir="1" index="1" bw="8" slack="1"/>
</pin_list>
<bind>
<opset="b_load_4 b_load_1 "/>
</bind>
</comp>

<comp id="211" class="1005" name="reg_211">
<pin_list>
<pin id="212" dir="0" index="0" bw="8" slack="1"/>
<pin id="213" dir="1" index="1" bw="8" slack="1"/>
</pin_list>
<bind>
<opset="a_load_3 a_load_2 "/>
</bind>
</comp>

<comp id="215" class="1004" name="store_ln0_store_fu_215">
<pin_list>
<pin id="216" dir="0" index="0" bw="1" slack="0"/>
<pin id="217" dir="0" index="1" bw="3" slack="0"/>
<pin id="218" dir="1" index="2" bw="0" slack="2147483647"/>
</pin_list>
<bind>
<opcode="store(28) " fcode="store"/>
<opset="store_ln0/1 "/>
</bind>
</comp>

<comp id="220" class="1004" name="store_ln0_store_fu_220">
<pin_list>
<pin id="221" dir="0" index="0" bw="1" slack="0"/>
<pin id="222" dir="0" index="1" bw="3" slack="0"/>
<pin id="223" dir="1" index="2" bw="0" slack="2147483647"/>
</pin_list>
<bind>
<opcode="store(28) " fcode="store"/>
<opset="store_ln0/1 "/>
</bind>
</comp>

<comp id="225" class="1004" name="store_ln0_store_fu_225">
<pin_list>
<pin id="226" dir="0" index="0" bw="1" slack="0"/>
<pin id="227" dir="0" index="1" bw="5" slack="0"/>
<pin id="228" dir="1" index="2" bw="0" slack="2147483647"/>
</pin_list>
<bind>
<opcode="store(28) " fcode="store"/>
<opset="store_ln0/1 "/>
</bind>
</comp>

<comp id="230" class="1004" name="i2_load_load_fu_230">
<pin_list>
<pin id="231" dir="0" index="0" bw="3" slack="0"/>
<pin id="232" dir="1" index="1" bw="3" slack="0"/>
</pin_list>
<bind>
<opcode="load(27) " fcode="load"/>
<opset="i2_load/1 "/>
</bind>
</comp>

<comp id="233" class="1004" name="add_ln10_fu_233">
<pin_list>
<pin id="234" dir="0" index="0" bw="3" slack="0"/>
<pin id="235" dir="0" index="1" bw="1" slack="0"/>
<pin id="236" dir="1" index="2" bw="3" slack="1"/>
</pin_list>
<bind>
<opcode="add(8) " fcode="add"/>
<opset="add_ln10/1 "/>
</bind>
</comp>

<comp id="239" class="1004" name="j3_load_load_fu_239">
<pin_list>
<pin id="240" dir="0" index="0" bw="3" slack="1"/>
<pin id="241" dir="1" index="1" bw="3" slack="0"/>
</pin_list>
<bind>
<opcode="load(27) " fcode="load"/>
<opset="j3_load/2 "/>
</bind>
</comp>

<comp id="242" class="1004" name="select_ln10_fu_242">
<pin_list>
<pin id="243" dir="0" index="0" bw="1" slack="1"/>
<pin id="244" dir="0" index="1" bw="1" slack="0"/>
<pin id="245" dir="0" index="2" bw="3" slack="0"/>
<pin id="246" dir="1" index="3" bw="3" slack="0"/>
</pin_list>
<bind>
<opcode="select(49) " fcode="select"/>
<opset="select_ln10/2 "/>
</bind>
</comp>

<comp id="250" class="1004" name="i_fu_250">
<pin_list>
<pin id="251" dir="0" index="0" bw="1" slack="1"/>
<pin id="252" dir="0" index="1" bw="3" slack="1"/>
<pin id="253" dir="0" index="2" bw="3" slack="1"/>
<pin id="254" dir="1" index="3" bw="3" slack="0"/>
</pin_list>
<bind>
<opcode="select(49) " fcode="select"/>
<opset="i/2 "/>
</bind>
</comp>

<comp id="256" class="1004" name="select_ln10_1_cast_fu_256">
<pin_list>
<pin id="257" dir="0" index="0" bw="3" slack="0"/>
<pin id="258" dir="1" index="1" bw="6" slack="0"/>
</pin_list>
<bind>
<opcode="zext(34) " fcode="zext"/>
<opset="select_ln10_1_cast/2 "/>
</bind>
</comp>

<comp id="260" class="1004" name="tmp_fu_260">
<pin_list>
<pin id="261" dir="0" index="0" bw="5" slack="0"/>
<pin id="262" dir="0" index="1" bw="3" slack="0"/>
<pin id="263" dir="0" index="2" bw="1" slack="0"/>
<pin id="264" dir="1" index="3" bw="5" slack="0"/>
</pin_list>
<bind>
<opcode="bitconcatenate(1004) " fcode="bitconcatenate"/>
<opset="tmp/2 "/>
</bind>
</comp>

<comp id="268" class="1004" name="p_shl_fu_268">
<pin_list>
<pin id="269" dir="0" index="0" bw="5" slack="0"/>
<pin id="270" dir="1" index="1" bw="6" slack="0"/>
</pin_list>
<bind>
<opcode="zext(34) " fcode="zext"/>
<opset="p_shl/2 "/>
</bind>
</comp>

<comp id="272" class="1004" name="empty_fu_272">
<pin_list>
<pin id="273" dir="0" index="0" bw="5" slack="0"/>
<pin id="274" dir="0" index="1" bw="3" slack="0"/>
<pin id="275" dir="1" index="2" bw="6" slack="0"/>
</pin_list>
<bind>
<opcode="add(8) " fcode="add"/>
<opset="empty/2 "/>
</bind>
</comp>

<comp id="278" class="1004" name="p_cast6_fu_278">
<pin_list>
<pin id="279" dir="0" index="0" bw="6" slack="0"/>
<pin id="280" dir="1" index="1" bw="64" slack="0"/>
</pin_list>
<bind>
<opcode="zext(34) " fcode="zext"/>
<opset="p_cast6/2 "/>
</bind>
</comp>

<comp id="283" class="1004" name="empty_4_fu_283">
<pin_list>
<pin id="284" dir="0" index="0" bw="6" slack="0"/>
<pin id="285" dir="1" index="1" bw="5" slack="1"/>
</pin_list>
<bind>
<opcode="trunc(33) " fcode="trunc"/>
<opset="empty_4/2 "/>
</bind>
</comp>

<comp id="287" class="1004" name="zext_ln16_fu_287">
<pin_list>
<pin id="288" dir="0" index="0" bw="3" slack="0"/>
<pin id="289" dir="1" index="1" bw="5" slack="0"/>
</pin_list>
<bind>
<opcode="zext(34) " fcode="zext"/>
<opset="zext_ln16/2 "/>
</bind>
</comp>

<comp id="291" class="1004" name="add_ln16_6_fu_291">
<pin_list>
<pin id="292" dir="0" index="0" bw="3" slack="0"/>
<pin id="293" dir="0" index="1" bw="5" slack="0"/>
<pin id="294" dir="1" index="2" bw="5" slack="0"/>
</pin_list>
<bind>
<opcode="add(8) " fcode="add"/>
<opset="add_ln16_6/2 "/>
</bind>
</comp>

<comp id="297" class="1004" name="zext_ln16_4_fu_297">
<pin_list>
<pin id="298" dir="0" index="0" bw="5" slack="0"/>
<pin id="299" dir="1" index="1" bw="64" slack="0"/>
</pin_list>
<bind>
<opcode="zext(34) " fcode="zext"/>
<opset="zext_ln16_4/2 "/>
</bind>
</comp>

<comp id="302" class="1004" name="add_ln16_7_fu_302">
<pin_list>
<pin id="303" dir="0" index="0" bw="3" slack="0"/>
<pin id="304" dir="0" index="1" bw="5" slack="0"/>
<pin id="305" dir="1" index="2" bw="5" slack="0"/>
</pin_list>
<bind>
<opcode="add(8) " fcode="add"/>
<opset="add_ln16_7/2 "/>
</bind>
</comp>

<comp id="308" class="1004" name="zext_ln16_5_fu_308">
<pin_list>
<pin id="309" dir="0" index="0" bw="5" slack="0"/>
<pin id="310" dir="1" index="1" bw="64" slack="0"/>
</pin_list>
<bind>
<opcode="zext(34) " fcode="zext"/>
<opset="zext_ln16_5/2 "/>
</bind>
</comp>

<comp id="313" class="1004" name="store_ln10_store_fu_313">
<pin_list>
<pin id="314" dir="0" index="0" bw="3" slack="0"/>
<pin id="315" dir="0" index="1" bw="3" slack="1"/>
<pin id="316" dir="1" index="2" bw="0" slack="2147483647"/>
</pin_list>
<bind>
<opcode="store(28) " fcode="store"/>
<opset="store_ln10/2 "/>
</bind>
</comp>

<comp id="318" class="1004" name="indvar_flatten1_load_load_fu_318">
<pin_list>
<pin id="319" dir="0" index="0" bw="5" slack="2"/>
<pin id="320" dir="1" index="1" bw="5" slack="0"/>
</pin_list>
<bind>
<opcode="load(27) " fcode="load"/>
<opset="indvar_flatten1_load/3 "/>
</bind>
</comp>

<comp id="321" class="1004" name="empty_5_fu_321">
<pin_list>
<pin id="322" dir="0" index="0" bw="5" slack="1"/>
<pin id="323" dir="0" index="1" bw="1" slack="0"/>
<pin id="324" dir="1" index="2" bw="5" slack="1"/>
</pin_list>
<bind>
<opcode="add(8) " fcode="add"/>
<opset="empty_5/3 "/>
</bind>
</comp>

<comp id="326" class="1004" name="empty_6_fu_326">
<pin_list>
<pin id="327" dir="0" index="0" bw="5" slack="1"/>
<pin id="328" dir="0" index="1" bw="3" slack="0"/>
<pin id="329" dir="1" index="2" bw="5" slack="1"/>
</pin_list>
<bind>
<opcode="add(8) " fcode="add"/>
<opset="empty_6/3 "/>
</bind>
</comp>

<comp id="331" class="1004" name="empty_7_fu_331">
<pin_list>
<pin id="332" dir="0" index="0" bw="5" slack="1"/>
<pin id="333" dir="0" index="1" bw="3" slack="0"/>
<pin id="334" dir="1" index="2" bw="5" slack="0"/>
</pin_list>
<bind>
<opcode="add(8) " fcode="add"/>
<opset="empty_7/3 "/>
</bind>
</comp>

<comp id="336" class="1004" name="p_cast9_fu_336">
<pin_list>
<pin id="337" dir="0" index="0" bw="5" slack="0"/>
<pin id="338" dir="1" index="1" bw="64" slack="0"/>
</pin_list>
<bind>
<opcode="zext(34) " fcode="zext"/>
<opset="p_cast9/3 "/>
</bind>
</comp>

<comp id="341" class="1004" name="empty_8_fu_341">
<pin_list>
<pin id="342" dir="0" index="0" bw="5" slack="1"/>
<pin id="343" dir="0" index="1" bw="4" slack="0"/>
<pin id="344" dir="1" index="2" bw="5" slack="0"/>
</pin_list>
<bind>
<opcode="add(8) " fcode="add"/>
<opset="empty_8/3 "/>
</bind>
</comp>

<comp id="346" class="1004" name="p_cast10_fu_346">
<pin_list>
<pin id="347" dir="0" index="0" bw="5" slack="0"/>
<pin id="348" dir="1" index="1" bw="64" slack="0"/>
</pin_list>
<bind>
<opcode="zext(34) " fcode="zext"/>
<opset="p_cast10/3 "/>
</bind>
</comp>

<comp id="351" class="1004" name="zext_ln16_1_fu_351">
<pin_list>
<pin id="352" dir="0" index="0" bw="3" slack="1"/>
<pin id="353" dir="1" index="1" bw="4" slack="0"/>
</pin_list>
<bind>
<opcode="zext(34) " fcode="zext"/>
<opset="zext_ln16_1/3 "/>
</bind>
</comp>

<comp id="354" class="1004" name="add_ln16_4_fu_354">
<pin_list>
<pin id="355" dir="0" index="0" bw="3" slack="0"/>
<pin id="356" dir="0" index="1" bw="4" slack="0"/>
<pin id="357" dir="1" index="2" bw="4" slack="0"/>
</pin_list>
<bind>
<opcode="add(8) " fcode="add"/>
<opset="add_ln16_4/3 "/>
</bind>
</comp>

<comp id="360" class="1004" name="zext_ln16_2_fu_360">
<pin_list>
<pin id="361" dir="0" index="0" bw="4" slack="0"/>
<pin id="362" dir="1" index="1" bw="64" slack="0"/>
</pin_list>
<bind>
<opcode="zext(34) " fcode="zext"/>
<opset="zext_ln16_2/3 "/>
</bind>
</comp>

<comp id="365" class="1004" name="add_ln16_5_fu_365">
<pin_list>
<pin id="366" dir="0" index="0" bw="3" slack="1"/>
<pin id="367" dir="0" index="1" bw="5" slack="0"/>
<pin id="368" dir="1" index="2" bw="5" slack="0"/>
</pin_list>
<bind>
<opcode="add(8) " fcode="add"/>
<opset="add_ln16_5/3 "/>
</bind>
</comp>

<comp id="370" class="1004" name="zext_ln16_3_fu_370">
<pin_list>
<pin id="371" dir="0" index="0" bw="5" slack="0"/>
<pin id="372" dir="1" index="1" bw="64" slack="0"/>
</pin_list>
<bind>
<opcode="zext(34) " fcode="zext"/>
<opset="zext_ln16_3/3 "/>
</bind>
</comp>

<comp id="375" class="1004" name="add_ln16_8_fu_375">
<pin_list>
<pin id="376" dir="0" index="0" bw="5" slack="1"/>
<pin id="377" dir="0" index="1" bw="3" slack="1"/>
<pin id="378" dir="1" index="2" bw="5" slack="7"/>
</pin_list>
<bind>
<opcode="add(8) " fcode="add"/>
<opset="add_ln16_8/3 "/>
</bind>
</comp>

<comp id="379" class="1004" name="icmp_ln10_fu_379">
<pin_list>
<pin id="380" dir="0" index="0" bw="5" slack="0"/>
<pin id="381" dir="0" index="1" bw="4" slack="0"/>
<pin id="382" dir="1" index="2" bw="1" slack="1"/>
</pin_list>
<bind>
<opcode="icmp(45) " fcode="icmp"/>
<opset="icmp_ln10/3 "/>
</bind>
</comp>

<comp id="385" class="1004" name="p_cast7_fu_385">
<pin_list>
<pin id="386" dir="0" index="0" bw="5" slack="1"/>
<pin id="387" dir="1" index="1" bw="64" slack="0"/>
</pin_list>
<bind>
<opcode="zext(34) " fcode="zext"/>
<opset="p_cast7/4 "/>
</bind>
</comp>

<comp id="389" class="1004" name="p_cast8_fu_389">
<pin_list>
<pin id="390" dir="0" index="0" bw="5" slack="1"/>
<pin id="391" dir="1" index="1" bw="64" slack="0"/>
</pin_list>
<bind>
<opcode="zext(34) " fcode="zext"/>
<opset="p_cast8/4 "/>
</bind>
</comp>

<comp id="393" class="1004" name="conv_4_fu_393">
<pin_list>
<pin id="394" dir="0" index="0" bw="8" slack="0"/>
<pin id="395" dir="1" index="1" bw="16" slack="0"/>
</pin_list>
<bind>
<opcode="sext(35) " fcode="sext"/>
<opset="conv_4/4 "/>
</bind>
</comp>

<comp id="397" class="1004" name="zext_ln12_fu_397">
<pin_list>
<pin id="398" dir="0" index="0" bw="3" slack="2"/>
<pin id="399" dir="1" index="1" bw="64" slack="0"/>
</pin_list>
<bind>
<opcode="zext(34) " fcode="zext"/>
<opset="zext_ln12/4 "/>
</bind>
</comp>

<comp id="401" class="1004" name="sext_ln16_4_fu_401">
<pin_list>
<pin id="402" dir="0" index="0" bw="8" slack="1"/>
<pin id="403" dir="1" index="1" bw="16" slack="0"/>
</pin_list>
<bind>
<opcode="sext(35) " fcode="sext"/>
<opset="sext_ln16_4/4 "/>
</bind>
</comp>

<comp id="405" class="1004" name="j_fu_405">
<pin_list>
<pin id="406" dir="0" index="0" bw="3" slack="2"/>
<pin id="407" dir="0" index="1" bw="1" slack="0"/>
<pin id="408" dir="1" index="2" bw="3" slack="0"/>
</pin_list>
<bind>
<opcode="add(8) " fcode="add"/>
<opset="j/4 "/>
</bind>
</comp>

<comp id="410" class="1004" name="icmp_ln12_fu_410">
<pin_list>
<pin id="411" dir="0" index="0" bw="3" slack="0"/>
<pin id="412" dir="0" index="1" bw="3" slack="0"/>
<pin id="413" dir="1" index="2" bw="1" slack="1"/>
</pin_list>
<bind>
<opcode="icmp(45) " fcode="icmp"/>
<opset="icmp_ln12/4 "/>
</bind>
</comp>

<comp id="416" class="1004" name="store_ln12_store_fu_416">
<pin_list>
<pin id="417" dir="0" index="0" bw="3" slack="0"/>
<pin id="418" dir="0" index="1" bw="3" slack="3"/>
<pin id="419" dir="1" index="2" bw="0" slack="2147483647"/>
</pin_list>
<bind>
<opcode="store(28) " fcode="store"/>
<opset="store_ln12/4 "/>
</bind>
</comp>

<comp id="421" class="1004" name="conv_fu_421">
<pin_list>
<pin id="422" dir="0" index="0" bw="8" slack="2"/>
<pin id="423" dir="1" index="1" bw="16" slack="0"/>
</pin_list>
<bind>
<opcode="sext(35) " fcode="sext"/>
<opset="conv/5 "/>
</bind>
</comp>

<comp id="425" class="1004" name="conv_3_fu_425">
<pin_list>
<pin id="426" dir="0" index="0" bw="8" slack="1"/>
<pin id="427" dir="1" index="1" bw="16" slack="0"/>
</pin_list>
<bind>
<opcode="sext(35) " fcode="sext"/>
<opset="conv_3/5 "/>
</bind>
</comp>

<comp id="429" class="1004" name="sext_ln16_fu_429">
<pin_list>
<pin id="430" dir="0" index="0" bw="8" slack="0"/>
<pin id="431" dir="1" index="1" bw="16" slack="0"/>
</pin_list>
<bind>
<opcode="sext(35) " fcode="sext"/>
<opset="sext_ln16/5 "/>
</bind>
</comp>

<comp id="433" class="1004" name="sext_ln16_3_fu_433">
<pin_list>
<pin id="434" dir="0" index="0" bw="8" slack="2"/>
<pin id="435" dir="1" index="1" bw="16" slack="0"/>
</pin_list>
<bind>
<opcode="sext(35) " fcode="sext"/>
<opset="sext_ln16_3/5 "/>
</bind>
</comp>

<comp id="436" class="1004" name="mul_ln16_fu_436">
<pin_list>
<pin id="437" dir="0" index="0" bw="8" slack="0"/>
<pin id="438" dir="0" index="1" bw="8" slack="0"/>
<pin id="439" dir="1" index="2" bw="16" slack="1"/>
</pin_list>
<bind>
<opcode="mul(12) " fcode="mul"/>
<opset="mul_ln16/5 "/>
</bind>
</comp>

<comp id="442" class="1004" name="add_ln10_1_fu_442">
<pin_list>
<pin id="443" dir="0" index="0" bw="5" slack="2"/>
<pin id="444" dir="0" index="1" bw="1" slack="0"/>
<pin id="445" dir="1" index="2" bw="5" slack="0"/>
</pin_list>
<bind>
<opcode="add(8) " fcode="add"/>
<opset="add_ln10_1/5 "/>
</bind>
</comp>

<comp id="447" class="1004" name="store_ln10_store_fu_447">
<pin_list>
<pin id="448" dir="0" index="0" bw="5" slack="0"/>
<pin id="449" dir="0" index="1" bw="5" slack="4"/>
<pin id="450" dir="1" index="2" bw="0" slack="2147483647"/>
</pin_list>
<bind>
<opcode="store(28) " fcode="store"/>
<opset="store_ln10/5 "/>
</bind>
</comp>

<comp id="452" class="1004" name="conv_1_fu_452">
<pin_list>
<pin id="453" dir="0" index="0" bw="8" slack="1"/>
<pin id="454" dir="1" index="1" bw="16" slack="0"/>
</pin_list>
<bind>
<opcode="sext(35) " fcode="sext"/>
<opset="conv_1/6 "/>
</bind>
</comp>

<comp id="456" class="1004" name="conv_2_fu_456">
<pin_list>
<pin id="457" dir="0" index="0" bw="8" slack="1"/>
<pin id="458" dir="1" index="1" bw="16" slack="0"/>
</pin_list>
<bind>
<opcode="sext(35) " fcode="sext"/>
<opset="conv_2/6 "/>
</bind>
</comp>

<comp id="460" class="1004" name="sext_ln16_1_fu_460">
<pin_list>
<pin id="461" dir="0" index="0" bw="8" slack="2"/>
<pin id="462" dir="1" index="1" bw="16" slack="0"/>
</pin_list>
<bind>
<opcode="sext(35) " fcode="sext"/>
<opset="sext_ln16_1/6 "/>
</bind>
</comp>

<comp id="464" class="1004" name="sext_ln16_2_fu_464">
<pin_list>
<pin id="465" dir="0" index="0" bw="8" slack="2"/>
<pin id="466" dir="1" index="1" bw="16" slack="0"/>
</pin_list>
<bind>
<opcode="sext(35) " fcode="sext"/>
<opset="sext_ln16_2/6 "/>
</bind>
</comp>

<comp id="467" class="1004" name="mul_ln16_4_fu_467">
<pin_list>
<pin id="468" dir="0" index="0" bw="8" slack="0"/>
<pin id="469" dir="0" index="1" bw="8" slack="0"/>
<pin id="470" dir="1" index="2" bw="16" slack="1"/>
</pin_list>
<bind>
<opcode="mul(12) " fcode="mul"/>
<opset="mul_ln16_4/6 "/>
</bind>
</comp>

<comp id="473" class="1004" name="add_ln16_3_fu_473">
<pin_list>
<pin id="474" dir="0" index="0" bw="16" slack="0"/>
<pin id="475" dir="0" index="1" bw="16" slack="1"/>
<pin id="476" dir="1" index="2" bw="16" slack="1"/>
</pin_list>
<bind>
<opcode="add(8) " fcode="add"/>
<opset="add_ln16_3/9 "/>
</bind>
</comp>

<comp id="477" class="1004" name="zext_ln16_6_fu_477">
<pin_list>
<pin id="478" dir="0" index="0" bw="5" slack="7"/>
<pin id="479" dir="1" index="1" bw="64" slack="0"/>
</pin_list>
<bind>
<opcode="zext(34) " fcode="zext"/>
<opset="zext_ln16_6/10 "/>
</bind>
</comp>

<comp id="481" class="1007" name="grp_fu_481">
<pin_list>
<pin id="482" dir="0" index="0" bw="8" slack="0"/>
<pin id="483" dir="0" index="1" bw="8" slack="0"/>
<pin id="484" dir="0" index="2" bw="16" slack="2147483647"/>
<pin id="485" dir="1" index="3" bw="16" slack="1"/>
</pin_list>
<bind>
<opcode="muladd(1172) " fcode="muladd"/>
<opset="mul_ln16_1/4 add_ln16_1/6 "/>
</bind>
</comp>

<comp id="488" class="1007" name="grp_fu_488">
<pin_list>
<pin id="489" dir="0" index="0" bw="8" slack="0"/>
<pin id="490" dir="0" index="1" bw="8" slack="0"/>
<pin id="491" dir="0" index="2" bw="16" slack="2147483647"/>
<pin id="492" dir="1" index="3" bw="16" slack="1"/>
</pin_list>
<bind>
<opcode="muladd(1172) " fcode="muladd"/>
<opset="mul_ln16_2/5 add_ln16/7 "/>
</bind>
</comp>

<comp id="495" class="1007" name="grp_fu_495">
<pin_list>
<pin id="496" dir="0" index="0" bw="8" slack="0"/>
<pin id="497" dir="0" index="1" bw="8" slack="0"/>
<pin id="498" dir="0" index="2" bw="16" slack="2147483647"/>
<pin id="499" dir="1" index="3" bw="16" slack="0"/>
</pin_list>
<bind>
<opcode="muladd(1172) " fcode="muladd"/>
<opset="mul_ln16_3/6 add_ln16_2/8 "/>
</bind>
</comp>

<comp id="503" class="1005" name="indvar_flatten1_reg_503">
<pin_list>
<pin id="504" dir="0" index="0" bw="5" slack="0"/>
<pin id="505" dir="1" index="1" bw="5" slack="0"/>
</pin_list>
<bind>
<opset="indvar_flatten1 "/>
</bind>
</comp>

<comp id="510" class="1005" name="i2_reg_510">
<pin_list>
<pin id="511" dir="0" index="0" bw="3" slack="0"/>
<pin id="512" dir="1" index="1" bw="3" slack="0"/>
</pin_list>
<bind>
<opset="i2 "/>
</bind>
</comp>

<comp id="517" class="1005" name="j3_reg_517">
<pin_list>
<pin id="518" dir="0" index="0" bw="3" slack="0"/>
<pin id="519" dir="1" index="1" bw="3" slack="0"/>
</pin_list>
<bind>
<opset="j3 "/>
</bind>
</comp>

<comp id="524" class="1005" name="i2_load_reg_524">
<pin_list>
<pin id="525" dir="0" index="0" bw="3" slack="1"/>
<pin id="526" dir="1" index="1" bw="3" slack="1"/>
</pin_list>
<bind>
<opset="i2_load "/>
</bind>
</comp>

<comp id="529" class="1005" name="add_ln10_reg_529">
<pin_list>
<pin id="530" dir="0" index="0" bw="3" slack="1"/>
<pin id="531" dir="1" index="1" bw="3" slack="1"/>
</pin_list>
<bind>
<opset="add_ln10 "/>
</bind>
</comp>

<comp id="534" class="1005" name="select_ln10_reg_534">
<pin_list>
<pin id="535" dir="0" index="0" bw="3" slack="1"/>
<pin id="536" dir="1" index="1" bw="3" slack="1"/>
</pin_list>
<bind>
<opset="select_ln10 "/>
</bind>
</comp>

<comp id="541" class="1005" name="empty_4_reg_541">
<pin_list>
<pin id="542" dir="0" index="0" bw="5" slack="1"/>
<pin id="543" dir="1" index="1" bw="5" slack="1"/>
</pin_list>
<bind>
<opset="empty_4 "/>
</bind>
</comp>

<comp id="550" class="1005" name="a_addr_reg_550">
<pin_list>
<pin id="551" dir="0" index="0" bw="5" slack="1"/>
<pin id="552" dir="1" index="1" bw="5" slack="1"/>
</pin_list>
<bind>
<opset="a_addr "/>
</bind>
</comp>

<comp id="555" class="1005" name="zext_ln16_reg_555">
<pin_list>
<pin id="556" dir="0" index="0" bw="5" slack="1"/>
<pin id="557" dir="1" index="1" bw="5" slack="1"/>
</pin_list>
<bind>
<opset="zext_ln16 "/>
</bind>
</comp>

<comp id="561" class="1005" name="b_addr_3_reg_561">
<pin_list>
<pin id="562" dir="0" index="0" bw="5" slack="1"/>
<pin id="563" dir="1" index="1" bw="5" slack="1"/>
</pin_list>
<bind>
<opset="b_addr_3 "/>
</bind>
</comp>

<comp id="566" class="1005" name="b_addr_4_reg_566">
<pin_list>
<pin id="567" dir="0" index="0" bw="5" slack="1"/>
<pin id="568" dir="1" index="1" bw="5" slack="1"/>
</pin_list>
<bind>
<opset="b_addr_4 "/>
</bind>
</comp>

<comp id="571" class="1005" name="indvar_flatten1_load_reg_571">
<pin_list>
<pin id="572" dir="0" index="0" bw="5" slack="2"/>
<pin id="573" dir="1" index="1" bw="5" slack="2"/>
</pin_list>
<bind>
<opset="indvar_flatten1_load "/>
</bind>
</comp>

<comp id="576" class="1005" name="empty_5_reg_576">
<pin_list>
<pin id="577" dir="0" index="0" bw="5" slack="1"/>
<pin id="578" dir="1" index="1" bw="5" slack="1"/>
</pin_list>
<bind>
<opset="empty_5 "/>
</bind>
</comp>

<comp id="581" class="1005" name="empty_6_reg_581">
<pin_list>
<pin id="582" dir="0" index="0" bw="5" slack="1"/>
<pin id="583" dir="1" index="1" bw="5" slack="1"/>
</pin_list>
<bind>
<opset="empty_6 "/>
</bind>
</comp>

<comp id="586" class="1005" name="a_addr_3_reg_586">
<pin_list>
<pin id="587" dir="0" index="0" bw="5" slack="1"/>
<pin id="588" dir="1" index="1" bw="5" slack="1"/>
</pin_list>
<bind>
<opset="a_addr_3 "/>
</bind>
</comp>

<comp id="591" class="1005" name="a_addr_4_reg_591">
<pin_list>
<pin id="592" dir="0" index="0" bw="5" slack="1"/>
<pin id="593" dir="1" index="1" bw="5" slack="1"/>
</pin_list>
<bind>
<opset="a_addr_4 "/>
</bind>
</comp>

<comp id="596" class="1005" name="b_addr_1_reg_596">
<pin_list>
<pin id="597" dir="0" index="0" bw="5" slack="1"/>
<pin id="598" dir="1" index="1" bw="5" slack="1"/>
</pin_list>
<bind>
<opset="b_addr_1 "/>
</bind>
</comp>

<comp id="601" class="1005" name="b_addr_2_reg_601">
<pin_list>
<pin id="602" dir="0" index="0" bw="5" slack="1"/>
<pin id="603" dir="1" index="1" bw="5" slack="1"/>
</pin_list>
<bind>
<opset="b_addr_2 "/>
</bind>
</comp>

<comp id="606" class="1005" name="add_ln16_8_reg_606">
<pin_list>
<pin id="607" dir="0" index="0" bw="5" slack="7"/>
<pin id="608" dir="1" index="1" bw="5" slack="7"/>
</pin_list>
<bind>
<opset="add_ln16_8 "/>
</bind>
</comp>

<comp id="611" class="1005" name="b_load_3_reg_611">
<pin_list>
<pin id="612" dir="0" index="0" bw="8" slack="2"/>
<pin id="613" dir="1" index="1" bw="8" slack="2"/>
</pin_list>
<bind>
<opset="b_load_3 "/>
</bind>
</comp>

<comp id="616" class="1005" name="icmp_ln10_reg_616">
<pin_list>
<pin id="617" dir="0" index="0" bw="1" slack="1"/>
<pin id="618" dir="1" index="1" bw="1" slack="2147483647"/>
</pin_list>
<bind>
<opset="icmp_ln10 "/>
</bind>
</comp>

<comp id="620" class="1005" name="a_addr_1_reg_620">
<pin_list>
<pin id="621" dir="0" index="0" bw="5" slack="1"/>
<pin id="622" dir="1" index="1" bw="5" slack="1"/>
</pin_list>
<bind>
<opset="a_addr_1 "/>
</bind>
</comp>

<comp id="625" class="1005" name="a_addr_2_reg_625">
<pin_list>
<pin id="626" dir="0" index="0" bw="5" slack="1"/>
<pin id="627" dir="1" index="1" bw="5" slack="1"/>
</pin_list>
<bind>
<opset="a_addr_2 "/>
</bind>
</comp>

<comp id="630" class="1005" name="conv_4_reg_630">
<pin_list>
<pin id="631" dir="0" index="0" bw="16" slack="1"/>
<pin id="632" dir="1" index="1" bw="16" slack="1"/>
</pin_list>
<bind>
<opset="conv_4 "/>
</bind>
</comp>

<comp id="635" class="1005" name="b_addr_reg_635">
<pin_list>
<pin id="636" dir="0" index="0" bw="5" slack="1"/>
<pin id="637" dir="1" index="1" bw="5" slack="1"/>
</pin_list>
<bind>
<opset="b_addr "/>
</bind>
</comp>

<comp id="640" class="1005" name="b_load_2_reg_640">
<pin_list>
<pin id="641" dir="0" index="0" bw="8" slack="2"/>
<pin id="642" dir="1" index="1" bw="8" slack="2"/>
</pin_list>
<bind>
<opset="b_load_2 "/>
</bind>
</comp>

<comp id="645" class="1005" name="sext_ln16_4_reg_645">
<pin_list>
<pin id="646" dir="0" index="0" bw="16" slack="1"/>
<pin id="647" dir="1" index="1" bw="16" slack="1"/>
</pin_list>
<bind>
<opset="sext_ln16_4 "/>
</bind>
</comp>

<comp id="650" class="1005" name="icmp_ln12_reg_650">
<pin_list>
<pin id="651" dir="0" index="0" bw="1" slack="1"/>
<pin id="652" dir="1" index="1" bw="1" slack="1"/>
</pin_list>
<bind>
<opset="icmp_ln12 "/>
</bind>
</comp>

<comp id="655" class="1005" name="conv_reg_655">
<pin_list>
<pin id="656" dir="0" index="0" bw="16" slack="1"/>
<pin id="657" dir="1" index="1" bw="16" slack="1"/>
</pin_list>
<bind>
<opset="conv "/>
</bind>
</comp>

<comp id="660" class="1005" name="sext_ln16_reg_660">
<pin_list>
<pin id="661" dir="0" index="0" bw="16" slack="1"/>
<pin id="662" dir="1" index="1" bw="16" slack="1"/>
</pin_list>
<bind>
<opset="sext_ln16 "/>
</bind>
</comp>

<comp id="665" class="1005" name="mul_ln16_reg_665">
<pin_list>
<pin id="666" dir="0" index="0" bw="16" slack="1"/>
<pin id="667" dir="1" index="1" bw="16" slack="1"/>
</pin_list>
<bind>
<opset="mul_ln16 "/>
</bind>
</comp>

<comp id="670" class="1005" name="conv_2_reg_670">
<pin_list>
<pin id="671" dir="0" index="0" bw="16" slack="1"/>
<pin id="672" dir="1" index="1" bw="16" slack="1"/>
</pin_list>
<bind>
<opset="conv_2 "/>
</bind>
</comp>

<comp id="675" class="1005" name="sext_ln16_2_reg_675">
<pin_list>
<pin id="676" dir="0" index="0" bw="16" slack="1"/>
<pin id="677" dir="1" index="1" bw="16" slack="1"/>
</pin_list>
<bind>
<opset="sext_ln16_2 "/>
</bind>
</comp>

<comp id="680" class="1005" name="mul_ln16_4_reg_680">
<pin_list>
<pin id="681" dir="0" index="0" bw="16" slack="1"/>
<pin id="682" dir="1" index="1" bw="16" slack="1"/>
</pin_list>
<bind>
<opset="mul_ln16_4 "/>
</bind>
</comp>

<comp id="685" class="1005" name="add_ln16_1_reg_685">
<pin_list>
<pin id="686" dir="0" index="0" bw="16" slack="1"/>
<pin id="687" dir="1" index="1" bw="16" slack="1"/>
</pin_list>
<bind>
<opset="add_ln16_1 "/>
</bind>
</comp>

<comp id="690" class="1005" name="add_ln16_reg_690">
<pin_list>
<pin id="691" dir="0" index="0" bw="16" slack="1"/>
<pin id="692" dir="1" index="1" bw="16" slack="1"/>
</pin_list>
<bind>
<opset="add_ln16 "/>
</bind>
</comp>

<comp id="695" class="1005" name="add_ln16_3_reg_695">
<pin_list>
<pin id="696" dir="0" index="0" bw="16" slack="1"/>
<pin id="697" dir="1" index="1" bw="16" slack="1"/>
</pin_list>
<bind>
<opset="add_ln16_3 "/>
</bind>
</comp>

</comp_list>

<net_list>
<net id="71"><net_src comp="6" pin="0"/><net_sink comp="68" pin=0"/></net>

<net id="75"><net_src comp="6" pin="0"/><net_sink comp="72" pin=0"/></net>

<net id="79"><net_src comp="6" pin="0"/><net_sink comp="76" pin=0"/></net>

<net id="85"><net_src comp="0" pin="0"/><net_sink comp="80" pin=0"/></net>

<net id="86"><net_src comp="36" pin="0"/><net_sink comp="80" pin=1"/></net>

<net id="92"><net_src comp="80" pin="3"/><net_sink comp="87" pin=0"/></net>

<net id="98"><net_src comp="2" pin="0"/><net_sink comp="93" pin=0"/></net>

<net id="99"><net_src comp="36" pin="0"/><net_sink comp="93" pin=1"/></net>

<net id="105"><net_src comp="2" pin="0"/><net_sink comp="100" pin=0"/></net>

<net id="106"><net_src comp="36" pin="0"/><net_sink comp="100" pin=1"/></net>

<net id="116"><net_src comp="93" pin="3"/><net_sink comp="107" pin=2"/></net>

<net id="117"><net_src comp="100" pin="3"/><net_sink comp="107" pin=0"/></net>

<net id="123"><net_src comp="0" pin="0"/><net_sink comp="118" pin=0"/></net>

<net id="124"><net_src comp="36" pin="0"/><net_sink comp="118" pin=1"/></net>

<net id="130"><net_src comp="0" pin="0"/><net_sink comp="125" pin=0"/></net>

<net id="131"><net_src comp="36" pin="0"/><net_sink comp="125" pin=1"/></net>

<net id="132"><net_src comp="118" pin="3"/><net_sink comp="87" pin=0"/></net>

<net id="137"><net_src comp="125" pin="3"/><net_sink comp="87" pin=2"/></net>

<net id="143"><net_src comp="2" pin="0"/><net_sink comp="138" pin=0"/></net>

<net id="144"><net_src comp="36" pin="0"/><net_sink comp="138" pin=1"/></net>

<net id="150"><net_src comp="2" pin="0"/><net_sink comp="145" pin=0"/></net>

<net id="151"><net_src comp="36" pin="0"/><net_sink comp="145" pin=1"/></net>

<net id="152"><net_src comp="138" pin="3"/><net_sink comp="107" pin=0"/></net>

<net id="153"><net_src comp="145" pin="3"/><net_sink comp="107" pin=2"/></net>

<net id="159"><net_src comp="0" pin="0"/><net_sink comp="154" pin=0"/></net>

<net id="160"><net_src comp="36" pin="0"/><net_sink comp="154" pin=1"/></net>

<net id="166"><net_src comp="0" pin="0"/><net_sink comp="161" pin=0"/></net>

<net id="167"><net_src comp="36" pin="0"/><net_sink comp="161" pin=1"/></net>

<net id="168"><net_src comp="154" pin="3"/><net_sink comp="87" pin=2"/></net>

<net id="169"><net_src comp="161" pin="3"/><net_sink comp="87" pin=0"/></net>

<net id="175"><net_src comp="2" pin="0"/><net_sink comp="170" pin=0"/></net>

<net id="176"><net_src comp="36" pin="0"/><net_sink comp="170" pin=1"/></net>

<net id="177"><net_src comp="170" pin="3"/><net_sink comp="107" pin=0"/></net>

<net id="183"><net_src comp="4" pin="0"/><net_sink comp="178" pin=0"/></net>

<net id="184"><net_src comp="36" pin="0"/><net_sink comp="178" pin=1"/></net>

<net id="190"><net_src comp="178" pin="3"/><net_sink comp="185" pin=0"/></net>

<net id="200"><net_src comp="28" pin="0"/><net_sink comp="194" pin=0"/></net>

<net id="201"><net_src comp="194" pin="4"/><net_sink comp="191" pin=0"/></net>

<net id="205"><net_src comp="87" pin="3"/><net_sink comp="202" pin=0"/></net>

<net id="206"><net_src comp="87" pin="7"/><net_sink comp="202" pin=0"/></net>

<net id="210"><net_src comp="107" pin="3"/><net_sink comp="207" pin=0"/></net>

<net id="214"><net_src comp="87" pin="3"/><net_sink comp="211" pin=0"/></net>

<net id="219"><net_src comp="24" pin="0"/><net_sink comp="215" pin=0"/></net>

<net id="224"><net_src comp="24" pin="0"/><net_sink comp="220" pin=0"/></net>

<net id="229"><net_src comp="26" pin="0"/><net_sink comp="225" pin=0"/></net>

<net id="237"><net_src comp="230" pin="1"/><net_sink comp="233" pin=0"/></net>

<net id="238"><net_src comp="30" pin="0"/><net_sink comp="233" pin=1"/></net>

<net id="247"><net_src comp="191" pin="1"/><net_sink comp="242" pin=0"/></net>

<net id="248"><net_src comp="24" pin="0"/><net_sink comp="242" pin=1"/></net>

<net id="249"><net_src comp="239" pin="1"/><net_sink comp="242" pin=2"/></net>

<net id="255"><net_src comp="191" pin="1"/><net_sink comp="250" pin=0"/></net>

<net id="259"><net_src comp="250" pin="3"/><net_sink comp="256" pin=0"/></net>

<net id="265"><net_src comp="32" pin="0"/><net_sink comp="260" pin=0"/></net>

<net id="266"><net_src comp="250" pin="3"/><net_sink comp="260" pin=1"/></net>

<net id="267"><net_src comp="34" pin="0"/><net_sink comp="260" pin=2"/></net>

<net id="271"><net_src comp="260" pin="3"/><net_sink comp="268" pin=0"/></net>

<net id="276"><net_src comp="268" pin="1"/><net_sink comp="272" pin=0"/></net>

<net id="277"><net_src comp="256" pin="1"/><net_sink comp="272" pin=1"/></net>

<net id="281"><net_src comp="272" pin="2"/><net_sink comp="278" pin=0"/></net>

<net id="282"><net_src comp="278" pin="1"/><net_sink comp="80" pin=2"/></net>

<net id="286"><net_src comp="272" pin="2"/><net_sink comp="283" pin=0"/></net>

<net id="290"><net_src comp="242" pin="3"/><net_sink comp="287" pin=0"/></net>

<net id="295"><net_src comp="287" pin="1"/><net_sink comp="291" pin=0"/></net>

<net id="296"><net_src comp="38" pin="0"/><net_sink comp="291" pin=1"/></net>

<net id="300"><net_src comp="291" pin="2"/><net_sink comp="297" pin=0"/></net>

<net id="301"><net_src comp="297" pin="1"/><net_sink comp="93" pin=2"/></net>

<net id="306"><net_src comp="287" pin="1"/><net_sink comp="302" pin=0"/></net>

<net id="307"><net_src comp="40" pin="0"/><net_sink comp="302" pin=1"/></net>

<net id="311"><net_src comp="302" pin="2"/><net_sink comp="308" pin=0"/></net>

<net id="312"><net_src comp="308" pin="1"/><net_sink comp="100" pin=2"/></net>

<net id="317"><net_src comp="250" pin="3"/><net_sink comp="313" pin=0"/></net>

<net id="325"><net_src comp="42" pin="0"/><net_sink comp="321" pin=1"/></net>

<net id="330"><net_src comp="44" pin="0"/><net_sink comp="326" pin=1"/></net>

<net id="335"><net_src comp="46" pin="0"/><net_sink comp="331" pin=1"/></net>

<net id="339"><net_src comp="331" pin="2"/><net_sink comp="336" pin=0"/></net>

<net id="340"><net_src comp="336" pin="1"/><net_sink comp="118" pin=2"/></net>

<net id="345"><net_src comp="48" pin="0"/><net_sink comp="341" pin=1"/></net>

<net id="349"><net_src comp="341" pin="2"/><net_sink comp="346" pin=0"/></net>

<net id="350"><net_src comp="346" pin="1"/><net_sink comp="125" pin=2"/></net>

<net id="358"><net_src comp="351" pin="1"/><net_sink comp="354" pin=0"/></net>

<net id="359"><net_src comp="50" pin="0"/><net_sink comp="354" pin=1"/></net>

<net id="363"><net_src comp="354" pin="2"/><net_sink comp="360" pin=0"/></net>

<net id="364"><net_src comp="360" pin="1"/><net_sink comp="138" pin=2"/></net>

<net id="369"><net_src comp="52" pin="0"/><net_sink comp="365" pin=1"/></net>

<net id="373"><net_src comp="365" pin="2"/><net_sink comp="370" pin=0"/></net>

<net id="374"><net_src comp="370" pin="1"/><net_sink comp="145" pin=2"/></net>

<net id="383"><net_src comp="318" pin="1"/><net_sink comp="379" pin=0"/></net>

<net id="384"><net_src comp="54" pin="0"/><net_sink comp="379" pin=1"/></net>

<net id="388"><net_src comp="385" pin="1"/><net_sink comp="154" pin=2"/></net>

<net id="392"><net_src comp="389" pin="1"/><net_sink comp="161" pin=2"/></net>

<net id="396"><net_src comp="87" pin="7"/><net_sink comp="393" pin=0"/></net>

<net id="400"><net_src comp="397" pin="1"/><net_sink comp="170" pin=2"/></net>

<net id="404"><net_src comp="207" pin="1"/><net_sink comp="401" pin=0"/></net>

<net id="409"><net_src comp="30" pin="0"/><net_sink comp="405" pin=1"/></net>

<net id="414"><net_src comp="405" pin="2"/><net_sink comp="410" pin=0"/></net>

<net id="415"><net_src comp="56" pin="0"/><net_sink comp="410" pin=1"/></net>

<net id="420"><net_src comp="405" pin="2"/><net_sink comp="416" pin=0"/></net>

<net id="424"><net_src comp="202" pin="1"/><net_sink comp="421" pin=0"/></net>

<net id="428"><net_src comp="211" pin="1"/><net_sink comp="425" pin=0"/></net>

<net id="432"><net_src comp="107" pin="3"/><net_sink comp="429" pin=0"/></net>

<net id="440"><net_src comp="433" pin="1"/><net_sink comp="436" pin=0"/></net>

<net id="441"><net_src comp="425" pin="1"/><net_sink comp="436" pin=1"/></net>

<net id="446"><net_src comp="42" pin="0"/><net_sink comp="442" pin=1"/></net>

<net id="451"><net_src comp="442" pin="2"/><net_sink comp="447" pin=0"/></net>

<net id="455"><net_src comp="202" pin="1"/><net_sink comp="452" pin=0"/></net>

<net id="459"><net_src comp="211" pin="1"/><net_sink comp="456" pin=0"/></net>

<net id="463"><net_src comp="207" pin="1"/><net_sink comp="460" pin=0"/></net>

<net id="471"><net_src comp="460" pin="1"/><net_sink comp="467" pin=0"/></net>

<net id="472"><net_src comp="452" pin="1"/><net_sink comp="467" pin=1"/></net>

<net id="480"><net_src comp="477" pin="1"/><net_sink comp="178" pin=2"/></net>

<net id="486"><net_src comp="401" pin="1"/><net_sink comp="481" pin=0"/></net>

<net id="487"><net_src comp="393" pin="1"/><net_sink comp="481" pin=1"/></net>

<net id="493"><net_src comp="429" pin="1"/><net_sink comp="488" pin=0"/></net>

<net id="494"><net_src comp="421" pin="1"/><net_sink comp="488" pin=1"/></net>

<net id="500"><net_src comp="464" pin="1"/><net_sink comp="495" pin=0"/></net>

<net id="501"><net_src comp="456" pin="1"/><net_sink comp="495" pin=1"/></net>

<net id="502"><net_src comp="495" pin="3"/><net_sink comp="473" pin=0"/></net>

<net id="506"><net_src comp="68" pin="1"/><net_sink comp="503" pin=0"/></net>

<net id="507"><net_src comp="503" pin="1"/><net_sink comp="225" pin=1"/></net>

<net id="508"><net_src comp="503" pin="1"/><net_sink comp="318" pin=0"/></net>

<net id="509"><net_src comp="503" pin="1"/><net_sink comp="447" pin=1"/></net>

<net id="513"><net_src comp="72" pin="1"/><net_sink comp="510" pin=0"/></net>

<net id="514"><net_src comp="510" pin="1"/><net_sink comp="220" pin=1"/></net>

<net id="515"><net_src comp="510" pin="1"/><net_sink comp="230" pin=0"/></net>

<net id="516"><net_src comp="510" pin="1"/><net_sink comp="313" pin=1"/></net>

<net id="520"><net_src comp="76" pin="1"/><net_sink comp="517" pin=0"/></net>

<net id="521"><net_src comp="517" pin="1"/><net_sink comp="215" pin=1"/></net>

<net id="522"><net_src comp="517" pin="1"/><net_sink comp="239" pin=0"/></net>

<net id="523"><net_src comp="517" pin="1"/><net_sink comp="416" pin=1"/></net>

<net id="527"><net_src comp="230" pin="1"/><net_sink comp="524" pin=0"/></net>

<net id="528"><net_src comp="524" pin="1"/><net_sink comp="250" pin=2"/></net>

<net id="532"><net_src comp="233" pin="2"/><net_sink comp="529" pin=0"/></net>

<net id="533"><net_src comp="529" pin="1"/><net_sink comp="250" pin=1"/></net>

<net id="537"><net_src comp="242" pin="3"/><net_sink comp="534" pin=0"/></net>

<net id="538"><net_src comp="534" pin="1"/><net_sink comp="351" pin=0"/></net>

<net id="539"><net_src comp="534" pin="1"/><net_sink comp="397" pin=0"/></net>

<net id="540"><net_src comp="534" pin="1"/><net_sink comp="405" pin=0"/></net>

<net id="544"><net_src comp="283" pin="1"/><net_sink comp="541" pin=0"/></net>

<net id="545"><net_src comp="541" pin="1"/><net_sink comp="321" pin=0"/></net>

<net id="546"><net_src comp="541" pin="1"/><net_sink comp="326" pin=0"/></net>

<net id="547"><net_src comp="541" pin="1"/><net_sink comp="331" pin=0"/></net>

<net id="548"><net_src comp="541" pin="1"/><net_sink comp="341" pin=0"/></net>

<net id="549"><net_src comp="541" pin="1"/><net_sink comp="375" pin=0"/></net>

<net id="553"><net_src comp="80" pin="3"/><net_sink comp="550" pin=0"/></net>

<net id="554"><net_src comp="550" pin="1"/><net_sink comp="87" pin=0"/></net>

<net id="558"><net_src comp="287" pin="1"/><net_sink comp="555" pin=0"/></net>

<net id="559"><net_src comp="555" pin="1"/><net_sink comp="365" pin=0"/></net>

<net id="560"><net_src comp="555" pin="1"/><net_sink comp="375" pin=1"/></net>

<net id="564"><net_src comp="93" pin="3"/><net_sink comp="561" pin=0"/></net>

<net id="565"><net_src comp="561" pin="1"/><net_sink comp="107" pin=2"/></net>

<net id="569"><net_src comp="100" pin="3"/><net_sink comp="566" pin=0"/></net>

<net id="570"><net_src comp="566" pin="1"/><net_sink comp="107" pin=0"/></net>

<net id="574"><net_src comp="318" pin="1"/><net_sink comp="571" pin=0"/></net>

<net id="575"><net_src comp="571" pin="1"/><net_sink comp="442" pin=0"/></net>

<net id="579"><net_src comp="321" pin="2"/><net_sink comp="576" pin=0"/></net>

<net id="580"><net_src comp="576" pin="1"/><net_sink comp="385" pin=0"/></net>

<net id="584"><net_src comp="326" pin="2"/><net_sink comp="581" pin=0"/></net>

<net id="585"><net_src comp="581" pin="1"/><net_sink comp="389" pin=0"/></net>

<net id="589"><net_src comp="118" pin="3"/><net_sink comp="586" pin=0"/></net>

<net id="590"><net_src comp="586" pin="1"/><net_sink comp="87" pin=0"/></net>

<net id="594"><net_src comp="125" pin="3"/><net_sink comp="591" pin=0"/></net>

<net id="595"><net_src comp="591" pin="1"/><net_sink comp="87" pin=2"/></net>

<net id="599"><net_src comp="138" pin="3"/><net_sink comp="596" pin=0"/></net>

<net id="600"><net_src comp="596" pin="1"/><net_sink comp="107" pin=0"/></net>

<net id="604"><net_src comp="145" pin="3"/><net_sink comp="601" pin=0"/></net>

<net id="605"><net_src comp="601" pin="1"/><net_sink comp="107" pin=2"/></net>

<net id="609"><net_src comp="375" pin="2"/><net_sink comp="606" pin=0"/></net>

<net id="610"><net_src comp="606" pin="1"/><net_sink comp="477" pin=0"/></net>

<net id="614"><net_src comp="107" pin="7"/><net_sink comp="611" pin=0"/></net>

<net id="615"><net_src comp="611" pin="1"/><net_sink comp="433" pin=0"/></net>

<net id="619"><net_src comp="379" pin="2"/><net_sink comp="616" pin=0"/></net>

<net id="623"><net_src comp="154" pin="3"/><net_sink comp="620" pin=0"/></net>

<net id="624"><net_src comp="620" pin="1"/><net_sink comp="87" pin=2"/></net>

<net id="628"><net_src comp="161" pin="3"/><net_sink comp="625" pin=0"/></net>

<net id="629"><net_src comp="625" pin="1"/><net_sink comp="87" pin=0"/></net>

<net id="633"><net_src comp="393" pin="1"/><net_sink comp="630" pin=0"/></net>

<net id="634"><net_src comp="630" pin="1"/><net_sink comp="481" pin=1"/></net>

<net id="638"><net_src comp="170" pin="3"/><net_sink comp="635" pin=0"/></net>

<net id="639"><net_src comp="635" pin="1"/><net_sink comp="107" pin=0"/></net>

<net id="643"><net_src comp="107" pin="7"/><net_sink comp="640" pin=0"/></net>

<net id="644"><net_src comp="640" pin="1"/><net_sink comp="464" pin=0"/></net>

<net id="648"><net_src comp="401" pin="1"/><net_sink comp="645" pin=0"/></net>

<net id="649"><net_src comp="645" pin="1"/><net_sink comp="481" pin=0"/></net>

<net id="653"><net_src comp="410" pin="2"/><net_sink comp="650" pin=0"/></net>

<net id="654"><net_src comp="650" pin="1"/><net_sink comp="194" pin=2"/></net>

<net id="658"><net_src comp="421" pin="1"/><net_sink comp="655" pin=0"/></net>

<net id="659"><net_src comp="655" pin="1"/><net_sink comp="488" pin=1"/></net>

<net id="663"><net_src comp="429" pin="1"/><net_sink comp="660" pin=0"/></net>

<net id="664"><net_src comp="660" pin="1"/><net_sink comp="488" pin=0"/></net>

<net id="668"><net_src comp="436" pin="2"/><net_sink comp="665" pin=0"/></net>

<net id="669"><net_src comp="665" pin="1"/><net_sink comp="481" pin=0"/></net>

<net id="673"><net_src comp="456" pin="1"/><net_sink comp="670" pin=0"/></net>

<net id="674"><net_src comp="670" pin="1"/><net_sink comp="495" pin=1"/></net>

<net id="678"><net_src comp="464" pin="1"/><net_sink comp="675" pin=0"/></net>

<net id="679"><net_src comp="675" pin="1"/><net_sink comp="495" pin=0"/></net>

<net id="683"><net_src comp="467" pin="2"/><net_sink comp="680" pin=0"/></net>

<net id="684"><net_src comp="680" pin="1"/><net_sink comp="488" pin=0"/></net>

<net id="688"><net_src comp="481" pin="3"/><net_sink comp="685" pin=0"/></net>

<net id="689"><net_src comp="685" pin="1"/><net_sink comp="495" pin=0"/></net>

<net id="693"><net_src comp="488" pin="3"/><net_sink comp="690" pin=0"/></net>

<net id="694"><net_src comp="690" pin="1"/><net_sink comp="473" pin=1"/></net>

<net id="698"><net_src comp="473" pin="2"/><net_sink comp="695" pin=0"/></net>

<net id="699"><net_src comp="695" pin="1"/><net_sink comp="185" pin=1"/></net>

</net_list>

</model> 
---------------- Datapath Model END ------------------

* FSMD analyzer results:
  - Output states:
	Port: prod | {10 }
 - Input state : 
	Port: matrix_mult : a | {2 3 4 5 }
	Port: matrix_mult : b | {2 3 4 5 }
  - Chain level:
	State 1
		store_ln0 : 1
		store_ln0 : 1
		store_ln0 : 1
		icmp_ln124 : 1
		i2_load : 1
		add_ln10 : 2
	State 2
		select_ln10 : 1
		select_ln10_1_cast : 1
		tmp : 1
		p_shl : 2
		empty : 3
		p_cast6 : 4
		empty_4 : 4
		a_addr : 5
		a_load : 6
		zext_ln16 : 2
		add_ln16_6 : 3
		zext_ln16_4 : 4
		b_addr_3 : 5
		add_ln16_7 : 3
		zext_ln16_5 : 4
		b_addr_4 : 5
		b_load_3 : 6
		b_load_4 : 6
		store_ln10 : 1
	State 3
		p_cast9 : 1
		a_addr_3 : 2
		p_cast10 : 1
		a_addr_4 : 2
		a_load_3 : 3
		a_load_4 : 3
		add_ln16_4 : 1
		zext_ln16_2 : 2
		b_addr_1 : 3
		zext_ln16_3 : 1
		b_addr_2 : 2
		b_load_1 : 4
		b_load_2 : 3
		icmp_ln10 : 1
		br_ln10 : 2
	State 4
		a_addr_1 : 1
		a_addr_2 : 1
		a_load_1 : 2
		a_load_2 : 2
		conv_4 : 1
		b_addr : 1
		b_load : 2
		mul_ln16_1 : 2
		icmp_ln12 : 1
		store_ln12 : 1
	State 5
		sext_ln16 : 1
		mul_ln16 : 1
		mul_ln16_2 : 2
		store_ln10 : 1
	State 6
		mul_ln16_3 : 1
		mul_ln16_4 : 1
		add_ln16_1 : 1
	State 7
		add_ln16 : 1
	State 8
		add_ln16_2 : 1
	State 9
		add_ln16_3 : 1
	State 10
		prod_addr : 1
		store_ln16 : 2


============================================================
+ Verbose Summary: Datapath Resource usage 
============================================================

* Functional unit list:
|----------|---------------------------|---------|---------|---------|
| Operation|      Functional Unit      |   DSP   |    FF   |   LUT   |
|----------|---------------------------|---------|---------|---------|
|          |      add_ln10_fu_233      |    0    |    0    |    11   |
|          |        empty_fu_272       |    0    |    0    |    13   |
|          |     add_ln16_6_fu_291     |    0    |    0    |    13   |
|          |     add_ln16_7_fu_302     |    0    |    0    |    13   |
|          |       empty_5_fu_321      |    0    |    0    |    13   |
|          |       empty_6_fu_326      |    0    |    0    |    13   |
|    add   |       empty_7_fu_331      |    0    |    0    |    13   |
|          |       empty_8_fu_341      |    0    |    0    |    13   |
|          |     add_ln16_4_fu_354     |    0    |    0    |    13   |
|          |     add_ln16_5_fu_365     |    0    |    0    |    13   |
|          |     add_ln16_8_fu_375     |    0    |    0    |    13   |
|          |          j_fu_405         |    0    |    0    |    11   |
|          |     add_ln10_1_fu_442     |    0    |    0    |    13   |
|          |     add_ln16_3_fu_473     |    0    |    0    |    23   |
|----------|---------------------------|---------|---------|---------|
|    mul   |      mul_ln16_fu_436      |    0    |    0    |    41   |
|          |     mul_ln16_4_fu_467     |    0    |    0    |    41   |
|----------|---------------------------|---------|---------|---------|
|   icmp   |      icmp_ln10_fu_379     |    0    |    0    |    13   |
|          |      icmp_ln12_fu_410     |    0    |    0    |    11   |
|----------|---------------------------|---------|---------|---------|
|  select  |     select_ln10_fu_242    |    0    |    0    |    3    |
|          |          i_fu_250         |    0    |    0    |    3    |
|----------|---------------------------|---------|---------|---------|
|          |         grp_fu_481        |    1    |    0    |    0    |
|  muladd  |         grp_fu_488        |    1    |    0    |    0    |
|          |         grp_fu_495        |    1    |    0    |    0    |
|----------|---------------------------|---------|---------|---------|
|          | select_ln10_1_cast_fu_256 |    0    |    0    |    0    |
|          |        p_shl_fu_268       |    0    |    0    |    0    |
|          |       p_cast6_fu_278      |    0    |    0    |    0    |
|          |      zext_ln16_fu_287     |    0    |    0    |    0    |
|          |     zext_ln16_4_fu_297    |    0    |    0    |    0    |
|          |     zext_ln16_5_fu_308    |    0    |    0    |    0    |
|          |       p_cast9_fu_336      |    0    |    0    |    0    |
|   zext   |      p_cast10_fu_346      |    0    |    0    |    0    |
|          |     zext_ln16_1_fu_351    |    0    |    0    |    0    |
|          |     zext_ln16_2_fu_360    |    0    |    0    |    0    |
|          |     zext_ln16_3_fu_370    |    0    |    0    |    0    |
|          |       p_cast7_fu_385      |    0    |    0    |    0    |
|          |       p_cast8_fu_389      |    0    |    0    |    0    |
|          |      zext_ln12_fu_397     |    0    |    0    |    0    |
|          |     zext_ln16_6_fu_477    |    0    |    0    |    0    |
|----------|---------------------------|---------|---------|---------|
|bitconcatenate|         tmp_fu_260        |    0    |    0    |    0    |
|----------|---------------------------|---------|---------|---------|
|   trunc  |       empty_4_fu_283      |    0    |    0    |    0    |
|----------|---------------------------|---------|---------|---------|
|          |       conv_4_fu_393       |    0    |    0    |    0    |
|          |     sext_ln16_4_fu_401    |    0    |    0    |    0    |
|          |        conv_fu_421        |    0    |    0    |    0    |
|          |       conv_3_fu_425       |    0    |    0    |    0    |
|   sext   |      sext_ln16_fu_429     |    0    |    0    |    0    |
|          |     sext_ln16_3_fu_433    |    0    |    0    |    0    |
|          |       conv_1_fu_452       |    0    |    0    |    0    |
|          |       conv_2_fu_456       |    0    |    0    |    0    |
|          |     sext_ln16_1_fu_460    |    0    |    0    |    0    |
|          |     sext_ln16_2_fu_464    |    0    |    0    |    0    |
|----------|---------------------------|---------|---------|---------|
|   Total  |                           |    3    |    0    |   300   |
|----------|---------------------------|---------|---------|---------|

Memories:
N/A

* Register list:
+----------------------------+--------+
|                            |   FF   |
+----------------------------+--------+
|      a_addr_1_reg_620      |    5   |
|      a_addr_2_reg_625      |    5   |
|      a_addr_3_reg_586      |    5   |
|      a_addr_4_reg_591      |    5   |
|       a_addr_reg_550       |    5   |
|      add_ln10_reg_529      |    3   |
|     add_ln16_1_reg_685     |   16   |
|     add_ln16_3_reg_695     |   16   |
|     add_ln16_8_reg_606     |    5   |
|      add_ln16_reg_690      |   16   |
|      b_addr_1_reg_596      |    5   |
|      b_addr_2_reg_601      |    5   |
|      b_addr_3_reg_561      |    5   |
|      b_addr_4_reg_566      |    5   |
|       b_addr_reg_635       |    5   |
|      b_load_2_reg_640      |    8   |
|      b_load_3_reg_611      |    8   |
|       conv_2_reg_670       |   16   |
|       conv_4_reg_630       |   16   |
|        conv_reg_655        |   16   |
|       empty_4_reg_541      |    5   |
|       empty_5_reg_576      |    5   |
|       empty_6_reg_581      |    5   |
|       i2_load_reg_524      |    3   |
|         i2_reg_510         |    3   |
|      icmp_ln10_reg_616     |    1   |
|     icmp_ln124_reg_191     |    1   |
|      icmp_ln12_reg_650     |    1   |
|indvar_flatten1_load_reg_571|    5   |
|   indvar_flatten1_reg_503  |    5   |
|         j3_reg_517         |    3   |
|     mul_ln16_4_reg_680     |   16   |
|      mul_ln16_reg_665      |   16   |
|           reg_202          |    8   |
|           reg_207          |    8   |
|           reg_211          |    8   |
|     select_ln10_reg_534    |    3   |
|     sext_ln16_2_reg_675    |   16   |
|     sext_ln16_4_reg_645    |   16   |
|      sext_ln16_reg_660     |   16   |
|      zext_ln16_reg_555     |    5   |
+----------------------------+--------+
|            Total           |   319  |
+----------------------------+--------+

* Multiplexer (MUX) list: 
|-------------------|------|------|------|--------||---------||---------||---------|
|        Comp       |  Pin | Size |  BW  | S x BW ||  Delay  ||    FF   ||   LUT   |
|-------------------|------|------|------|--------||---------||---------||---------|
|  grp_access_fu_87 |  p0  |   6  |   5  |   30   ||    0    ||    25   |
|  grp_access_fu_87 |  p2  |   4  |   0  |    0   ||    0    ||    17   |
| grp_access_fu_107 |  p0  |   6  |   5  |   30   ||    0    ||    25   |
| grp_access_fu_107 |  p2  |   4  |   0  |    0   ||    0    ||    17   |
|      reg_202      |  p0  |   2  |   8  |   16   ||    0    ||    9    |
|     grp_fu_481    |  p0  |   3  |   8  |   24   ||    0    ||    13   |
|     grp_fu_481    |  p1  |   2  |   8  |   16   ||    0    ||    9    |
|     grp_fu_488    |  p0  |   3  |   8  |   24   ||    0    ||    13   |
|     grp_fu_488    |  p1  |   2  |   8  |   16   ||    0    ||    9    |
|     grp_fu_495    |  p0  |   3  |   8  |   24   ||    0    ||    13   |
|     grp_fu_495    |  p1  |   2  |   8  |   16   ||    0    ||    9    |
|-------------------|------|------|------|--------||---------||---------||---------|
|       Total       |      |      |      |   196  || 11.5944 ||    0    ||   159   |
|-------------------|------|------|------|--------||---------||---------||---------|



* Summary:
+-----------+--------+--------+--------+--------+
|           |   DSP  |  Delay |   FF   |   LUT  |
+-----------+--------+--------+--------+--------+
|  Function |    3   |    -   |    0   |   300  |
|   Memory  |    -   |    -   |    -   |    -   |
|Multiplexer|    -   |   11   |    0   |   159  |
|  Register |    -   |    -   |   319  |    -   |
+-----------+--------+--------+--------+--------+
|   Total   |    3   |   11   |   319  |   459  |
+-----------+--------+--------+--------+--------+
